OBJECTID,ACCIDENTNUM,ACCIDENTDATE,ACCIDENT_YEAR,ACCIDENT_MONTH,ACCIDENT_DAY,ACCIDENT_HOUR,ACCIDENT_MINUTE,ACCIDENT_SECOND,ACCIDENT_WEEKDAY,XCOORD,YCOORD,LONGITUDE,LATITUDE,ACCIDENTLOCATION,COLLISIONTYPE,CLASSIFICATIONOFACCIDENT,IMPACTLOCATION,INITIALDIRECTIONOFTRAVELONE,INITIALDIRECTIONOFTRAVELTWO,INITIALIMPACTTYPE,INTTRAFFICCONTROL,LIGHT,LIGHTFORREPORT,ROADJURISDICTION,TRAFFICCONTROL,TRAFFICCONTROLCONDITION,THRULANENO,NORTHBOUNDDISOBEYCOUNT,SOUTHBOUNDDISOBEYCOUNT,PEDESTRIANINVOLVED,CYCLISTINVOLVED,MOTORCYCLISTINVOLVED,ENVIRONMENTCONDITION1,ENVIRONMENTCONDITION2,SELFREPORTED,XMLIMPORTNOTES,LASTEDITEDDATE,CREATE_BY,CREATE_DATE
47436,18-023590,1517256000000,2018,1,29,20,0,0,Monday,539976.65782,4806794.95073,-80.50622299999999,43.412983,Non intersection,2,P.D. only,Thru lane,unknown,unknown,SMV unattended vehicle,Unknown,"Dark, artificial","08 - Dark, artificial",Municipal (excl. Twp. Rd.),No control,unknown,0,0,0,False,False,False,Snow,,False,DINISON CRES; DINISON CRES ; Near,1/30/2020 11:54:59 AM,,
47437,18-023607,1517216700000,2018,1,29,9,5,0,Monday,541146.69795,4812894.49131,-80.491312,43.467839999999995,Non intersection,2,P.D. only,Thru lane,unknown,unknown,Sideswipe,Unknown,Daylight,01 - Daylight,Municipal (excl. Twp. Rd.),No control,unknown,0,0,0,False,False,False,Clear,,False,PRUETER AVE; PRUETER AVE,1/30/2020 11:54:58 AM,,
47438,18-023667,1517325420000,2018,1,30,15,17,0,Tuesday,540748.72706,4810740.33064,-80.496393,43.448465999999996,Non intersection,2,P.D. only,Thru lane,unknown,unknown,SMV other,Unknown,Daylight,01 - Daylight,unknown,No control,unknown,0,0,0,False,False,False,Clear,,False,WATER ST S; JUBILEE DR; 50 M,2/19/2019 2:08:45 PM,,
47439,18-023714,1517329500000,2018,1,30,16,25,0,Tuesday,541301.11012,4812435.03582,-80.48943799999999,43.463695,At intersection,1,Non-fatal injury,Within intersection,unknown,unknown,Turning movement,Unknown,Daylight,01 - Daylight,Municipal (excl. Twp. Rd.),Stop sign,Functioning,0,0,0,False,False,False,Clear,,False,ST LEGER ST; BLUCHER BLVD,1/30/2020 11:54:57 AM,,
47440,18-023744,1517331480000,2018,1,30,16,58,0,Tuesday,541859.20187,4808134.65783,-80.482869,43.424943,Non intersection,1,Non-fatal injury,Thru lane,unknown,unknown,Approaching,Unknown,Daylight,01 - Daylight,Municipal (excl. Twp. Rd.),No control,unknown,0,0,0,False,False,False,Clear,,False,ALPINE RD; FLINT DR ; 120 M,1/30/2020 11:54:56 AM,,
47441,18-023776,1517301360000,2018,1,30,8,36,0,Tuesday,539089.32197,4811088.06773,-80.516876,43.451685,At/near private drive,2,P.D. only,Thru lane,unknown,unknown,Rear end,Unknown,Daylight,01 - Daylight,Municipal (excl. Twp. Rd.),No control,unknown,0,0,0,False,False,False,Snow,,False,BELMONT AVE W; BELMONT AVE W; Near,1/30/2020 11:54:55 AM,,
47442,18-023781,1517299200000,2018,1,30,8,0,0,Tuesday,541160.58267,4811399.93709,-80.491253,43.454381999999995,Other,2,P.D. only,Off highway,unknown,unknown,SMV unattended vehicle,Unknown,"Dark, artificial","08 - Dark, artificial",Private property,No control,unknown,0,0,0,False,False,False,Snow,,False,DRIVEWAY; COLLEGE ST,1/30/2020 11:54:53 AM,,
47443,18-024117,1517387580000,2018,1,31,8,33,0,Wednesday,539317.20811,4810615.71257,-80.514093,43.44742,At intersection,2,P.D. only,Within intersection,unknown,unknown,Turning movement,Unknown,Daylight,01 - Daylight,Municipal (excl. Twp. Rd.),Traffic signal,Functioning,0,0,0,False,False,False,Snow,,False,BELMONT AVE W; GAGE AVE,1/30/2020 11:54:52 AM,,
47444,18-024266,1517400000000,2018,1,31,12,0,0,Wednesday,539573.67463,4811674.09896,-80.510847,43.456936,At/near private drive,2,P.D. only,Thru lane,unknown,unknown,Turning movement,Unknown,Daylight,01 - Daylight,Municipal (excl. Twp. Rd.),No control,unknown,0,0,0,False,False,False,Clear,,False,PARK ST; KING ST W; At; 1 M,1/30/2020 11:54:52 AM,,
47445,18-024835,1517466960000,2018,2,1,6,36,0,Thursday,544608.64399,4809095.00223,-80.448825,43.433431,At intersection,2,P.D. only,Within intersection,unknown,unknown,Angle,Unknown,Daylight,01 - Daylight,Municipal (excl. Twp. Rd.),Traffic signal,Functioning,0,0,0,False,False,False,Clear,,False,FRANKLIN ST S; KINGSWAY DR,1/30/2020 11:54:51 AM,,
47446,18-024947,1517477820000,2018,2,1,9,37,0,Thursday,542783.30718,4804146.91799,-80.47176499999999,43.388985,At intersection,2,P.D. only,Within intersection,unknown,unknown,Angle,Unknown,Daylight,01 - Daylight,Municipal (excl. Twp. Rd.),Stop sign,Functioning,0,0,0,False,False,False,Clear,,False,HURON RD ; NEWCASTLE DR,1/30/2020 11:54:50 AM,,
47447,18-025065,1517490120000,2018,2,1,13,2,0,Thursday,546637.51735,4811194.61856,-80.42357799999999,43.452211999999996,Non intersection,2,P.D. only,Thru lane,unknown,unknown,SMV unattended vehicle,Unknown,Daylight,01 - Daylight,Municipal (excl. Twp. Rd.),No control,unknown,0,0,0,False,False,False,Clear,,False,GREGG CRT; GREGG CRT ; Near,1/30/2020 11:54:49 AM,,
47448,18-025889,1517575500000,2018,2,2,12,45,0,Friday,546289.92786,4809512.35775,-80.428017,43.437087,At/near private drive,2,P.D. only,Thru lane,unknown,unknown,Sideswipe,Unknown,Daylight,01 - Daylight,Municipal (excl. Twp. Rd.),No control,unknown,0,0,0,False,False,False,Clear,,False,VERONICA DR; VERONICA DR; Near,1/30/2020 11:54:48 AM,,
47449,18-026704,1517668080000,2018,2,3,14,28,0,Saturday,539778.38232,4802993.08841,-80.508949,43.378761,Non intersection,2,P.D. only,Not on roadway - left side,unknown,unknown,SMV other,Unknown,Daylight,01 - Daylight,Regional municipality,No control,unknown,0,0,0,False,False,False,Drifting Snow,,False,HURON RD; HURON RD ; Near; 7 M,1/30/2020 11:54:47 AM,,
47450,18-026742,1517665500000,2018,2,3,13,45,0,Saturday,539776.12139,4805437.98797,-80.508799,43.400774999999996,At/near private drive,2,P.D. only,Thru lane,unknown,unknown,Other,Unknown,Daylight,01 - Daylight,Municipal (excl. Twp. Rd.),No control,unknown,0,0,0,False,False,False,Clear,,False,DONNENWERTH DR; DONNENWERTH DR ; At,1/30/2020 11:54:46 AM,,
47451,18-026750,1517672400000,2018,2,3,15,40,0,Saturday,545124.47353,4807655.80729,-80.442571,43.420442,At/near private drive,2,P.D. only,Thru lane,unknown,unknown,Turning movement,Unknown,Daylight,01 - Daylight,Regional municipality,No control,unknown,0,0,0,False,False,False,Snow,,False,WILSON AVE; FAIRWAY RD S; Near; 5 M,1/30/2020 11:54:45 AM,,
47452,18-027173,1517721180000,2018,2,4,5,13,0,Sunday,540746.18634,4808828.52156,-80.496567,43.431252,Intersection related,2,P.D. only,Not on roadway - right side,unknown,unknown,SMV other,Unknown,"Dark, artificial","08 - Dark, artificial",Regional municipality,Traffic signal,Functioning,0,0,0,False,False,False,Snow,,False,STIRLING AVE S; HOMER WATSON BLVD,1/30/2020 11:54:44 AM,,
47453,18-027236,1517733540000,2018,2,4,8,39,0,Sunday,545918.84725,4803941.21851,-80.43307,43.386947,At/near private drive,2,P.D. only,Not on roadway - right side,unknown,unknown,SMV other,Unknown,Daylight,01 - Daylight,Municipal (excl. Twp. Rd.),No control,unknown,0,0,0,False,False,False,Snow,,False,DOON MILLS DR; DOON MILLS DR ; 3 M,1/30/2020 11:54:44 AM,,
47454,18-027503,1517745600000,2018,2,4,12,0,0,Sunday,541068.0,4811108.0,0.0,0.0,At intersection,2,P.D. only,Within intersection,unknown,unknown,Angle,Unknown,Daylight,01 - Daylight,Municipal (excl. Twp. Rd.),Yield sign,Functioning,0,0,0,False,False,False,Snow,,False,SEABROOK DR; AMAND DR,1/30/2020 11:54:43 AM,,
47455,18-027580,1517768460000,2018,2,4,18,21,0,Sunday,539840.06525,4807422.41216,-80.507865,43.418639999999996,At/near private drive,2,P.D. only,Thru lane,unknown,unknown,Rear end,Unknown,Dark,07 - Dark,Municipal (excl. Twp. Rd.),No control,unknown,0,0,0,False,False,False,Snow,,False,WILLIAMSBURG RD; WILLIAMSBURG RD ; At; 1 M,1/30/2020 11:54:42 AM,,
47456,18-027987,1517760000000,2018,2,4,16,0,0,Sunday,547645.723,4805846.03788,-80.41158399999999,43.403991,Non intersection,2,P.D. only,Thru lane,unknown,unknown,SMV unattended vehicle,Unknown,Daylight,01 - Daylight,Regional municipality,No control,unknown,0,0,0,False,False,False,Snow,,False,DEER RIDGE DR; DEER RIDGE DR,1/30/2020 11:54:40 AM,,
47457,18-027994,1517741100000,2018,2,4,10,45,0,Sunday,542158.82914,4810192.68677,-80.47900899999999,43.443456999999995,At/near private drive,2,P.D. only,Thru lane,unknown,unknown,SMV unattended vehicle,Unknown,Daylight,01 - Daylight,Municipal (excl. Twp. Rd.),No control,unknown,0,0,0,False,False,False,Snow,,False,STIRLING AVE S; STIRLING AVE S,1/30/2020 11:54:39 AM,,
47458,18-028032,1517829960000,2018,2,5,11,26,0,Monday,542442.44329,4809146.03121,-80.475585,43.434017,At/near private drive,2,P.D. only,Thru lane,unknown,unknown,Turning movement,Unknown,Daylight,01 - Daylight,Municipal (excl. Twp. Rd.),No control,unknown,0,0,0,False,False,False,Clear,,False,MILL ST; MILL ST ; Near; 3 M,1/30/2020 11:54:38 AM,,
47459,18-028076,1517773500000,2018,2,4,19,45,0,Sunday,544435.79283,4807845.66743,-80.451062,43.422191999999995,Non intersection,2,P.D. only,Right shoulder,unknown,unknown,SMV unattended vehicle,Unknown,"Dark, artificial","08 - Dark, artificial",Municipal (excl. Twp. Rd.),No control,unknown,0,0,0,False,False,False,Clear,,False,BELWOOD CRES; BELWOOD CRES ; Near,1/30/2020 11:54:37 AM,,
47460,18-028103,1517832000000,2018,2,5,12,0,0,Monday,540825.91829,4811133.23074,-80.495409,43.451999,At/near private drive,2,P.D. only,Thru lane,unknown,unknown,Other,Unknown,Daylight,01 - Daylight,Regional municipality,No control,unknown,0,0,0,False,False,False,Clear,,False,KING ST W; KING ST W; Near,1/30/2020 11:54:36 AM,,
47461,18-028289,1517849760000,2018,2,5,16,56,0,Monday,543710.8449,4812432.82401,-80.45965,43.463538,Intersection related,1,Non-fatal injury,Thru lane,unknown,unknown,Rear end,Unknown,Daylight,01 - Daylight,Municipal (excl. Twp. Rd.),Stop sign,Functioning,0,0,0,False,False,False,Clear,,False,FREDERICK ST; TURNER AVE,1/30/2020 11:54:35 AM,,
47462,18-028297,1517847300000,2018,2,5,16,15,0,Monday,541954.52943,4815745.79981,-80.481106,43.493468,At intersection,2,P.D. only,Within intersection,unknown,unknown,Turning movement,Unknown,Daylight,01 - Daylight,Municipal (excl. Twp. Rd.),Yield sign,Functioning,0,0,0,False,False,False,Clear,,False,WOOLWICH ST ; CARRIAGE WAY,1/30/2020 11:54:34 AM,,
47463,18-028670,1517854200000,2018,2,5,18,10,0,Monday,541068.0,4811108.0,0.0,0.0,Other,2,P.D. only,Off highway,unknown,unknown,SMV other,Unknown,Dusk,05 - Dusk,Private property,No control,unknown,0,0,0,False,False,False,Snow,,False,GARAGE; CHERRYTREE CRT,1/30/2020 11:54:34 AM,,
47464,18-028693,1517904300000,2018,2,6,8,5,0,Tuesday,546231.18827,4810856.85546,-80.428629,43.449196,Intersection related,2,P.D. only,Thru lane,unknown,unknown,Rear end,Unknown,Daylight,01 - Daylight,Municipal (excl. Twp. Rd.),Stop sign,Functioning,0,0,0,False,False,False,Clear,,False,EDENBRIDGE DR; OLDFIELD DR,1/30/2020 11:54:33 AM,,
47465,18-028769,1517907600000,2018,2,6,9,0,0,Tuesday,539010.49477,4810300.14998,-80.517906,43.444595,At/near private drive,1,Non-fatal injury,Thru lane,unknown,unknown,Turning movement,Unknown,Daylight,01 - Daylight,Municipal (excl. Twp. Rd.),Traffic signal,Functioning,0,0,0,False,False,False,Clear,,False,BRYBECK CRES; BRYBECK CRES ; Near; 5 M,1/30/2020 11:54:31 AM,,
47466,18-028922,1517920980000,2018,2,6,12,43,0,Tuesday,542377.58692,4812456.01677,-80.476129,43.463823,At/near private drive,2,P.D. only,Off highway,unknown,unknown,SMV other,Unknown,Daylight,01 - Daylight,Municipal (excl. Twp. Rd.),No control,unknown,0,0,0,False,False,False,Clear,,False,WELLINGTON ST N; WELLINGTON ST N; At; 5 M,1/30/2020 11:54:31 AM,,
47467,18-029027,1517928420000,2018,2,6,14,47,0,Tuesday,541180.40796,4809390.88404,-80.49116,43.436291999999995,At intersection,1,Non-fatal injury,Within intersection,unknown,unknown,Angle,Unknown,Daylight,01 - Daylight,Municipal (excl. Twp. Rd.),Traffic signal,Functioning,0,1,0,False,False,False,Clear,,False,STIRLING AVE S; HIGHLAND RD E,1/30/2020 11:54:30 AM,,
47468,18-029118,1517931900000,2018,2,6,15,45,0,Tuesday,537039.77182,4807885.55565,-80.542424,43.422954,Intersection related,2,P.D. only,Off highway,unknown,unknown,Other,Unknown,Daylight,01 - Daylight,Regional municipality,Stop sign,Functioning,0,0,0,False,False,False,Clear,,False,ROLLING MEADOWS DR; WESTHEIGHTS DR,1/30/2020 11:54:29 AM,,
47469,18-029169,1517930100000,2018,2,6,15,15,0,Tuesday,543670.85023,4812366.45308,-80.46015,43.462942999999996,Non intersection,2,Non-reportable,Thru lane,unknown,unknown,Sideswipe,Unknown,Daylight,01 - Daylight,unknown,No control,unknown,0,0,0,False,False,False,Clear,,False,FREDERICK ST; RIVER RD E; Near; 150 M,2/19/2019 2:08:44 PM,,
47470,18-029320,1517955900000,2018,2,6,22,25,0,Tuesday,539905.47983,4809204.15628,-80.50692599999999,43.434678999999996,Non intersection,1,Non-fatal injury,Thru lane,unknown,unknown,Rear end,Unknown,Dark,07 - Dark,Municipal (excl. Twp. Rd.),No control,unknown,0,0,0,False,False,False,Clear,,False,QUEENS BLVD; QUEENS BLVD ; 15 M,1/30/2020 11:54:28 AM,,
47471,18-029612,1517996400000,2018,2,7,9,40,0,Wednesday,544318.15862,4803218.86557,-80.45289,43.380539999999996,Non intersection,2,P.D. only,Thru lane,unknown,unknown,Sideswipe,Unknown,Daylight,01 - Daylight,Municipal (excl. Twp. Rd.),No control,unknown,0,0,0,False,False,False,Snow,,False,CARYNDALE DR; CARYNDALE DR ; Near; 10 M,1/30/2020 11:54:27 AM,,
47472,18-029675,1518001080000,2018,2,7,10,58,0,Wednesday,537461.41935,4810321.66083,-80.537048,43.444868,Non intersection,2,P.D. only,Not on roadway - right side,unknown,unknown,SMV other,Unknown,Daylight,01 - Daylight,Regional municipality,No control,unknown,0,0,0,False,False,False,Snow,,False,GLASGOW ST; GLASGOW ST ; At; 10 M,1/30/2020 11:54:26 AM,,
47473,18-029679,1517992200000,2018,2,7,8,30,0,Wednesday,547311.42669,4811363.18402,-80.415235,43.453688,Non intersection,2,P.D. only,Not on roadway - right side,unknown,unknown,Sideswipe,Unknown,Daylight,01 - Daylight,Municipal (excl. Twp. Rd.),No control,unknown,0,0,0,False,False,False,Snow,,False,ZELLER DR ; ZELLER DR; 1 M,1/30/2020 11:54:25 AM,,
47474,18-029698,1518002400000,2018,2,7,11,20,0,Wednesday,539395.48242,4811531.0877,-80.51306,43.455658,At intersection,1,Non-fatal injury,Within intersection,unknown,unknown,Rear end,Unknown,Daylight,01 - Daylight,Municipal (excl. Twp. Rd.),Stop sign,Functioning,0,0,0,False,False,False,Snow,,False,PARK ST; WOOD ST,1/30/2020 11:54:25 AM,,
47475,18-029761,1518002400000,2018,2,7,11,20,0,Wednesday,539567.23494,4811427.66148,-80.510944,43.454718,Intersection related,2,P.D. only,Thru lane,unknown,unknown,Rear end,Unknown,Daylight,01 - Daylight,Municipal (excl. Twp. Rd.),Stop sign,Functioning,0,0,0,False,False,False,Snow,,False,PARK ST; GREEN ST,1/30/2020 11:54:23 AM,,
47476,18-029816,1518012000000,2018,2,7,14,0,0,Wednesday,540636.31961,4809446.76089,-80.497878,43.436825,At intersection,1,Non-fatal injury,Within intersection,unknown,unknown,Angle,Unknown,Daylight,01 - Daylight,Municipal (excl. Twp. Rd.),Stop sign,Functioning,0,1,0,False,False,False,Clear,,False,GLEN RD; PLEASANT AVE,1/30/2020 11:54:23 AM,,
47477,18-030072,1518025500000,2018,2,7,17,45,0,Wednesday,542813.87134,4808127.21628,-80.471076,43.424822,Intersection related,2,P.D. only,Thru lane,unknown,unknown,Rear end,Stop sign,Dusk,05 - Dusk,Regional municipality,Stop sign,Functioning,0,0,0,False,False,False,Clear,,False,HANSON AVE ; HAYWARD AVE,1/30/2020 11:54:22 AM,,
47478,18-030603,1518034500000,2018,2,7,20,15,0,Wednesday,543064.5985,4811190.1417,-80.467737,43.452386,At/near private drive,2,P.D. only,Thru lane,unknown,unknown,Sideswipe,Unknown,Dark,07 - Dark,Municipal (excl. Twp. Rd.),No control,unknown,0,0,0,False,False,False,Clear,,False,DUMFRIES AVE; FREDERICK ST ; At,1/30/2020 11:54:21 AM,,
47479,18-030898,1518112800000,2018,2,8,18,0,0,Thursday,546336.17969,4812404.65719,-80.4272,43.463125999999995,At/near private drive,2,P.D. only,Thru lane,unknown,unknown,SMV unattended vehicle,Unknown,"Dark, artificial","08 - Dark, artificial",Municipal (excl. Twp. Rd.),No control,unknown,0,0,0,False,False,False,Clear,,False,MISTY CRES; MISTY CRES; Near,1/30/2020 11:54:20 AM,,
47480,18-031401,1518180300000,2018,2,9,12,45,0,Friday,540415.2631,4810595.04257,-80.500525,43.447176,At intersection,1,Non-fatal injury,Within intersection,unknown,unknown,Approaching,Unknown,Daylight,01 - Daylight,Municipal (excl. Twp. Rd.),Stop sign,Functioning,0,0,0,False,False,False,Snow,,False,PARK ST ; JUBILEE DR,1/30/2020 11:54:19 AM,,
47481,18-031477,1518185400000,2018,2,9,14,10,0,Friday,545168.72326,4808152.83892,-80.441983,43.424914,At/near private drive,1,Non-fatal injury,Thru lane,unknown,unknown,Rear end,Unknown,Daylight,01 - Daylight,Municipal (excl. Twp. Rd.),No control,unknown,0,0,0,False,False,False,Snow,,False,GREENFIELD AVE; GREENFIELD AVE ; At,1/30/2020 11:54:18 AM,,
47482,18-031499,1517911200000,2018,2,6,10,0,0,Tuesday,540089.59984,4805878.35182,-80.504896,43.404723999999995,Non intersection,2,P.D. only,Thru lane,unknown,unknown,SMV unattended vehicle,Unknown,Daylight,01 - Daylight,Municipal (excl. Twp. Rd.),No control,unknown,0,0,0,False,False,False,Clear,,False,DUBRICK CRES; DUBRICK CRES; Near,1/30/2020 11:54:17 AM,,
47483,18-031552,1518102000000,2018,2,8,15,0,0,Thursday,545167.77279,4806663.10651,-80.442118,43.411501,At/near private drive,2,P.D. only,Off highway,unknown,unknown,SMV other,Unknown,Daylight,01 - Daylight,Regional municipality,No control,unknown,0,0,0,False,False,False,Clear,,False,WILSON AVE; WILSON AVE,1/30/2020 11:54:16 AM,,
47484,18-031613,1518196620000,2018,2,9,17,17,0,Friday,549485.81814,4806209.86625,-80.38882799999999,43.407146999999995,At intersection,2,P.D. only,Thru lane,unknown,unknown,Sideswipe,Unknown,Daylight,01 - Daylight,Municipal (excl. Twp. Rd.),Traffic signal,Functioning,0,0,0,False,False,False,Clear,,False,GATEWAY PARK DR ; TU LANE ST ; 20 M,1/30/2020 11:54:15 AM,,
47485,18-031633,1518193800000,2018,2,9,16,30,0,Friday,542873.16243,4813047.26253,-80.469957,43.469119,At/near private drive,2,P.D. only,Thru lane,unknown,unknown,Turning movement,Unknown,Daylight,01 - Daylight,Municipal (excl. Twp. Rd.),No control,unknown,0,0,0,False,False,False,Snow,,False,RIVERBEND DR; RIVERBEND DR,1/30/2020 11:54:14 AM,,
47486,18-031698,1518191400000,2018,2,9,15,50,0,Friday,546329.39068,4804138.84339,-80.42798499999999,43.388701999999995,At/near private drive,2,P.D. only,Thru lane,unknown,unknown,Turning movement,Unknown,Daylight,01 - Daylight,Municipal (excl. Twp. Rd.),No control,unknown,0,0,0,False,False,False,Snow,,False,DOON VILLAGE RD; DOON VILLAGE RD,1/30/2020 11:54:13 AM,,
47487,18-032135,1518195900000,2018,2,9,17,5,0,Friday,544887.58327,4804846.51293,-80.445728,43.395160999999995,At intersection,2,P.D. only,Within intersection,unknown,unknown,Sideswipe,Unknown,Daylight,01 - Daylight,Municipal (excl. Twp. Rd.),Traffic signal,Functioning,0,0,0,False,False,False,Snow,,False,DOON VILLAGE RD; PIONEER DR,1/30/2020 11:54:12 AM,,
47488,18-032140,1518197400000,2018,2,9,17,30,0,Friday,541048.8133,4808404.58342,-80.49286,43.427417999999996,At/near private drive,2,P.D. only,Off highway,unknown,unknown,SMV unattended vehicle,Unknown,Daylight,01 - Daylight,Municipal (excl. Twp. Rd.),No control,unknown,0,0,0,False,False,False,Snow,,False,YAGER AVE; YAGER AVE,1/30/2020 11:54:11 AM,,
47489,18-032246,1517663820000,2018,2,3,13,17,0,Saturday,542525.51324,4815951.8299,-80.47402799999999,43.495290999999995,At/near private drive,2,P.D. only,Thru lane,unknown,unknown,Turning movement,Unknown,Daylight,01 - Daylight,Municipal (excl. Twp. Rd.),No control,unknown,0,0,0,False,False,False,Clear,,False,FALCONRIDGE DR; FALCONRIDGE DR,1/30/2020 11:54:10 AM,,
47490,18-032285,1518202800000,2018,2,9,19,0,0,Friday,538680.85382,4809203.1128,-80.522058,43.434734,At/near private drive,2,P.D. only,Thru lane,unknown,unknown,SMV unattended vehicle,Unknown,"Dark, artificial","08 - Dark, artificial",Municipal (excl. Twp. Rd.),No control,unknown,0,0,0,False,False,False,Snow,,False,WYCLIFFE PL; WYCLIFFE PL ; Near,1/30/2020 11:54:09 AM,,
47491,18-032339,1518268500000,2018,2,10,13,15,0,Saturday,544723.05808,4810064.71691,-80.447332,43.442156,Non intersection,2,P.D. only,Thru lane,unknown,unknown,Sideswipe,Unknown,Daylight,01 - Daylight,Regional municipality,No control,unknown,0,0,0,False,False,False,Snow,,False,FRANKLIN ST N; ROSS AVE; Near; 200 M,1/30/2020 11:54:08 AM,,
47492,18-032356,1518210000000,2018,2,9,21,0,0,Friday,536449.59158,4809714.40835,-80.54959199999999,43.43945,At/near private drive,2,P.D. only,Thru lane,unknown,unknown,SMV unattended vehicle,Unknown,"Dark, artificial","08 - Dark, artificial",Municipal (excl. Twp. Rd.),No control,unknown,0,0,0,False,False,False,Snow,,False,NORTHMANOR CRES; NORTHMANOR CRES,1/30/2020 11:54:07 AM,,
47493,18-032413,1518271800000,2018,2,10,14,10,0,Saturday,539436.33728,4811286.0517,-80.512573,43.45345,Non intersection,2,P.D. only,Thru lane,unknown,unknown,Rear end,Unknown,Daylight,01 - Daylight,Municipal (excl. Twp. Rd.),No control,unknown,0,0,0,False,False,False,Snow,,False,PARK ST; GLASGOW ST; Near; 200 M,1/30/2020 11:54:06 AM,,
47494,18-032441,1518280320000,2018,2,10,16,32,0,Saturday,539195.5746,4810389.86199,-80.515613,43.445392999999996,Non intersection,2,P.D. only,Right shoulder,unknown,unknown,SMV other,Unknown,Daylight,01 - Daylight,Municipal (excl. Twp. Rd.),No control,unknown,0,0,0,False,False,False,Snow,,False,BRYBECK CRES; BRYBECK CRES ; Near; 25 M,1/30/2020 11:54:05 AM,,
47495,18-032454,1518206400000,2018,2,9,20,0,0,Friday,541634.95766,4810429.46693,-80.485464,43.445617999999996,At/near private drive,2,P.D. only,Off highway,unknown,unknown,SMV unattended vehicle,Unknown,"Dark, artificial","08 - Dark, artificial",Private property,No control,unknown,0,0,0,False,False,False,Snow,,False,CEDAR ST S; CHURCH ST ; At; 0 M,1/30/2020 11:54:04 AM,,
47496,18-032840,1518327600000,2018,2,11,5,40,0,Sunday,545213.89347,4810450.25256,-80.44123499999999,43.445598,Non intersection,1,Non-fatal injury,Off highway,unknown,unknown,SMV other,Unknown,Dark,07 - Dark,Municipal (excl. Twp. Rd.),No control,unknown,0,0,0,False,False,False,Clear,,False,RIVER RD E; BRADLEY DR; 18 M,1/30/2020 11:54:03 AM,,
47497,18-032979,1518269400000,2018,2,10,13,30,0,Saturday,540149.4636,4809558.60904,-80.503886,43.437858,At intersection,2,P.D. only,Within intersection,unknown,unknown,Angle,Unknown,Daylight,01 - Daylight,Municipal (excl. Twp. Rd.),Stop sign,Functioning,0,0,0,False,False,False,Snow,,False,NORTH DR; SPADINA RD W,1/30/2020 11:54:02 AM,,
47498,18-033026,1518298200000,2018,2,10,21,30,0,Saturday,544910.2233,4802973.49582,-80.445602,43.378295,At/near private drive,2,P.D. only,Right shoulder,unknown,unknown,SMV unattended vehicle,Unknown,"Dark, artificial","08 - Dark, artificial",Municipal (excl. Twp. Rd.),No control,unknown,0,0,0,False,False,False,Snow,,False,ROBERT FERRIE DR; ROBERT FERRIE DR,1/30/2020 11:54:01 AM,,
47499,18-033073,1518356100000,2018,2,11,13,35,0,Sunday,543888.956,4810919.11094,-80.45756999999999,43.449898,Non intersection,2,P.D. only,Right shoulder,unknown,unknown,SMV other,Unknown,Daylight,01 - Daylight,Municipal (excl. Twp. Rd.),No control,unknown,0,0,0,False,False,False,Freezing Rain,,False,MANCHESTER RD; MANCHESTER RD ; 10 M,1/30/2020 11:54:00 AM,,
47500,18-033251,1518348600000,2018,2,11,11,30,0,Sunday,538977.40405,4807792.93682,-80.51849399999999,43.422021,At/near private drive,2,Non-reportable,Thru lane,unknown,unknown,SMV unattended vehicle,Unknown,Daylight,01 - Daylight,Municipal (excl. Twp. Rd.),No control,unknown,0,0,0,False,False,False,Freezing Rain,,False,FOREST GLEN CRES; FOREST GLEN CRES ; At; 4 M,1/30/2020 11:54:00 AM,,
47501,18-033528,1518417000000,2018,2,12,6,30,0,Monday,543800.95236,4810954.2516,-80.458655,43.450219999999995,Non intersection,2,P.D. only,Not on roadway - left side,unknown,unknown,SMV other,Unknown,"Dawn, artificial","04 - Dawn, artificial",Municipal (excl. Twp. Rd.),No control,unknown,0,0,0,False,False,False,Clear,,False,LYNDHURST DR; DEERFIELD AVE ; Near; 30 M,1/30/2020 11:53:59 AM,,
47502,18-033917,1518283800000,2018,2,10,17,30,0,Saturday,545151.78253,4812813.0563,-80.441807,43.466876,Non intersection,2,P.D. only,Thru lane,unknown,unknown,SMV unattended vehicle,Unknown,Daylight,01 - Daylight,Municipal (excl. Twp. Rd.),No control,unknown,0,0,0,False,False,False,Clear,,False,GEORGIAN CRES; GEORGIAN CRES ; Near,1/30/2020 11:53:58 AM,,
47503,18-033985,1518451200000,2018,2,12,16,0,0,Monday,545273.25447,4806433.28212,-80.440834,43.409425,At intersection,2,P.D. only,Within intersection,unknown,unknown,Angle,Stop sign,Daylight,01 - Daylight,Municipal (excl. Twp. Rd.),Stop sign,Functioning,0,0,0,False,False,False,Clear,,False,WILSON AVE; WABANAKI DR,1/30/2020 11:53:57 AM,,