OBJECTID,ACCIDENTNUM,ACCIDENTDATE,ACCIDENT_YEAR,ACCIDENT_MONTH,ACCIDENT_DAY,ACCIDENT_HOUR,ACCIDENT_MINUTE,ACCIDENT_SECOND,ACCIDENT_WEEKDAY,XCOORD,YCOORD,LONGITUDE,LATITUDE,ACCIDENTLOCATION,COLLISIONTYPE,CLASSIFICATIONOFACCIDENT,IMPACTLOCATION,INITIALDIRECTIONOFTRAVELONE,INITIALDIRECTIONOFTRAVELTWO,INITIALIMPACTTYPE,INTTRAFFICCONTROL,LIGHT,LIGHTFORREPORT,ROADJURISDICTION,TRAFFICCONTROL,TRAFFICCONTROLCONDITION,THRULANENO,NORTHBOUNDDISOBEYCOUNT,SOUTHBOUNDDISOBEYCOUNT,PEDESTRIANINVOLVED,CYCLISTINVOLVED,MOTORCYCLISTINVOLVED,ENVIRONMENTCONDITION1,ENVIRONMENTCONDITION2,SELFREPORTED,XMLIMPORTNOTES,LASTEDITEDDATE,CREATE_BY,CREATE_DATE
48047,18-182684,1533585600000,2018,8,6,20,0,0,Monday,541068.0,4811108.0,0.0,0.0,At/near private drive,2,P.D. only,Off highway,unknown,unknown,SMV unattended vehicle,Unknown,"Dark, artificial","08 - Dark, artificial",Municipal (excl. Twp. Rd.),No control,unknown,0,0,0,False,False,False,Clear,,False,SHADY GLEN CRES; SHADY GLEN CRES,1/30/2020 11:45:28 AM,,
48048,18-182929,1533850980000,2018,8,9,21,43,0,Thursday,543531.42395,4804932.74309,-80.46246599999999,43.396017,At/near private drive,2,P.D. only,Thru lane,unknown,unknown,Turning movement,Unknown,"Dark, artificial","08 - Dark, artificial",Regional municipality,No control,unknown,0,0,0,False,False,False,Clear,,False,HURON RD ; BATTLER RD; Near; 40 M,1/30/2020 11:45:27 AM,,
48049,18-184024,1533943200000,2018,8,10,23,20,0,Friday,546075.83232,4804434.15336,-80.43109,43.391376,Non intersection,2,P.D. only,Thru lane,unknown,unknown,Rear end,Unknown,Dark,07 - Dark,Regional municipality,No control,unknown,0,0,0,False,False,False,Clear,,False,OLD CARRIAGE DR; OLD CARRIAGE DR,1/30/2020 11:45:26 AM,,
48050,18-184919,1534008600000,2018,8,11,17,30,0,Saturday,542508.68697,4810635.05926,-80.474651,43.44742,Non intersection,2,P.D. only,Thru lane,unknown,unknown,SMV unattended vehicle,Unknown,Daylight,01 - Daylight,Municipal (excl. Twp. Rd.),No control,unknown,0,0,0,False,False,False,Clear,,False,STIRLING AVE N; SAMUEL ST,1/30/2020 11:45:25 AM,,
48051,18-186083,1534069800000,2018,8,12,10,30,0,Sunday,539109.18036,4811299.80255,-80.516615,43.453590999999996,At/near private drive,2,P.D. only,Thru lane,unknown,unknown,SMV unattended vehicle,Unknown,Daylight,01 - Daylight,Municipal (excl. Twp. Rd.),No control,unknown,0,0,0,False,False,False,Clear,,False,EDEN AVE ; WOOD ST ; Near; 5 M,1/30/2020 11:45:24 AM,,
48052,18-186628,1534245300000,2018,8,14,11,15,0,Tuesday,544239.30719,4809071.58647,-80.45339,43.433242,At/near private drive,2,P.D. only,Thru lane,unknown,unknown,SMV unattended vehicle,Unknown,Daylight,01 - Daylight,Municipal (excl. Twp. Rd.),No control,unknown,0,0,0,False,False,False,Clear,,False,FOURTH AVE; FOURTH AVE; At; 0 M,1/30/2020 11:45:23 AM,,
48053,18-186769,1534265400000,2018,8,14,16,50,0,Tuesday,540717.89942,4809861.20434,-80.496839,43.440552,At/near private drive,2,P.D. only,Thru lane,unknown,unknown,Rear end,Unknown,Daylight,01 - Daylight,Municipal (excl. Twp. Rd.),No control,unknown,0,0,0,False,False,False,Clear,,False,HIGHLAND RD E; HIGHLAND RD E; At; 5 M,1/30/2020 11:45:22 AM,,
48054,18-186781,1534266360000,2018,8,14,17,6,0,Tuesday,545497.52677,4803417.95305,-80.438315,43.382262,Non intersection,2,P.D. only,Thru lane,unknown,unknown,SMV unattended vehicle,Unknown,Daylight,01 - Daylight,Municipal (excl. Twp. Rd.),No control,unknown,0,0,0,False,False,False,Clear,,False,RIDGEMERE CRT; RIDGEMERE CRT ; 2 M,1/30/2020 11:45:21 AM,,
48055,18-186905,1534271400000,2018,8,14,18,30,0,Tuesday,545409.07426,4810966.59994,-80.43878,43.450235,Non intersection,2,P.D. only,Thru lane,unknown,unknown,SMV unattended vehicle,Unknown,Daylight,01 - Daylight,Municipal (excl. Twp. Rd.),No control,unknown,0,0,0,False,False,False,Clear,,False,OLD CHICOPEE DR; OLD CHICOPEE DR,1/30/2020 11:45:20 AM,,
48056,18-187187,1534318260000,2018,8,15,7,31,0,Wednesday,541068.0,4811108.0,0.0,0.0,At intersection,1,Non-fatal injury,Within intersection,unknown,unknown,Angle,Unknown,Daylight,01 - Daylight,Municipal (excl. Twp. Rd.),Stop sign,Functioning,0,0,0,False,True,False,Clear,,False,AHRENS ST W; WILHELM ST,1/30/2020 11:45:19 AM,,
48057,18-187247,1534323900000,2018,8,15,9,5,0,Wednesday,541556.3391,4811279.58453,-80.48637099999999,43.453277,Intersection related,2,P.D. only,Thru lane,unknown,unknown,Rear end,Unknown,Daylight,01 - Daylight,Municipal (excl. Twp. Rd.),Stop sign,Functioning,0,0,0,False,False,False,Clear,,False,QUEEN ST N; AHRENS ST E; At,1/30/2020 11:45:18 AM,,
48058,18-187559,1534347600000,2018,8,15,15,40,0,Wednesday,543971.86817,4808381.02984,-80.45675,43.42704,Non intersection,2,P.D. only,Thru lane,unknown,unknown,SMV unattended vehicle,Unknown,Dark,07 - Dark,Municipal (excl. Twp. Rd.),No control,unknown,0,0,0,False,False,False,Clear,,False,CLARK AVE; CLARK AVE ; At; 1 M,1/30/2020 11:45:17 AM,,
48059,18-187672,1534345200000,2018,8,15,15,0,0,Wednesday,541520.20703,4810518.87948,-80.486875,43.446428999999995,At/near private drive,2,P.D. only,Thru lane,unknown,unknown,SMV unattended vehicle,Unknown,Daylight,01 - Daylight,Municipal (excl. Twp. Rd.),No control,unknown,0,0,0,False,False,False,Clear,,False,CHURCH ST ; CHURCH ST ; Near; 10 M,1/30/2020 11:45:16 AM,,
48060,18-187704,1534358880000,2018,8,15,18,48,0,Wednesday,540830.03498,4805934.89493,-80.495747,43.405193,Non intersection,2,P.D. only,Thru lane,unknown,unknown,SMV unattended vehicle,Unknown,Daylight,01 - Daylight,Municipal (excl. Twp. Rd.),No control,unknown,0,0,0,False,False,False,Clear,,False,ERINBROOK DR; ERINBROOK DR ; 2 M,1/30/2020 11:45:15 AM,,
48061,18-187733,1534352400000,2018,8,15,17,0,0,Wednesday,541904.78745,4810551.39463,-80.48212,43.446701,Intersection related,2,P.D. only,Thru lane,unknown,unknown,Rear end,Unknown,Daylight,01 - Daylight,Regional municipality,Stop sign,Functioning,0,0,0,False,False,False,Clear,,False,KING ST E; MADISON AVE N; At,1/30/2020 11:45:14 AM,,
48062,18-188337,1534426980000,2018,8,16,13,43,0,Thursday,545277.00007,4806433.55879,-80.440788,43.409428,At intersection,1,Non-fatal injury,Within intersection,unknown,unknown,Angle,Stop sign,Daylight,01 - Daylight,Municipal (excl. Twp. Rd.),Stop sign,Functioning,0,0,0,False,False,False,Clear,,False,WILSON AVE; WABANAKI DR,1/30/2020 11:45:13 AM,,
48063,18-188405,1534432680000,2018,8,16,15,18,0,Thursday,545103.02701,4807724.86611,-80.44283,43.421065,At/near private drive,2,P.D. only,Thru lane,unknown,unknown,Turning movement,Unknown,Daylight,01 - Daylight,Municipal (excl. Twp. Rd.),No control,unknown,0,0,0,False,False,False,Clear,,False,WILSON AVE ; FAIRWAY RD S; At; 5 M,1/30/2020 11:45:12 AM,,
48064,18-188429,1534434900000,2018,8,16,15,55,0,Thursday,545011.53484,4810924.03692,-80.443696,43.449875999999996,At/near private drive,2,P.D. only,Thru lane,unknown,unknown,Turning movement,Unknown,Daylight,01 - Daylight,unknown,No control,unknown,0,0,0,False,False,False,Rain,,False,RIVER RD E; OTTAWA ST N; 30 M,2/19/2019 2:08:25 PM,,
48065,18-188963,1534240620000,2018,8,14,9,57,0,Tuesday,539132.80015,4810999.24018,-80.516345,43.450883,Non intersection,2,P.D. only,Thru lane,unknown,unknown,Sideswipe,Unknown,Daylight,01 - Daylight,Municipal (excl. Twp. Rd.),No control,unknown,0,0,0,False,False,False,Clear,,False,BELMONT AVE W; BELMONT AVE W; Near,1/30/2020 11:45:11 AM,,
48066,18-189021,1534497900000,2018,8,17,9,25,0,Friday,541223.42034,4811867.4909,-80.49044099999999,43.458588999999996,Intersection related,2,P.D. only,Thru lane,unknown,unknown,Rear end,Unknown,Daylight,01 - Daylight,Municipal (excl. Twp. Rd.),Traffic signal,Functioning,0,0,0,False,False,False,Clear,,False,WELLINGTON ST N; MARGARET AVE,1/30/2020 11:45:10 AM,,
48067,18-189924,1534582800000,2018,8,18,9,0,0,Saturday,539318.74958,4805907.17175,-80.51441299999999,43.405024,Non intersection,2,P.D. only,Thru lane,unknown,unknown,SMV unattended vehicle,Unknown,Daylight,01 - Daylight,Municipal (excl. Twp. Rd.),No control,unknown,0,0,0,False,False,False,Clear,,False,MOUNTAIN LAUREL CRES; MOUNTAIN LAUREL CRES,1/30/2020 11:45:09 AM,,
48068,18-190081,1534595400000,2018,8,18,12,30,0,Saturday,545165.95762,4810925.60626,-80.441788,43.449881,Non intersection,2,P.D. only,Thru lane,unknown,unknown,SMV unattended vehicle,Unknown,Daylight,01 - Daylight,Municipal (excl. Twp. Rd.),No control,unknown,0,0,0,False,False,False,Clear,,False,HOLBORN CRT; HOLBORN CRT ; Near,1/30/2020 11:45:08 AM,,
48069,18-190139,1534610520000,2018,8,18,16,42,0,Saturday,549194.51826,4806304.82178,-80.392417,43.408021999999995,Non intersection,1,Non-fatal injury,Thru lane,unknown,unknown,Turning movement,Unknown,Daylight,01 - Daylight,Municipal (excl. Twp. Rd.),No control,unknown,0,0,0,False,False,False,Clear,,False,GATEWAY PARK DR; GATEWAY PARK DR ; At; 5 M,1/30/2020 11:45:07 AM,,
48070,18-190866,1534685460000,2018,8,19,13,31,0,Sunday,545978.48886,4805451.0491,-80.43220699999999,43.400538,At intersection,2,P.D. only,Within intersection,unknown,unknown,Turning movement,Unknown,Daylight,01 - Daylight,Municipal (excl. Twp. Rd.),Stop sign,Functioning,0,0,0,False,False,False,Clear,,False,MILL PARK DR ; GREEN VALLEY DR ; 1.5 M,1/30/2020 11:45:06 AM,,
48071,18-190902,1534689000000,2018,8,19,14,30,0,Sunday,544430.22095,4808446.14469,-80.451082,43.427600000000005,Non intersection,2,P.D. only,Right shoulder,unknown,unknown,SMV unattended vehicle,Unknown,Daylight,01 - Daylight,Municipal (excl. Twp. Rd.),No control,unknown,0,0,0,False,False,False,Clear,,False,EIGHTH AVE; GREENFIELD AVE; At; 20 M,1/30/2020 11:45:05 AM,,
48072,18-191060,1534704840000,2018,8,19,18,54,0,Sunday,547170.76593,4809647.73397,-80.41712199999999,43.438251,At intersection,1,Non-fatal injury,Within intersection,unknown,unknown,Turning movement,Unknown,Daylight,01 - Daylight,Municipal (excl. Twp. Rd.),Stop sign,Functioning,0,0,0,False,False,False,Clear,,False,SIMS ESTATE DR; DESMOND ST,1/30/2020 11:45:04 AM,,
48073,18-191631,1534675800000,2018,8,19,10,50,0,Sunday,542624.21187,4810599.74594,-80.473226,43.447095999999995,At/near private drive,2,P.D. only,Thru lane,unknown,unknown,SMV unattended vehicle,Unknown,Daylight,01 - Daylight,Municipal (excl. Twp. Rd.),No control,unknown,0,0,0,False,False,False,Clear,,False,SIMEON ST; SIMEON ST ; Near,1/30/2020 11:45:03 AM,,
48074,18-191640,1534773960000,2018,8,20,14,6,0,Monday,541872.82007,4810743.30064,-80.482501,43.448429999999995,At intersection,2,P.D. only,Within intersection,unknown,unknown,Angle,Unknown,Daylight,01 - Daylight,Municipal (excl. Twp. Rd.),Stop sign,Functioning,0,0,0,False,False,False,Clear,,False,DUKE ST E; CEDAR ST N,1/30/2020 11:45:02 AM,,
48075,18-191762,1534013400000,2018,8,11,18,50,0,Saturday,543206.56228,4811716.70417,-80.465941,43.457119,Non intersection,2,Non-reportable,Thru lane,unknown,unknown,SMV unattended vehicle,Unknown,Daylight,01 - Daylight,Municipal (excl. Twp. Rd.),No control,unknown,0,0,0,False,False,False,Clear,,False,BRUCE ST; BRUCE ST ; At,1/30/2020 11:45:01 AM,,
48076,18-191785,1534669200000,2018,8,19,9,0,0,Sunday,539176.80725,4810268.78206,-80.51585299999999,43.444303999999995,At/near private drive,2,P.D. only,Thru lane,unknown,unknown,SMV unattended vehicle,Unknown,Daylight,01 - Daylight,Municipal (excl. Twp. Rd.),No control,unknown,0,0,0,False,False,False,Clear,,False,KARN ST; KARN ST ; At,1/30/2020 11:45:00 AM,,
48077,18-192131,1534831860000,2018,8,21,6,11,0,Tuesday,539112.83013,4811654.24294,-80.516545,43.456782,At intersection,1,Non-fatal injury,Within intersection,unknown,unknown,Angle,Unknown,Daylight,01 - Daylight,Municipal (excl. Twp. Rd.),Traffic signal,Functioning,0,1,0,False,False,False,Rain,,False,PARK ST; UNION BLVD,1/30/2020 11:44:59 AM,,
48078,18-192397,1534860540000,2018,8,21,14,9,0,Tuesday,544541.72672,4807591.08766,-80.44977399999999,43.419894,At/near private drive,2,P.D. only,Thru lane,unknown,unknown,Rear end,Unknown,Daylight,01 - Daylight,Municipal (excl. Twp. Rd.),No control,unknown,0,0,0,False,False,False,Rain,,False,WABANAKI DR; WABANAKI DR ; Near; 10 M,1/30/2020 11:44:59 AM,,
48079,18-192450,1534532400000,2018,8,17,19,0,0,Friday,540586.06204,4810081.89107,-80.498452,43.442546,Non intersection,2,P.D. only,Thru lane,unknown,unknown,SMV unattended vehicle,Unknown,Daylight,01 - Daylight,Municipal (excl. Twp. Rd.),No control,unknown,0,0,0,False,False,False,Clear,,False,HOMEWOOD AVE; HOMEWOOD AVE ; Near,1/30/2020 11:44:58 AM,,
48080,18-192477,1534865400000,2018,8,21,15,30,0,Tuesday,549249.71539,4806063.15079,-80.391757,43.405842,Non intersection,2,P.D. only,Thru lane,unknown,unknown,Rear end,Unknown,Daylight,01 - Daylight,Regional municipality,Traffic signal,Functioning,0,0,0,False,False,False,Clear,,False,KING ST E;  KING ST ; Near,1/30/2020 11:44:57 AM,,
48081,18-192590,1534875720000,2018,8,21,18,22,0,Tuesday,543568.18257,4804978.5339,-80.462008,43.396428,At intersection,2,P.D. only,Within intersection,unknown,unknown,Angle,Unknown,Daylight,01 - Daylight,Regional municipality,Traffic signal,Functioning,0,0,1,False,False,False,Clear,,False,BATTLER RD; HURON RD,1/30/2020 11:44:56 AM,,
48082,18-192966,1534926180000,2018,8,22,8,23,0,Wednesday,543922.06524,4805130.15228,-80.457627,43.397771999999996,Intersection related,1,Non-fatal injury,Thru lane,unknown,unknown,Turning movement,Unknown,Daylight,01 - Daylight,Municipal (excl. Twp. Rd.),Yield sign,Functioning,0,0,0,False,False,False,Rain,,False,HURON RD ; OLD HURON RD ; 30 M,1/30/2020 11:44:55 AM,,
48083,18-193070,1534766400000,2018,8,20,12,0,0,Monday,541563.69713,4810761.70276,-80.486319,43.448612999999995,Non intersection,2,P.D. only,Off highway,unknown,unknown,SMV unattended vehicle,Unknown,Daylight,01 - Daylight,Regional municipality,No control,unknown,0,0,0,False,False,False,Clear,,False,KING ST E; SCOTT ST; Near; 20 M,1/30/2020 11:44:54 AM,,
48084,18-193165,1534942860000,2018,8,22,13,1,0,Wednesday,540706.60604,4812613.26718,-80.496774,43.465332,Non intersection,1,Non-fatal injury,Thru lane,unknown,unknown,SMV other,Unknown,Daylight,01 - Daylight,unknown,No control,unknown,0,0,0,True,False,False,Rain,,False,MARGARET AVE; MARGARET AVE ; 30 M,2/19/2019 2:08:24 PM,,
48085,18-193426,1534965780000,2018,8,22,19,23,0,Wednesday,544035.58962,4804262.90745,-80.456295,43.389956999999995,Intersection related,2,P.D. only,Thru lane,unknown,unknown,Turning movement,Unknown,Daylight,01 - Daylight,Municipal (excl. Twp. Rd.),No control,unknown,0,0,0,False,False,False,Clear,,False,BIEHN DR; MITTON PL ; At,1/30/2020 11:44:53 AM,,
48086,18-193835,1534939200000,2018,8,22,12,0,0,Wednesday,543054.71207,4804366.84526,-80.468397,43.39095,Non intersection,2,P.D. only,Thru lane,unknown,unknown,Sideswipe,Unknown,Daylight,01 - Daylight,Municipal (excl. Twp. Rd.),No control,unknown,0,0,0,False,False,False,Clear,,False,STRASBURG RD; HURON RD; Near; 200 M,1/30/2020 11:44:52 AM,,
48087,18-193893,1535027040000,2018,8,23,12,24,0,Thursday,541068.0,4811108.0,0.0,0.0,Non intersection,2,P.D. only,Thru lane,unknown,unknown,SMV unattended vehicle,Unknown,Daylight,01 - Daylight,Municipal (excl. Twp. Rd.),No control,unknown,0,0,0,False,False,False,Clear,,False,LUDOLPH ST ; WEST OAK TRAIL ; 30 M,1/30/2020 11:44:51 AM,,
48088,18-194140,1535044920000,2018,8,23,17,22,0,Thursday,540427.67065,4809612.87954,-80.500444,43.438331999999996,At/near private drive,2,P.D. only,Left turn lane,unknown,unknown,Turning movement,Unknown,Daylight,01 - Daylight,Municipal (excl. Twp. Rd.),No control,unknown,0,0,0,False,False,False,Clear,,False,QUEENS BLVD; QUEENS BLVD ; Near; 20 M,1/30/2020 11:44:50 AM,,
48089,18-194190,1534869600000,2018,8,21,16,40,0,Tuesday,541342.51984,4810661.90304,-80.48906,43.447727,Intersection related,2,P.D. only,Thru lane,unknown,unknown,Angle,Unknown,Daylight,01 - Daylight,Municipal (excl. Twp. Rd.),Stop sign,Functioning,0,0,0,False,False,False,Clear,,False,CHURCH ST; BENTON ST,1/30/2020 11:44:49 AM,,
48090,18-194215,1535043600000,2018,8,23,17,0,0,Thursday,540093.86782,4806663.30763,-80.504785,43.411791,Non intersection,2,P.D. only,Thru lane,unknown,unknown,SMV unattended vehicle,Unknown,Daylight,01 - Daylight,Regional municipality,No control,unknown,0,0,0,False,False,False,Clear,,False,DINISON CRES; DINISON CRES,1/30/2020 11:44:48 AM,,
48091,18-194516,1535059800000,2018,8,23,21,30,0,Thursday,539819.57972,4807840.70006,-80.508087,43.422407,Non intersection,2,P.D. only,Thru lane,unknown,unknown,SMV unattended vehicle,Unknown,"Dark, artificial","08 - Dark, artificial",Municipal (excl. Twp. Rd.),No control,unknown,0,0,0,False,False,False,Clear,,False,SWEETBRIAR DR; DUNCAIRN AVE ; Near,1/30/2020 11:44:47 AM,,
48092,18-195445,1535185800000,2018,8,25,8,30,0,Saturday,539058.89558,4805939.11365,-80.51762,43.405325,At/near private drive,2,P.D. only,Thru lane,unknown,unknown,Other,Unknown,Daylight,01 - Daylight,Municipal (excl. Twp. Rd.),No control,unknown,0,0,0,False,False,False,Clear,,False,ACTIVA AVE; ACTIVA AVE,1/30/2020 11:44:46 AM,,
48093,18-195952,1535238000000,2018,8,25,23,0,0,Saturday,544234.97525,4808804.23874,-80.453465,43.430834999999995,At intersection,2,P.D. only,Within intersection,unknown,unknown,Approaching,Unknown,Dark,07 - Dark,Municipal (excl. Twp. Rd.),Stop sign,Functioning,0,0,0,False,False,False,Rain,,False,FIFTH AVE; CONNAUGHT ST,1/30/2020 11:44:45 AM,,
48094,18-195960,1535242260000,2018,8,26,0,11,0,Sunday,544559.78519,4811738.77872,-80.449213,43.457239,Intersection related,2,P.D. only,Thru lane,unknown,unknown,Rear end,Unknown,Dark,07 - Dark,Municipal (excl. Twp. Rd.),Traffic signal,Functioning,0,0,0,False,False,False,Rain,,False,LORRAINE AVE; RIVER RD E; At,1/30/2020 11:44:44 AM,,
48095,18-195965,1535241720000,2018,8,26,0,2,0,Sunday,544933.67567,4803053.66944,-80.445306,43.379014999999995,Non intersection,1,Non-fatal injury,Thru lane,unknown,unknown,Approaching,Unknown,Daylight,01 - Daylight,Municipal (excl. Twp. Rd.),No control,unknown,0,0,0,False,False,False,Clear,,False,EVENS POND CRES; EVENS POND CRES ; At; 0 M,1/30/2020 11:44:43 AM,,
48096,18-196141,1535184000000,2018,8,25,8,0,0,Saturday,543240.99726,4811481.70961,-80.46553399999999,43.455000999999996,Non intersection,2,P.D. only,Thru lane,unknown,unknown,SMV unattended vehicle,Unknown,Daylight,01 - Daylight,Municipal (excl. Twp. Rd.),No control,unknown,0,0,0,False,False,False,Clear,,False,KRUG ST; KRUG ST; Near,1/30/2020 11:44:42 AM,,
48097,18-196260,1535204700000,2018,8,25,13,45,0,Saturday,542164.55089,4810383.14239,-80.478923,43.445170999999995,Intersection related,2,P.D. only,Thru lane,unknown,unknown,Rear end,Unknown,Daylight,01 - Daylight,Regional municipality,Stop sign,Functioning,0,0,0,False,False,False,Clear,,False,KING ST E; PANDORA AVE N; At,1/30/2020 11:44:41 AM,,
48098,18-197234,1535155200000,2018,8,25,0,0,0,Saturday,541723.06114,4808784.08175,-80.484501,43.430797999999996,At/near private drive,2,P.D. only,Right shoulder,unknown,unknown,SMV unattended vehicle,Unknown,Dark,07 - Dark,Municipal (excl. Twp. Rd.),No control,unknown,0,0,0,False,False,False,Clear,,False,KEHL ST ; KEHL ST,1/30/2020 11:44:40 AM,,
48099,18-197272,1535365800000,2018,8,27,10,30,0,Monday,542396.14116,4810717.6191,-80.476035,43.44817,At/near private drive,2,P.D. only,Right shoulder,unknown,unknown,Other,Unknown,Daylight,01 - Daylight,Municipal (excl. Twp. Rd.),No control,unknown,0,0,0,False,False,False,Clear,,False,PANDORA AVE N; PANDORA AVE N,1/30/2020 11:44:39 AM,,
48100,18-197670,1535403300000,2018,8,27,20,55,0,Monday,544978.8562,4810993.76623,-80.44409399999999,43.450506,At/near private drive,1,Non-fatal injury,Off highway,unknown,unknown,SMV other,Unknown,"Dark, artificial","08 - Dark, artificial",unknown,Traffic signal,Functioning,0,0,0,True,False,False,Clear,,False,RIVER RD E; OTTAWA ST N; At; 0 M,2/19/2019 2:08:22 PM,,
48101,18-197712,1535445900000,2018,8,28,8,45,0,Tuesday,543177.48536,4804476.55509,-80.466872,43.391929999999995,Non intersection,2,P.D. only,Thru lane,unknown,unknown,Sideswipe,Unknown,Daylight,01 - Daylight,Regional municipality,No control,unknown,0,0,0,False,False,False,Clear,,False,HURON RD; STRASBURG RD; Near,1/30/2020 11:44:38 AM,,
48102,18-197852,1535462100000,2018,8,28,13,15,0,Tuesday,539079.58455,4811109.0905,-80.516995,43.451875,At intersection,2,P.D. only,Within intersection,unknown,unknown,Angle,Unknown,Daylight,01 - Daylight,Municipal (excl. Twp. Rd.),Traffic signal,Functioning,0,0,0,False,False,False,Clear,,False,BELMONT AVE W; GLASGOW ST; 5 M,1/30/2020 11:44:37 AM,,
48103,18-197985,1535389980000,2018,8,27,17,13,0,Monday,541193.06902,4811939.75726,-80.490811,43.459241,Non intersection,2,P.D. only,Thru lane,unknown,unknown,Rear end,Unknown,Daylight,01 - Daylight,Municipal (excl. Twp. Rd.),No control,unknown,0,0,0,False,False,False,Clear,,False,MARGARET AVE; MARGARET AVE ; Near,1/30/2020 11:44:36 AM,,
48104,18-198045,1535389500000,2018,8,27,17,5,0,Monday,545276.99364,4806434.51757,-80.440788,43.409436,At intersection,2,P.D. only,Right turn lane,unknown,unknown,Turning movement,Stop sign,Daylight,01 - Daylight,Municipal (excl. Twp. Rd.),Yield sign,Functioning,0,0,0,False,False,False,Clear,,False,WILSON AVE; WABANAKI DR,1/30/2020 11:44:35 AM,,
48105,18-198072,1535464800000,2018,8,28,14,0,0,Tuesday,543130.97479,4811428.55879,-80.466898,43.454529,At intersection,2,P.D. only,Within intersection,unknown,unknown,Turning movement,Unknown,Daylight,01 - Daylight,Municipal (excl. Twp. Rd.),Stop sign,Functioning,0,0,0,False,False,False,Clear,,False,KRUG ST; BECKER ST,1/30/2020 11:44:34 AM,,
48106,18-198789,1535472000000,2018,8,28,16,0,0,Tuesday,542092.70957,4810438.54807,-80.479807,43.445674,Non intersection,2,P.D. only,Thru lane,unknown,unknown,SMV unattended vehicle,Unknown,Daylight,01 - Daylight,Municipal (excl. Twp. Rd.),No control,unknown,0,0,0,False,False,False,Clear,,False,BETZNER; BETZNER AVE N; Near,1/30/2020 11:44:33 AM,,
48107,18-198848,1535544000000,2018,8,29,12,0,0,Wednesday,540590.50643,4810002.8886,-80.498403,43.441834,At/near private drive,2,P.D. only,Thru lane,unknown,unknown,SMV unattended vehicle,Unknown,Daylight,01 - Daylight,Municipal (excl. Twp. Rd.),No control,unknown,0,0,0,False,False,False,Clear,,False,BROCK ST; BROCK ST ; Near,1/30/2020 11:44:32 AM,,
48108,18-199120,1535559300000,2018,8,29,16,15,0,Wednesday,536897.94116,4808763.37189,-80.544117,43.430865,At intersection,2,P.D. only,Within intersection,unknown,unknown,Turning movement,Unknown,Daylight,01 - Daylight,Municipal (excl. Twp. Rd.),Stop sign,Functioning,0,0,0,False,False,False,Clear,,False,HIDDEN CREEK DR; WESTFOREST TRAIL,1/30/2020 11:44:31 AM,,
48109,18-199411,1535615280000,2018,8,30,7,48,0,Thursday,541068.0,4811108.0,0.0,0.0,Intersection related,2,P.D. only,Right shoulder,unknown,unknown,SMV unattended vehicle,Unknown,"Daylight, artificial","02 - Daylight, artificial",Municipal (excl. Twp. Rd.),Stop sign,Functioning,0,0,0,False,False,False,Clear,,False,SANDRA AVE; PATRICIA AVE; Near; 20 M,1/30/2020 11:44:30 AM,,
48110,18-199438,1535618400000,2018,8,30,8,40,0,Thursday,543073.90743,4812798.91086,-80.467495,43.466871,Intersection related,2,P.D. only,Thru lane,unknown,unknown,Rear end,Unknown,Daylight,01 - Daylight,Regional municipality,Traffic signal,Functioning,0,0,0,False,False,False,Clear,,False,SHIRLEY AVE ; RIVERBEND DR,1/30/2020 11:44:29 AM,,
48111,18-199516,1535623380000,2018,8,30,10,3,0,Thursday,542488.44469,4811127.92503,-80.474862,43.451859,At intersection,2,P.D. only,Within intersection,unknown,unknown,Angle,Unknown,Daylight,01 - Daylight,Municipal (excl. Twp. Rd.),Stop sign,Functioning,0,0,0,False,False,False,Clear,,False,KRUG ST; LYDIA ST,1/30/2020 11:44:28 AM,,
48112,18-199606,1535628240000,2018,8,30,11,24,0,Thursday,539266.54788,4808274.68421,-80.514888,43.426344,Non intersection,2,P.D. only,Thru lane,unknown,unknown,SMV other,Unknown,Daylight,01 - Daylight,Municipal (excl. Twp. Rd.),No control,unknown,0,0,0,False,False,False,Clear,,False,RIPPLEWOOD CRES; RIPPLEWOOD CRES; Near; 5 M,1/30/2020 11:44:27 AM,,
48113,18-199661,1535633040000,2018,8,30,12,44,0,Thursday,543923.49633,4805132.07959,-80.45760899999999,43.397788999999996,Intersection related,1,Non-fatal injury,Right turn channel,unknown,unknown,Rear end,Unknown,Daylight,01 - Daylight,Regional municipality,Yield sign,Functioning,0,0,0,False,False,False,Clear,,False,HURON RD; OLD HURON RD OFF TO HURON RD,1/30/2020 11:44:26 AM,,
48114,18-200523,1535719020000,2018,8,31,12,37,0,Friday,541068.0,4811108.0,0.0,0.0,Non intersection,2,P.D. only,Thru lane,unknown,unknown,Other,Unknown,Daylight,01 - Daylight,Regional municipality,No control,unknown,0,0,0,False,False,False,Clear,,False,KING ST E; EBY ST N; 20 M,1/30/2020 11:44:25 AM,,
48115,18-200615,1535726700000,2018,8,31,14,45,0,Friday,545494.50962,4812247.7553,-80.437617,43.461765,At/near private drive,1,Non-fatal injury,Thru lane,unknown,unknown,Other,Unknown,Daylight,01 - Daylight,Municipal (excl. Twp. Rd.),No control,unknown,0,0,0,False,False,False,Clear,,False,LORRAINE AVE ; LORRAINE AVE ; At; 5 M,1/30/2020 11:44:24 AM,,