OBJECTID,ACCIDENTNUM,ACCIDENTDATE,ACCIDENT_YEAR,ACCIDENT_MONTH,ACCIDENT_DAY,ACCIDENT_HOUR,ACCIDENT_MINUTE,ACCIDENT_SECOND,ACCIDENT_WEEKDAY,XCOORD,YCOORD,LONGITUDE,LATITUDE,ACCIDENTLOCATION,COLLISIONTYPE,CLASSIFICATIONOFACCIDENT,IMPACTLOCATION,INITIALDIRECTIONOFTRAVELONE,INITIALDIRECTIONOFTRAVELTWO,INITIALIMPACTTYPE,INTTRAFFICCONTROL,LIGHT,LIGHTFORREPORT,ROADJURISDICTION,TRAFFICCONTROL,TRAFFICCONTROLCONDITION,THRULANENO,NORTHBOUNDDISOBEYCOUNT,SOUTHBOUNDDISOBEYCOUNT,PEDESTRIANINVOLVED,CYCLISTINVOLVED,MOTORCYCLISTINVOLVED,ENVIRONMENTCONDITION1,ENVIRONMENTCONDITION2,SELFREPORTED,XMLIMPORTNOTES,LASTEDITEDDATE,CREATE_BY,CREATE_DATE
48116,18-201768,1535824920000,2018,9,1,18,2,0,Saturday,541068.0,4811108.0,0.0,0.0,Non intersection,1,Non-fatal injury,Thru lane,unknown,unknown,Turning movement,Unknown,Daylight,01 - Daylight,unknown,Yield sign,Functioning,0,0,0,False,False,False,Clear,,False,BRIDGEPORT RD E; ERB ST E TO 85 S ON  ; Near; 200 M,2/19/2019 2:08:18 PM,,
48117,18-202049,1535846100000,2018,9,1,23,55,0,Saturday,543760.18336,4811262.17262,-80.45913399999999,43.452994,Intersection related,2,P.D. only,Thru lane,unknown,unknown,SMV other,Unknown,Dark,07 - Dark,Municipal (excl. Twp. Rd.),Stop sign,Functioning,0,0,0,False,False,False,Clear,,False,KENWOOD DR; DONALD ST; Near; 15 M,1/30/2020 11:44:23 AM,,
48118,18-202235,1535876880000,2018,9,2,8,28,0,Sunday,541068.0,4811108.0,0.0,0.0,Intersection related,2,P.D. only,Thru lane,unknown,unknown,SMV unattended vehicle,Unknown,Daylight,01 - Daylight,Municipal (excl. Twp. Rd.),Stop sign,Functioning,0,0,0,False,False,False,Clear,,False,WEST OAK TRAIL; BLUE OAK ST ; 50 M,1/30/2020 11:44:23 AM,,
48119,18-202304,1535799600000,2018,9,1,11,0,0,Saturday,545918.30468,4804634.01058,-80.433019,43.393184999999995,Non intersection,2,P.D. only,Thru lane,unknown,unknown,SMV unattended vehicle,Unknown,Daylight,01 - Daylight,Municipal (excl. Twp. Rd.),No control,unknown,0,0,0,False,False,False,Clear,,False,OLD CARRIAGE CRT; OLD CARRIAGE CRT,1/30/2020 11:44:21 AM,,
48120,18-202315,1535819400000,2018,9,1,16,30,0,Saturday,540698.49188,4809869.80046,-80.497079,43.44063,At intersection,2,P.D. only,Within intersection,unknown,unknown,Rear end,Unknown,Daylight,01 - Daylight,Municipal (excl. Twp. Rd.),Stop sign,Functioning,0,0,0,False,False,False,Clear,,False,HIGHLAND RD E; WINSLOW DR,1/30/2020 11:44:20 AM,,
48121,18-203140,1535835600000,2018,9,1,21,0,0,Saturday,539606.56967,4806326.56335,-80.51082799999999,43.408784999999995,Non intersection,2,P.D. only,Thru lane,unknown,unknown,SMV unattended vehicle,Unknown,"Dark, artificial","08 - Dark, artificial",Municipal (excl. Twp. Rd.),No control,unknown,0,0,0,False,False,False,Clear,,False,ACTIVA AVE; ACTIVA AVE ; Near,1/30/2020 11:44:19 AM,,
48122,18-203254,1535982540000,2018,9,3,13,49,0,Monday,538250.78781,4809879.52735,-80.527324,43.440847,Intersection related,2,P.D. only,Not on roadway - right side,unknown,unknown,SMV other,Unknown,Daylight,01 - Daylight,Municipal (excl. Twp. Rd.),Stop sign,Functioning,0,0,0,False,False,False,Clear,,False,DALEGROVE DR; HAZELGLEN DR ; At; 20 M,1/30/2020 11:44:19 AM,,
48123,18-203831,1536048000000,2018,9,4,8,0,0,Tuesday,544887.88426,4804844.70552,-80.445724,43.395145,Intersection related,2,P.D. only,Thru lane,unknown,unknown,Rear end,Unknown,Daylight,01 - Daylight,Municipal (excl. Twp. Rd.),Traffic signal,Functioning,0,0,0,False,False,False,Clear,,False,DOON VILLAGE RD; PIONEER DR ; Near; 50 M,1/30/2020 11:44:18 AM,,
48124,18-204294,1536073800000,2018,9,4,15,10,0,Tuesday,541658.17904,4812068.39512,-80.485052,43.460373999999995,Non intersection,2,P.D. only,Thru lane,unknown,unknown,Rear end,Unknown,Daylight,01 - Daylight,Municipal (excl. Twp. Rd.),No control,unknown,0,0,0,False,False,False,Clear,,False,WELLINGTON ST N; MAJOR ST; Near,1/30/2020 11:44:17 AM,,
48125,18-204353,1535893200000,2018,9,2,13,0,0,Sunday,541419.03591,4812093.42604,-80.488006,43.460612,Non intersection,2,P.D. only,Thru lane,unknown,unknown,SMV unattended vehicle,Unknown,Daylight,01 - Daylight,Municipal (excl. Twp. Rd.),No control,unknown,0,0,0,False,False,False,Clear,,False,LOUISA ST; LOUISA ST,1/30/2020 11:44:16 AM,,
48126,18-205370,1536167100000,2018,9,5,17,5,0,Wednesday,541068.0,4811108.0,0.0,0.0,Intersection related,2,P.D. only,Thru lane,unknown,unknown,Rear end,Unknown,Daylight,01 - Daylight,Municipal (excl. Twp. Rd.),Stop sign,Functioning,0,0,0,False,False,False,Clear,,False,KRUG ST; DUMFRIES AVE,1/30/2020 11:44:15 AM,,
48127,18-205479,1536143400000,2018,9,5,10,30,0,Wednesday,541640.81141,4807887.61729,-80.485586,43.422731,Non intersection,2,P.D. only,Thru lane,unknown,unknown,SMV unattended vehicle,Unknown,Daylight,01 - Daylight,Municipal (excl. Twp. Rd.),No control,unknown,0,0,0,False,False,False,Clear,,False,ROBERTSON CRES; ROBERTSON CRES,1/30/2020 11:44:14 AM,,
48128,18-206048,1536171300000,2018,9,5,18,15,0,Wednesday,538810.94811,4807713.84984,-80.520556,43.421318,At/near private drive,2,P.D. only,Thru lane,unknown,unknown,Other,Unknown,Daylight,01 - Daylight,Municipal (excl. Twp. Rd.),No control,unknown,0,0,0,False,False,False,Clear,,False,FOREST GLEN CRES; FOREST GLEN CRT; At,1/30/2020 11:44:13 AM,,
48129,18-206088,1536222600000,2018,9,6,8,30,0,Thursday,541788.31341,4804158.84355,-80.484049,43.389148,Non intersection,2,Non-reportable,Thru lane,unknown,unknown,SMV unattended vehicle,Unknown,Daylight,01 - Daylight,Municipal (excl. Twp. Rd.),Traffic controller,unknown,0,0,0,False,False,False,Clear,,False,PARKVALE DR; PARKVALE CRT,1/30/2020 11:44:12 AM,,
48130,18-206951,1536315120000,2018,9,7,10,12,0,Friday,540750.72313,4811165.35261,-80.496336,43.452293,Non intersection,2,P.D. only,Right shoulder,unknown,unknown,Sideswipe,Unknown,Daylight,01 - Daylight,unknown,No control,unknown,0,0,0,False,False,False,Clear,,False,FRANCIS ST N; KING ST W; 24 M,2/19/2019 2:08:16 PM,,
48131,18-207225,1536324900000,2018,9,7,12,55,0,Friday,542626.49264,4808160.11273,-80.473388,43.425129,At/near private drive,1,Non-fatal injury,Thru lane,unknown,unknown,Rear end,Unknown,Daylight,01 - Daylight,Municipal (excl. Twp. Rd.),No control,unknown,0,0,0,False,False,False,Clear,,False,HANSON AVE; HANSON AVE; 10 M,1/30/2020 11:44:11 AM,,
48132,18-207515,1536343800000,2018,9,7,18,10,0,Friday,544882.07153,4804850.42116,-80.44579499999999,43.395196999999996,At intersection,2,P.D. only,Within intersection,unknown,unknown,Rear end,Unknown,Daylight,01 - Daylight,Municipal (excl. Twp. Rd.),Traffic signal,Functioning,0,0,0,False,False,False,Clear,,False,DOON VILLAGE RD; PIONEER DR,1/30/2020 11:44:10 AM,,
48133,18-207992,1536400980000,2018,9,8,10,3,0,Saturday,545289.07051,4803405.36341,-80.44089,43.382160999999996,Non intersection,2,P.D. only,Thru lane,unknown,unknown,Approaching,Unknown,Daylight,01 - Daylight,Municipal (excl. Twp. Rd.),No control,unknown,0,0,0,False,False,False,Clear,,False,FOREST CREEK DR; APPLERIDGE; 100 M,1/30/2020 11:44:09 AM,,
48134,18-208151,1536415020000,2018,9,8,13,57,0,Saturday,542662.09944,4810077.82608,-80.472798,43.442394,Intersection related,1,Non-fatal injury,Thru lane,unknown,unknown,Rear end,Unknown,Daylight,01 - Daylight,Regional municipality,No control,unknown,0,0,0,False,False,False,Clear,,False,KING ST E; ONWARD AVE ; Near; 20 M,1/30/2020 11:44:08 AM,,
48135,18-208516,1536446280000,2018,9,8,22,38,0,Saturday,542194.22127,4807026.84732,-80.478816,43.414949,At/near private drive,2,P.D. only,Thru lane,unknown,unknown,Rear end,Unknown,Dark,07 - Dark,Municipal (excl. Twp. Rd.),Traffic signal,Functioning,0,0,0,False,False,False,Clear,,False,BLOCK LINE RD ; 700 STRASBURG RD ; Near; 150 M,1/30/2020 11:44:07 AM,,
48136,18-208582,1536450600000,2018,9,8,23,50,0,Saturday,541068.0,4811108.0,0.0,0.0,Non intersection,2,P.D. only,Not on roadway - left side,unknown,unknown,SMV other,Unknown,"Daylight, artificial","02 - Daylight, artificial",Municipal (excl. Twp. Rd.),No control,unknown,0,0,0,False,False,False,Clear,,False,THE COUNTRY WAY; THE COUNTRY WAY ; At; 3 M,1/30/2020 11:44:06 AM,,
48137,18-209362,1536556920000,2018,9,10,5,22,0,Monday,542783.28571,4804147.74797,-80.47176499999999,43.388991999999995,At intersection,2,P.D. only,Within intersection,unknown,unknown,Turning movement,Unknown,"Daylight, artificial","02 - Daylight, artificial",unknown,Stop sign,Functioning,0,0,0,False,False,False,Rain,,False,HURON RD ; PARKVALE DR,2/19/2019 2:08:14 PM,,
48138,18-209484,1536571440000,2018,9,10,9,24,0,Monday,545049.25549,4810838.30432,-80.443237,43.449101999999996,At intersection,2,P.D. only,Within intersection,unknown,unknown,Turning movement,Unknown,Daylight,01 - Daylight,Municipal (excl. Twp. Rd.),Traffic signal,Functioning,0,0,0,False,False,False,Rain,,False,HOLBORN DR; RIVER RD E,1/30/2020 11:44:05 AM,,
48139,18-209542,1536576600000,2018,9,10,10,50,0,Monday,541068.0,4811108.0,0.0,0.0,At intersection,2,P.D. only,Within intersection,unknown,unknown,Turning movement,Unknown,Daylight,01 - Daylight,Municipal (excl. Twp. Rd.),Stop sign,Functioning,0,0,0,False,False,False,Rain,,False,CHARLES ST E; SYDNEY ST S,1/30/2020 11:44:04 AM,,
48140,18-209742,1536593880000,2018,9,10,15,38,0,Monday,545521.50883,4803693.84431,-80.437996,43.384744,Non intersection,2,P.D. only,Thru lane,unknown,unknown,SMV unattended vehicle,Unknown,Daylight,01 - Daylight,Municipal (excl. Twp. Rd.),No control,unknown,0,0,0,False,False,False,Rain,,False,WOODFIELD ST; WOODFIELD ST ; At; 5 M,1/30/2020 11:44:03 AM,,
48141,18-209824,1536600240000,2018,9,10,17,24,0,Monday,540375.77752,4812111.60839,-80.5009,43.460833,At/near private drive,2,P.D. only,Thru lane,unknown,unknown,SMV unattended vehicle,Unknown,Daylight,01 - Daylight,Municipal (excl. Twp. Rd.),No control,unknown,0,0,0,False,False,False,Clear,,False,GUELPH ST; GUELPH ST ; Near; 100 M,1/30/2020 11:44:02 AM,,
48142,18-209928,1536609720000,2018,9,10,20,2,0,Monday,542695.20831,4803595.83212,-80.47289599999999,43.384028,At/near private drive,2,P.D. only,Off highway,unknown,unknown,SMV other,Unknown,"Daylight, artificial","02 - Daylight, artificial",Private property,No control,unknown,0,0,0,False,False,False,Rain,,False,ROCKCLIFFE DR; ROCKCLIFFE DR ; At; 1 M,1/30/2020 11:44:01 AM,,
48143,18-210441,1536575400000,2018,9,10,10,30,0,Monday,539205.26932,4805379.72791,-80.51585299999999,43.400281,At/near private drive,2,P.D. only,Thru lane,unknown,unknown,SMV unattended vehicle,Unknown,Daylight,01 - Daylight,Municipal (excl. Twp. Rd.),No control,unknown,0,0,0,False,False,False,Rain,,False,RED CLOVER CRT; RED CLOVER CRT ; Near,1/30/2020 11:44:00 AM,,
48144,18-210682,1536683700000,2018,9,11,16,35,0,Tuesday,548115.94937,4804527.7568,-80.40589299999999,43.392091,At/near private drive,2,P.D. only,Thru lane,unknown,unknown,Turning movement,Unknown,Daylight,01 - Daylight,Municipal (excl. Twp. Rd.),Stop sign,Functioning,0,0,0,False,False,False,Clear,,False,DOON VALLEY DR; DOON VALLEY DR,1/30/2020 11:43:59 AM,,
48145,18-211050,1536738900000,2018,9,12,7,55,0,Wednesday,541138.89086,4809251.44938,-80.491683,43.435038,Non intersection,1,Non-fatal injury,Right shoulder,unknown,unknown,SMV unattended vehicle,Unknown,Daylight,01 - Daylight,Municipal (excl. Twp. Rd.),No control,unknown,0,0,0,False,False,False,Clear,,False,HIGHLAND RD E; MAUSSER AVE; Near; 100 M,1/30/2020 11:43:58 AM,,
48146,18-211561,1536696900000,2018,9,11,20,15,0,Tuesday,537278.31669,4807402.40505,-80.53950999999999,43.418592,Non intersection,2,P.D. only,Thru lane,unknown,unknown,SMV unattended vehicle,Unknown,Dark,07 - Dark,Municipal (excl. Twp. Rd.),No control,unknown,0,0,0,False,False,False,Clear,,False,DRIFTWOOD DR; DRIFTWOOD DR,1/30/2020 11:43:57 AM,,
48147,18-211698,1536700200000,2018,9,11,21,10,0,Tuesday,541485.75384,4811231.69059,-80.487247,43.45285,At/near private drive,2,P.D. only,Thru lane,unknown,unknown,SMV unattended vehicle,Unknown,"Dark, artificial","08 - Dark, artificial",Municipal (excl. Twp. Rd.),No control,unknown,0,0,0,False,False,False,Clear,,False,ROY ST; ROY ST; Near,1/30/2020 11:43:56 AM,,
48148,18-212007,1536827400000,2018,9,13,8,30,0,Thursday,541981.19777,4810677.7093,-80.481166,43.447834,At intersection,2,P.D. only,Within intersection,unknown,unknown,Angle,Unknown,Daylight,01 - Daylight,unknown,Stop sign,Functioning,0,0,1,False,False,False,Clear,,False,DUKE ST E; MADISON AVE N,2/19/2019 2:08:13 PM,,
48149,18-212282,1536777000000,2018,9,12,18,30,0,Wednesday,539498.35964,4808134.67985,-80.512034,43.425070999999996,Intersection related,2,P.D. only,Thru lane,unknown,unknown,SMV other,Unknown,Daylight,01 - Daylight,Municipal (excl. Twp. Rd.),Stop sign,Functioning,0,0,0,False,False,False,Clear,,False,GREENBROOK DR; STONYBROOK DR,1/30/2020 11:43:55 AM,,
48150,18-212930,1536915900000,2018,9,14,9,5,0,Friday,543216.34072,4804529.00578,-80.466388,43.3924,Intersection related,1,Non-fatal injury,Right turn lane,unknown,unknown,Sideswipe,Unknown,Daylight,01 - Daylight,Regional municipality,Yield sign,Functioning,0,0,0,False,False,False,Clear,,False,STRASBURG RD; HURON RD,1/30/2020 11:43:54 AM,,
48151,18-213303,1536861600000,2018,9,13,18,0,0,Thursday,540984.52165,4805734.66448,-80.493854,43.403382,At/near private drive,2,P.D. only,Thru lane,unknown,unknown,SMV unattended vehicle,Unknown,Daylight,01 - Daylight,Municipal (excl. Twp. Rd.),No control,unknown,0,0,0,False,False,False,Clear,,False,TAMVALE CRES; TAMVALE CRES,1/30/2020 11:43:53 AM,,
48152,18-213384,1536868800000,2018,9,13,20,0,0,Thursday,540097.29584,4807328.44091,-80.504694,43.41778,Non intersection,2,P.D. only,Thru lane,unknown,unknown,SMV unattended vehicle,Unknown,Dark,07 - Dark,Municipal (excl. Twp. Rd.),No control,unknown,0,0,0,False,False,False,Clear,,False,PINEDALE DR; PINEDALE DR,1/30/2020 11:43:52 AM,,
48153,18-213497,1536340500000,2018,9,7,17,15,0,Friday,544451.83657,4807214.423,-80.450915,43.416508,Non intersection,1,Non-fatal injury,Thru lane,unknown,unknown,Rear end,Unknown,Daylight,01 - Daylight,unknown,No control,unknown,0,0,0,False,False,False,Clear,,False,WEBSTER RD; MANITOU DR,2/19/2019 2:08:12 PM,,
48154,18-214240,1537022700000,2018,9,15,14,45,0,Saturday,544524.55561,4807805.16901,-80.449969,43.421822999999996,At/near private drive,2,P.D. only,Thru lane,unknown,unknown,SMV unattended vehicle,Unknown,Daylight,01 - Daylight,Municipal (excl. Twp. Rd.),No control,unknown,0,0,0,False,False,False,Clear,,False,TRAYNOR AVE; TRAYNOR AVE; At; 0 M,1/30/2020 11:43:51 AM,,
48155,18-214795,1537068540000,2018,9,16,3,29,0,Sunday,545925.3391,4805398.62327,-80.432868,43.40007,Non intersection,2,P.D. only,Thru lane,unknown,unknown,SMV unattended vehicle,Unknown,"Dark, artificial","08 - Dark, artificial",Municipal (excl. Twp. Rd.),No control,unknown,0,0,0,False,False,False,Clear,,False,GREEN VALLEY DR; GREEN VALLEY DR ; Near; 20 M,1/30/2020 11:43:51 AM,,
48156,18-214965,1537083900000,2018,9,16,7,45,0,Sunday,541092.86241,4807198.87134,-80.492406,43.416559,At/near private drive,2,P.D. only,Thru lane,unknown,unknown,SMV unattended vehicle,Unknown,Daylight,01 - Daylight,Municipal (excl. Twp. Rd.),No control,unknown,0,0,0,False,False,False,Clear,,False,ROSENEATH CRES; ROSENEATH CRES; At; 1 M,1/30/2020 11:43:49 AM,,
48157,18-214980,1537096020000,2018,9,16,11,7,0,Sunday,539673.87813,4806484.76198,-80.509986,43.410205999999995,At intersection,1,Non-fatal injury,Within intersection,unknown,unknown,Angle,Unknown,Daylight,01 - Daylight,Municipal (excl. Twp. Rd.),Stop sign,Functioning,0,1,0,False,False,False,Clear,,False,ACTIVA AVE ; BUSH CLOVER CRES,1/30/2020 11:43:49 AM,,
48158,18-215625,1537171740000,2018,9,17,8,9,0,Monday,547719.66261,4804222.64731,-80.41081299999999,43.389368999999995,At/near private drive,2,P.D. only,Thru lane,unknown,unknown,Turning movement,Unknown,Daylight,01 - Daylight,unknown,Stop sign,Functioning,0,0,0,False,False,False,Clear,,False,DOON VALLEY DR; CONESTOGA COLLEGE BLVD; At; 2 M,2/19/2019 2:08:10 PM,,
48159,18-215775,1537183320000,2018,9,17,11,22,0,Monday,541956.75385,4815743.41821,-80.481078,43.493446999999996,At intersection,2,P.D. only,Within intersection,unknown,unknown,Angle,Unknown,Daylight,01 - Daylight,Municipal (excl. Twp. Rd.),Yield sign,Functioning,0,0,0,False,False,False,Clear,,False,WOOLWICH ST; FALCONRIDGE DR,1/30/2020 11:43:47 AM,,
48160,18-216169,1537132500000,2018,9,16,21,15,0,Sunday,541637.62623,4808950.80681,-80.48554399999999,43.432303999999995,Non intersection,2,P.D. only,Thru lane,unknown,unknown,SMV unattended vehicle,Unknown,"Dark, artificial","08 - Dark, artificial",Municipal (excl. Twp. Rd.),No control,unknown,0,0,0,False,False,False,Clear,,False,KEHL ST; KEHL ST ; Near,1/30/2020 11:43:46 AM,,
48161,18-216289,1537218300000,2018,9,17,21,5,0,Monday,541579.50414,4810751.85889,-80.486125,43.448524,Non intersection,2,Non-reportable,Thru lane,unknown,unknown,SMV unattended vehicle,Unknown,"Dark, artificial","08 - Dark, artificial",Regional municipality,No control,unknown,0,0,0,False,False,False,Clear,,False,KING ST E; SCOTT ST; Near,1/30/2020 11:43:45 AM,,
48162,18-216524,1537258860000,2018,9,18,8,21,0,Tuesday,542377.20047,4810247.56136,-80.476306,43.443937999999996,At/near private drive,2,P.D. only,Left turn lane,unknown,unknown,Turning movement,Unknown,Daylight,01 - Daylight,Regional municipality,No control,unknown,0,0,0,False,False,False,Clear,,False,KING ST E; KING ST E; At; 5 M,1/30/2020 11:43:44 AM,,
48163,18-216831,1537281120000,2018,9,18,14,32,0,Tuesday,541395.8154,4810448.91322,-80.488418,43.445806,Non intersection,1,Non-fatal injury,Thru lane,unknown,unknown,SMV unattended vehicle,Unknown,Daylight,01 - Daylight,unknown,No control,unknown,0,0,0,False,False,False,Clear,,False,ST GEORGE ST; ST GEORGE ST ; At; 1 M,2/19/2019 2:08:09 PM,,
48164,18-216876,1537284300000,2018,9,18,15,25,0,Tuesday,544549.39663,4808980.41569,-80.44956599999999,43.432403,At/near private drive,2,Non-reportable,Right turn lane,unknown,unknown,Other,Unknown,Daylight,01 - Daylight,Regional municipality,No control,unknown,0,0,0,False,False,False,Clear,,False,FRANCIS ST S; FRANCIS ST S; 5 M,1/30/2020 11:43:43 AM,,
48165,18-217519,1537351200000,2018,9,19,10,0,0,Wednesday,539902.39957,4811151.42,-80.506822,43.452213,Non intersection,2,P.D. only,Thru lane,unknown,unknown,SMV unattended vehicle,Unknown,Daylight,01 - Daylight,Municipal (excl. Twp. Rd.),No control,unknown,0,0,0,False,False,False,Clear,,False,AGNES ST; AGNES ST ; 3 M,1/30/2020 11:43:42 AM,,
48166,18-217815,1537177800000,2018,9,17,9,50,0,Monday,549804.52076,4805865.33648,-80.384923,43.404024,Non intersection,2,P.D. only,Thru lane,unknown,unknown,Rear end,Unknown,Daylight,01 - Daylight,Regional municipality,No control,unknown,0,0,0,False,False,False,Clear,,False,KING ST E; KING ST E; Near,1/30/2020 11:43:41 AM,,
48167,18-218667,1537433100000,2018,9,20,8,45,0,Thursday,543856.68303,4805114.361,-80.458435,43.397634,Intersection related,1,Non-fatal injury,Right turn channel,unknown,unknown,Rear end,Unknown,Daylight,01 - Daylight,Regional municipality,Yield sign,Functioning,0,0,0,False,False,False,Clear,,False,HURON RD; TRILLIUM DR,1/30/2020 11:43:41 AM,,
48168,18-219031,1537482600000,2018,9,20,22,30,0,Thursday,539801.44431,4811316.92854,-80.50805799999999,43.453708,Non intersection,2,P.D. only,Not on roadway - left side,unknown,unknown,SMV other,Unknown,Dark,07 - Dark,Municipal (excl. Twp. Rd.),No control,unknown,0,0,0,False,False,False,Clear,,False,GRUHN ST; GRUHN ST ; Near; 5 M,1/30/2020 11:43:39 AM,,
48169,18-219315,1536937200000,2018,9,14,15,0,0,Friday,539767.79319,4810163.37245,-80.508558,43.443324,At/near private drive,2,P.D. only,Right shoulder,unknown,unknown,SMV unattended vehicle,Unknown,Daylight,01 - Daylight,Regional municipality,No control,unknown,0,0,0,False,False,False,Clear,,False,JACK AVE; JACK AVE,1/30/2020 11:43:39 AM,,
48170,18-219347,1537517100000,2018,9,21,8,5,0,Friday,543726.686,4810734.08217,-80.459591,43.448242,At intersection,2,P.D. only,Within intersection,unknown,unknown,Turning movement,Unknown,Daylight,01 - Daylight,Municipal (excl. Twp. Rd.),Stop sign,Functioning,0,0,0,False,False,False,Clear,,False,MANCHESTER RD; NOTTINGHAM AVE,1/30/2020 11:43:38 AM,,
48171,18-219476,1537523100000,2018,9,21,9,45,0,Friday,544603.11402,4809259.19707,-80.44888,43.434909999999995,At/near private drive,2,P.D. only,Thru lane,unknown,unknown,Turning movement,Unknown,Daylight,01 - Daylight,unknown,No control,unknown,0,0,0,False,False,False,Clear,,False,KINZIE AVE ; WEBER ST E,2/19/2019 2:08:08 PM,,
48172,18-219694,1537498800000,2018,9,21,3,0,0,Friday,539787.65887,4811122.15476,-80.508242,43.451955,Non intersection,2,P.D. only,Thru lane,unknown,unknown,SMV unattended vehicle,Unknown,Dark,07 - Dark,Municipal (excl. Twp. Rd.),No control,unknown,0,0,0,False,False,False,Clear,,False,DOMINION ST; DOMINION ST ; Near,1/30/2020 11:43:37 AM,,
48173,18-219732,1537554960000,2018,9,21,18,36,0,Friday,538140.38467,4810653.27763,-80.528634,43.447818999999996,Intersection related,2,P.D. only,Not on roadway - right side,unknown,unknown,SMV other,Unknown,"Dusk, artificial","06 - Dusk, artificial",Municipal (excl. Twp. Rd.),Stop sign,Functioning,0,0,0,False,False,False,Clear,,False,INWOOD DR; GLASGOW ST; At,1/30/2020 11:43:36 AM,,
48174,18-220422,1537626600000,2018,9,22,14,30,0,Saturday,536837.46067,4808462.4157,-80.544884,43.428157999999996,At/near private drive,2,P.D. only,Thru lane,unknown,unknown,SMV unattended vehicle,Unknown,Daylight,01 - Daylight,Municipal (excl. Twp. Rd.),No control,unknown,0,0,0,False,False,False,Clear,,False,WESTMEADOW DR; WESTMEADOW DR ; At,1/30/2020 11:43:35 AM,,
48175,18-221079,1537698660000,2018,9,23,10,31,0,Sunday,545316.57951,4804469.79762,-80.440462,43.391743,At intersection,1,Non-fatal injury,Within intersection,unknown,unknown,Angle,Unknown,Daylight,01 - Daylight,Municipal (excl. Twp. Rd.),Stop sign,Functioning,0,0,0,False,False,False,Clear,,False,DOON VILLAGE RD; BECHTEL DR,1/30/2020 11:43:35 AM,,
48176,18-221090,1537454700000,2018,9,20,14,45,0,Thursday,540389.92842,4812516.00448,-80.50069599999999,43.464473,At intersection,2,P.D. only,Within intersection,unknown,unknown,Turning movement,Unknown,Daylight,01 - Daylight,Municipal (excl. Twp. Rd.),Stop sign,Functioning,0,0,0,False,False,False,Clear,,False,ELLIS AVE; HARTWOOD AVE,1/30/2020 11:43:34 AM,,
48177,18-221295,1537717620000,2018,9,23,15,47,0,Sunday,545276.11566,4806433.7187,-80.440799,43.409428999999996,Intersection related,2,P.D. only,Thru lane,unknown,unknown,Sideswipe,Stop sign,Daylight,01 - Daylight,unknown,Stop sign,Functioning,0,0,0,False,False,False,Clear,,False,WILSON AVE; WABANAKI DR ; Near; 15.5 M,2/19/2019 2:08:06 PM,,
48178,18-221787,1537779960000,2018,9,24,9,6,0,Monday,542312.64636,4816397.26543,-80.476626,43.499314,Non intersection,2,Non-reportable,Thru lane,unknown,unknown,SMV unattended vehicle,Unknown,Daylight,01 - Daylight,Municipal (excl. Twp. Rd.),No control,unknown,0,0,0,False,False,False,Clear,,False,HAWKSWOOD DR ; FALCONRIDGE DR; Near; 30 M,1/30/2020 11:43:33 AM,,
48179,18-222075,1537021800000,2018,9,15,14,30,0,Saturday,547285.75222,4811356.53644,-80.415553,43.45363,At/near private drive,2,P.D. only,Thru lane,unknown,unknown,Other,Unknown,Daylight,01 - Daylight,Municipal (excl. Twp. Rd.),No control,unknown,0,0,0,False,False,False,Clear,,False,ZELLER DR; ZELLER DR,1/30/2020 11:43:32 AM,,
48180,18-222226,1537807500000,2018,9,24,16,45,0,Monday,541979.69806,4813761.1069,-80.480947,43.475597,At/near private drive,2,P.D. only,Thru lane,unknown,unknown,Turning movement,Unknown,Daylight,01 - Daylight,Municipal (excl. Twp. Rd.),Stop sign,Functioning,0,0,0,False,False,False,Clear,,False,RIVERBEND DR; RIVERBEND DR; At; 0 M,1/30/2020 11:43:31 AM,,
48181,18-222247,1537790400000,2018,9,24,12,0,0,Monday,542448.39929,4807282.75703,-80.475656,43.417238999999995,At intersection,2,P.D. only,Within intersection,unknown,unknown,Turning movement,Unknown,Daylight,01 - Daylight,Municipal (excl. Twp. Rd.),Stop sign,Functioning,0,0,0,False,False,False,Clear,,False,BLOCK LINE RD; COUNTRY HILL DR,1/30/2020 11:43:30 AM,,
48182,18-222267,1537803600000,2018,9,24,15,40,0,Monday,541897.45392,4812992.17192,-80.482023,43.468678,At intersection,2,P.D. only,Within intersection,unknown,unknown,Angle,Unknown,Daylight,01 - Daylight,Municipal (excl. Twp. Rd.),Stop sign,Functioning,0,0,0,False,False,False,Clear,,False,BIRCH AVE; ARNOLD ST,1/30/2020 11:43:29 AM,,
48183,18-222348,1537774200000,2018,9,24,7,30,0,Monday,543311.30083,4808500.95427,-80.464901,43.428159,At/near private drive,2,Non-reportable,Right shoulder,unknown,unknown,Other,Unknown,Daylight,01 - Daylight,Municipal (excl. Twp. Rd.),No control,unknown,0,0,0,False,False,False,Clear,,False,WALTON AVE; WALTON AVE,1/30/2020 11:43:28 AM,,