OBJECTID,ACCIDENTNUM,ACCIDENTDATE,ACCIDENT_YEAR,ACCIDENT_MONTH,ACCIDENT_DAY,ACCIDENT_HOUR,ACCIDENT_MINUTE,ACCIDENT_SECOND,ACCIDENT_WEEKDAY,XCOORD,YCOORD,LONGITUDE,LATITUDE,ACCIDENTLOCATION,COLLISIONTYPE,CLASSIFICATIONOFACCIDENT,IMPACTLOCATION,INITIALDIRECTIONOFTRAVELONE,INITIALDIRECTIONOFTRAVELTWO,INITIALIMPACTTYPE,INTTRAFFICCONTROL,LIGHT,LIGHTFORREPORT,ROADJURISDICTION,TRAFFICCONTROL,TRAFFICCONTROLCONDITION,THRULANENO,NORTHBOUNDDISOBEYCOUNT,SOUTHBOUNDDISOBEYCOUNT,PEDESTRIANINVOLVED,CYCLISTINVOLVED,MOTORCYCLISTINVOLVED,ENVIRONMENTCONDITION1,ENVIRONMENTCONDITION2,SELFREPORTED,XMLIMPORTNOTES,LASTEDITEDDATE,CREATE_BY,CREATE_DATE
48184,18-222896,1537876680000,2018,9,25,11,58,0,Tuesday,541068.0,4811108.0,0.0,0.0,At/near private drive,2,P.D. only,Right shoulder,unknown,unknown,SMV unattended vehicle,Unknown,Daylight,01 - Daylight,Municipal (excl. Twp. Rd.),No control,unknown,0,0,0,False,False,False,Rain,,False,WILSON AVE ; EIGHTH AVE ; Near; 20 M,1/30/2020 11:43:27 AM,,
48185,18-223355,1537913640000,2018,9,25,22,14,0,Tuesday,541690.52881,4811511.39343,-80.484695,43.455357,At intersection,2,P.D. only,Within intersection,unknown,unknown,Turning movement,Unknown,"Dark, artificial","08 - Dark, artificial",unknown,Stop sign,Functioning,0,0,0,False,True,False,Rain,,False,QUEEN ST N; ELLEN ST W,2/19/2019 2:08:05 PM,,
48186,18-223734,1537563600000,2018,9,21,21,0,0,Friday,541068.0,4811108.0,0.0,0.0,At/near private drive,2,P.D. only,Thru lane,unknown,unknown,SMV unattended vehicle,Unknown,Dark,07 - Dark,Municipal (excl. Twp. Rd.),No control,unknown,0,0,0,False,False,False,Rain,,False,SHADY GLEN CRES; SHADY GLEN CRES ; Near,1/30/2020 11:43:26 AM,,
48187,18-223876,1537973640000,2018,9,26,14,54,0,Wednesday,542148.2398,4807082.82294,-80.479379,43.415456,At/near private drive,2,P.D. only,Thru lane,unknown,unknown,Turning movement,Unknown,Daylight,01 - Daylight,Municipal (excl. Twp. Rd.),No control,unknown,0,0,0,False,False,False,Clear,,False,STRASBURG RD ; STRASBURG RD; 3 M,1/30/2020 11:43:25 AM,,
48188,18-224434,1538033400000,2018,9,27,7,30,0,Thursday,540426.40008,4809605.04993,-80.50045999999999,43.438261,Non intersection,2,P.D. only,Thru lane,unknown,unknown,Sideswipe,Unknown,Daylight,01 - Daylight,unknown,No control,unknown,0,0,0,False,False,False,Clear,,False,QUEENS BLVD; QUEENS BLVD ; At; 5 M,2/19/2019 2:08:04 PM,,
48189,18-224651,1538040600000,2018,9,27,9,30,0,Thursday,544549.87754,4808980.41886,-80.44955999999999,43.432403,Non intersection,2,P.D. only,Thru lane,unknown,unknown,Turning movement,Unknown,Daylight,01 - Daylight,Municipal (excl. Twp. Rd.),No control,unknown,0,0,0,False,False,False,Clear,,False,FRANCIS ST S; FRANCIS ST S,1/30/2020 11:43:24 AM,,
48190,18-224733,1538049000000,2018,9,27,11,50,0,Thursday,545364.63348,4811021.9126,-80.439324,43.450736,At intersection,2,P.D. only,Within intersection,unknown,unknown,Angle,Unknown,Daylight,01 - Daylight,Municipal (excl. Twp. Rd.),Stop sign,Functioning,0,0,0,False,False,False,Clear,,False,OLD CHICOPEE DR; HOLBORN DR,1/30/2020 11:43:23 AM,,
48191,18-224757,1538034900000,2018,9,27,7,55,0,Thursday,545744.08154,4803034.35522,-80.43530299999999,43.378792999999995,At/near private drive,2,P.D. only,Thru lane,unknown,unknown,Other,Unknown,Daylight,01 - Daylight,Municipal (excl. Twp. Rd.),No control,unknown,0,0,0,False,False,False,Clear,,False,ROBERT FERRIE DR; ROBERT FERRIE DR,1/30/2020 11:43:23 AM,,
48192,18-225276,1538115000000,2018,9,28,6,10,0,Friday,541068.0,4811108.0,0.0,0.0,Non intersection,2,P.D. only,Thru lane,unknown,unknown,SMV unattended vehicle,Unknown,"Daylight, artificial","02 - Daylight, artificial",Regional municipality,Stop sign,Functioning,0,0,0,False,False,False,Clear,,False,HOWE DR; WINDALE CRES ; 10 M,1/30/2020 11:43:22 AM,,
48193,18-225296,1538118000000,2018,9,28,7,0,0,Friday,541793.75269,4812134.81089,-80.48337099999999,43.460964,At intersection,1,Non-fatal injury,Within intersection,unknown,unknown,Angle,Unknown,Dawn,03 - Dawn,unknown,Traffic signal,Functioning,0,0,0,False,False,False,Clear,,False,WELLINGTON ST N; LANCASTER ST W,2/19/2019 2:08:02 PM,,
48194,18-225368,1538001000000,2018,9,26,22,30,0,Wednesday,546543.65128,4812460.73975,-80.42463,43.463618,At/near private drive,2,P.D. only,Thru lane,unknown,unknown,SMV unattended vehicle,Unknown,Dark,07 - Dark,Municipal (excl. Twp. Rd.),No control,unknown,0,0,0,False,False,False,Clear,,False,OTTERBEIN RD; OTTERBEIN RD ; Near,1/30/2020 11:43:21 AM,,
48195,18-225452,1538086500000,2018,9,27,22,15,0,Thursday,547883.82235,4807451.22996,-80.408503,43.418428999999996,Non intersection,2,P.D. only,Thru lane,unknown,unknown,SMV other,Unknown,"Dark, artificial","08 - Dark, artificial",Regional municipality,No control,unknown,0,0,0,False,False,False,Clear,,False,KING ST E; KING ST E; Near,1/30/2020 11:43:20 AM,,
48196,18-225553,1538139240000,2018,9,28,12,54,0,Friday,541068.0,4811108.0,0.0,0.0,At/near private drive,2,P.D. only,Right shoulder,unknown,unknown,SMV other,Unknown,Daylight,01 - Daylight,Municipal (excl. Twp. Rd.),No control,unknown,0,0,0,False,False,False,Clear,,False,PATRICIA AVE; PATRICIA AVE ; At; 1 M,1/30/2020 11:43:19 AM,,
48197,18-225557,1538139600000,2018,9,28,13,0,0,Friday,544805.93707,4805155.87111,-80.44671,43.397951,Intersection related,2,P.D. only,Thru lane,unknown,unknown,Rear end,Unknown,Daylight,01 - Daylight,unknown,Stop sign,Functioning,0,0,0,False,False,False,Clear,,False,DOON VILLAGE RD; FARRIER DR,2/19/2019 2:08:01 PM,,
48198,18-225670,1538148600000,2018,9,28,15,30,0,Friday,545781.76389,4803445.87118,-80.434804,43.382495999999996,Non intersection,2,P.D. only,Thru lane,unknown,unknown,Rear end,Unknown,Daylight,01 - Daylight,unknown,School bus,Functioning,0,0,0,False,False,False,Clear,,False,PINE VALLEY DR; PINE VALLEY DR ; Near; 2 M,2/19/2019 2:08:00 PM,,
48199,18-225778,1538157600000,2018,9,28,18,0,0,Friday,544113.4299,4812708.17428,-80.454651,43.465993,Non intersection,2,P.D. only,Thru lane,unknown,unknown,SMV unattended vehicle,Unknown,Dusk,05 - Dusk,unknown,No control,unknown,0,0,0,False,False,False,Rain,,False,ROTHSAY AVE; ROTHSAY AVE ; 50 M,2/19/2019 2:07:59 PM,,
48200,18-225830,1538164080000,2018,9,28,19,48,0,Friday,545274.16556,4806437.54092,-80.440823,43.409464,At intersection,1,Non-fatal injury,Within intersection,unknown,unknown,Angle,Stop sign,"Dusk, artificial","06 - Dusk, artificial",unknown,Stop sign,Functioning,0,0,0,False,False,False,Rain,,False,WILSON AVE; WABANAKI DR; 0 M,2/19/2019 2:07:57 PM,,
48201,18-227082,1538254260000,2018,9,29,20,51,0,Saturday,541068.0,4811108.0,0.0,0.0,At intersection,2,P.D. only,Within intersection,unknown,unknown,Turning movement,Unknown,Dark,07 - Dark,Regional municipality,Stop sign,Functioning,0,0,0,False,False,False,Clear,,False,LORRAINE AVE ; CONFEDERATION DR,1/30/2020 11:43:18 AM,,
48202,18-227758,1538319600000,2018,9,30,15,0,0,Sunday,541068.0,4811108.0,0.0,0.0,At/near private drive,2,P.D. only,Right turn lane,unknown,unknown,Other,Unknown,Daylight,01 - Daylight,Regional municipality,Traffic signal,Functioning,0,0,0,False,False,False,Clear,,False,COURTLAND AVE E; COURTLAND AVE E; At; 5 M,1/30/2020 11:43:17 AM,,
48203,18-227776,1538322120000,2018,9,30,15,42,0,Sunday,542020.62126,4807776.9774,-80.480902,43.421713,Other,1,Non-fatal injury,Off highway,unknown,unknown,SMV unattended vehicle,Unknown,Daylight,01 - Daylight,unknown,No control,unknown,0,0,0,False,True,False,Clear,,False,SIDEWALK; APPALACHIAN CRES ; At,2/19/2019 2:07:55 PM,,
48204,18-228264,1538323200000,2018,9,30,16,0,0,Sunday,541045.71094,4810506.8706,-80.49274,43.446346999999996,At/near private drive,2,P.D. only,Thru lane,unknown,unknown,Other,Unknown,Daylight,01 - Daylight,unknown,Traffic signal,Functioning,0,0,0,False,False,False,Clear,,False,QUEEN ST S; QUEEN ST S; At,2/19/2019 2:07:53 PM,,
48205,18-228300,1538391600000,2018,10,1,11,0,0,Monday,545298.27689,4811404.01977,-80.440113,43.45418,Non intersection,1,Non-fatal injury,Not on roadway - right side,unknown,unknown,SMV other,Unknown,Daylight,01 - Daylight,Municipal (excl. Twp. Rd.),No control,unknown,0,0,0,False,False,False,Rain,,False,MONTCALM DR; HAMPTON PL; 35 M,1/30/2020 11:43:16 AM,,
48206,18-228543,1538412120000,2018,10,1,16,42,0,Monday,541068.0,4811108.0,0.0,0.0,At intersection,2,P.D. only,Within intersection,unknown,unknown,Turning movement,Unknown,Daylight,01 - Daylight,Municipal (excl. Twp. Rd.),Traffic signal,Functioning,0,0,0,False,False,False,Rain,,False,SHIRLEY AVE ; RIVERBEND DR,1/30/2020 11:43:15 AM,,
48207,18-229112,1538478300000,2018,10,2,11,5,0,Tuesday,542165.86148,4810382.59336,-80.47890699999999,43.445166,Intersection related,2,P.D. only,Thru lane,unknown,unknown,Sideswipe,Unknown,Daylight,01 - Daylight,unknown,Stop sign,Functioning,0,0,0,False,False,False,Rain,,False,KING ST E; PANDORA AVE N; 2 M,2/19/2019 2:07:52 PM,,
48208,18-229809,1538556900000,2018,10,3,8,55,0,Wednesday,541068.0,4811108.0,0.0,0.0,At/near private drive,1,Non-fatal injury,Thru lane,unknown,unknown,Other,Unknown,Daylight,01 - Daylight,Municipal (excl. Twp. Rd.),No control,unknown,0,0,0,False,False,False,Clear,,False,GLASGOW ST; GLASGOW ST ; At; 2 M,1/30/2020 11:43:14 AM,,
48209,18-229915,1538565540000,2018,10,3,11,19,0,Wednesday,541068.0,4811108.0,0.0,0.0,Non intersection,2,P.D. only,Thru lane,unknown,unknown,Sideswipe,Unknown,Daylight,01 - Daylight,Regional municipality,No control,unknown,0,0,0,False,False,False,Clear,,False,FREDERICK ST; RIVER RD E; Near; 50 M,1/30/2020 11:43:13 AM,,
48210,18-229942,1538565600000,2018,10,3,11,20,0,Wednesday,543563.87973,4812257.50779,-80.46148099999999,43.461968,Intersection related,2,P.D. only,Thru lane,unknown,unknown,Other,Unknown,Daylight,01 - Daylight,unknown,Traffic signal,Functioning,0,0,0,False,False,False,Clear,,False,FREDERICK ST; RIVER RD E; Near; 40 M,2/19/2019 2:07:50 PM,,
48211,18-230142,1538553600000,2018,10,3,8,0,0,Wednesday,544233.1497,4809057.16936,-80.453467,43.433113,At/near private drive,2,P.D. only,Right shoulder,unknown,unknown,SMV unattended vehicle,Unknown,Dawn,03 - Dawn,unknown,No control,unknown,0,0,0,False,False,False,Clear,,False,FOURTH AVE; FOURTH AVE ; 2 M,2/19/2019 2:07:48 PM,,
48212,18-230283,1538592300000,2018,10,3,18,45,0,Wednesday,544559.27565,4811740.31433,-80.449219,43.457252,At intersection,1,Non-fatal injury,Within intersection,unknown,unknown,Turning movement,Unknown,"Daylight, artificial","02 - Daylight, artificial",unknown,Traffic signal,Functioning,0,0,0,False,False,False,Clear,,False,RIVER RD E; LORRAINE AVE,2/19/2019 2:07:47 PM,,
48213,18-230329,1538550000000,2018,10,3,7,0,0,Wednesday,539568.28866,4811423.86956,-80.510932,43.454684,At intersection,1,Non-fatal injury,Within intersection,unknown,unknown,SMV other,Unknown,Dawn,03 - Dawn,unknown,Stop sign,Functioning,0,0,0,True,False,False,Clear,,False,PARK ST; GREEN ST,2/19/2019 2:07:45 PM,,
48214,18-230915,1538586300000,2018,10,3,17,5,0,Wednesday,542110.4337,4812326.17977,-80.47944199999999,43.462669,Intersection related,2,P.D. only,Thru lane,unknown,unknown,Rear end,Unknown,Daylight,01 - Daylight,Municipal (excl. Twp. Rd.),Stop sign,Functioning,0,0,0,False,False,False,Clear,,False,WELLINGTON ST N; SPRING VALLEY RD,1/30/2020 11:43:12 AM,,
48215,18-231601,1538729400000,2018,10,5,8,50,0,Friday,539055.22618,4805938.28209,-80.517665,43.405318,At/near private drive,2,P.D. only,Thru lane,unknown,unknown,Other,Unknown,Daylight,01 - Daylight,Municipal (excl. Twp. Rd.),No control,unknown,0,0,0,False,False,False,Clear,,False,ACTIVA AVE; ACTIVA AVE,1/30/2020 11:43:11 AM,,
48216,18-232532,1538388960000,2018,10,1,10,16,0,Monday,542866.30391,4810782.73014,-80.47022,43.448729,At intersection,1,Non-fatal injury,Within intersection,unknown,unknown,SMV other,Unknown,Daylight,01 - Daylight,unknown,Stop sign,Functioning,0,0,0,True,False,False,Clear,,False,EAST AVE; STIRLING AVE N,2/19/2019 2:07:43 PM,,
48217,18-232823,1538847600000,2018,10,6,17,40,0,Saturday,539731.43903,4809665.76705,-80.50904299999999,43.438845,At/near private drive,1,Non-fatal injury,Thru lane,unknown,unknown,Angle,Unknown,Daylight,01 - Daylight,unknown,Traffic signal,Functioning,0,0,0,False,False,False,Rain,,False,LAWRENCE AVE; HIGHLAND RD W; 200 M,2/19/2019 2:07:41 PM,,
48218,18-232894,1538853360000,2018,10,6,19,16,0,Saturday,541068.0,4811108.0,0.0,0.0,Intersection related,2,P.D. only,Thru lane,unknown,unknown,SMV other,Unknown,Dark,07 - Dark,Municipal (excl. Twp. Rd.),Stop sign,Functioning,0,0,0,False,False,False,Rain,,False,DOON VILLAGE RD; ANVIL ST; 5 M,1/30/2020 11:43:10 AM,,
48219,18-232947,1538857440000,2018,10,6,20,24,0,Saturday,544755.59346,4808022.6647,-80.447097,43.423767,At intersection,2,P.D. only,Within intersection,unknown,unknown,Angle,Unknown,Dark,07 - Dark,unknown,Traffic signal,Functioning,0,1,0,False,False,False,Rain,,False,WILSON AVE; TRAYNOR AVE,2/19/2019 2:07:39 PM,,
48220,18-233258,1538886960000,2018,10,7,4,36,0,Sunday,541068.0,4811108.0,0.0,0.0,Non intersection,2,P.D. only,Not on roadway - right side,unknown,unknown,SMV other,Unknown,Dark,07 - Dark,Municipal (excl. Twp. Rd.),No control,unknown,0,0,0,False,False,False,Rain,,False,WILSON AVE; WILSON AVE ; Near; 15 M,1/30/2020 11:43:09 AM,,
48221,18-233610,1538928480000,2018,10,7,16,8,0,Sunday,541068.0,4811108.0,0.0,0.0,Non intersection,2,P.D. only,Thru lane,unknown,unknown,SMV unattended vehicle,Unknown,Daylight,01 - Daylight,Municipal (excl. Twp. Rd.),No control,unknown,0,0,0,False,False,False,Other,,False,DOON SOUTH DR; DOON SOUTH DR ; Near; 12 M,1/30/2020 11:43:08 AM,,
48222,18-234037,1538894400000,2018,10,7,6,40,0,Sunday,543358.32747,4814568.81805,-80.463838,43.482791,Intersection related,1,Non-fatal injury,Right shoulder,unknown,unknown,SMV other,Unknown,Dark,07 - Dark,unknown,Stop sign,Functioning,0,0,0,True,False,False,Clear,,False,SCHWEITZER ST ; DANIEL AVE ; Near; 15 M,2/19/2019 2:07:38 PM,,
48223,18-234279,1539007200000,2018,10,8,14,0,0,Monday,547287.58397,4809374.64448,-80.415702,43.435784999999996,At/near private drive,1,Non-fatal injury,Thru lane,unknown,unknown,SMV other,Unknown,Daylight,01 - Daylight,Municipal (excl. Twp. Rd.),No control,unknown,0,0,0,False,False,True,Clear,,False,MORRISON RD ; MORRISON RD ; At; 1 M,1/30/2020 11:43:07 AM,,
48224,18-234919,1539088200000,2018,10,9,12,30,0,Tuesday,546298.96641,4804383.18171,-80.42833999999999,43.390903,At/near private drive,2,P.D. only,Thru lane,unknown,unknown,SMV unattended vehicle,Unknown,Daylight,01 - Daylight,unknown,No control,unknown,0,0,0,False,False,False,Clear,,False,OLD CARRIAGE DR; OLD CARRIAGE DR ; At; 1 M,2/19/2019 2:07:35 PM,,
48225,18-235207,1539110460000,2018,10,9,18,41,0,Tuesday,545636.07953,4808692.85664,-80.43616399999999,43.429748,At/near private drive,2,P.D. only,Two-way left turn lane,unknown,unknown,Turning movement,Unknown,Dawn,03 - Dawn,Regional municipality,No control,unknown,0,0,0,False,False,False,Clear,,False,KING ST E; KING ST E; At; 1 M,1/30/2020 11:43:06 AM,,
48226,18-235583,1539156600000,2018,10,10,7,30,0,Wednesday,541508.87218,4803883.41906,-80.48751999999999,43.386683999999995,Intersection related,2,P.D. only,Thru lane,unknown,unknown,Sideswipe,Unknown,Daylight,01 - Daylight,unknown,Stop sign,Functioning,0,0,0,False,False,False,Clear,,False,CORSICA ST; SOPHIA CRES; Near; 20 M,2/19/2019 2:07:34 PM,,
48227,18-235626,1539160080000,2018,10,10,8,28,0,Wednesday,543728.59672,4810736.01099,-80.45956699999999,43.448259,At intersection,2,P.D. only,Within intersection,unknown,unknown,Turning movement,Unknown,Daylight,01 - Daylight,unknown,Stop sign,Functioning,0,0,0,False,False,False,Clear,,False,NOTTINGHAM AVE; MANCHESTER RD,2/19/2019 2:07:33 PM,,
48228,18-235950,1539183840000,2018,10,10,15,4,0,Wednesday,538355.37181,4809929.55368,-80.526028,43.441292,Non intersection,1,Non-fatal injury,Off highway,unknown,unknown,SMV other,Unknown,Daylight,01 - Daylight,unknown,No control,unknown,0,0,0,False,False,False,Clear,,False,CHOPIN DR; CHOPIN DR; At; 2 M,2/19/2019 2:07:31 PM,,
48229,18-236183,1539199200000,2018,10,10,19,20,0,Wednesday,545075.76215,4812150.23564,-80.442801,43.460912,At/near private drive,2,P.D. only,Thru lane,unknown,unknown,Turning movement,Unknown,"Dark, artificial","08 - Dark, artificial",unknown,No control,unknown,0,0,0,False,False,False,Clear,,False,CONFEDERATION DR ; CONFEDERATION DR; Near; 20 M,2/19/2019 2:07:30 PM,,
48230,18-236736,1539258300000,2018,10,11,11,45,0,Thursday,547018.49703,4809847.29775,-80.41898599999999,43.440056999999996,At/near private drive,2,P.D. only,Thru lane,unknown,unknown,Other,Unknown,Daylight,01 - Daylight,Municipal (excl. Twp. Rd.),No control,unknown,0,0,0,False,False,False,Clear,,False,BEAUMONT CRES; BEAUMONT CRES ; Near,1/30/2020 11:43:05 AM,,
48231,18-237032,1539281940000,2018,10,11,18,19,0,Thursday,544563.95387,4808368.20706,-80.44943599999999,43.42689,Non intersection,2,P.D. only,Right shoulder,unknown,unknown,SMV unattended vehicle,Unknown,Dusk,05 - Dusk,unknown,No control,unknown,0,0,0,False,False,False,Clear,,False,GREENFIELD AVE; GREENFIELD AVE ; 0 M,2/19/2019 2:07:29 PM,,
48232,18-237461,1539283500000,2018,10,11,18,45,0,Thursday,537848.96064,4809102.7664,-80.532343,43.433873,Other,2,P.D. only,Off highway,unknown,unknown,SMV other,Unknown,Dusk,05 - Dusk,unknown,No control,unknown,0,0,0,False,False,False,Clear,,False,PRIVATE DRIVE; OPRINGTON DR ; At; 75 M,2/19/2019 2:07:27 PM,,
48233,18-238623,1539446400000,2018,10,13,16,0,0,Saturday,541183.32316,4810691.29258,-80.49102599999999,43.448,Intersection related,2,P.D. only,Right shoulder,unknown,unknown,SMV other,Unknown,Daylight,01 - Daylight,unknown,Traffic signal,Functioning,0,0,0,False,False,False,Clear,,False,JOSEPH ST; QUEEN ST S,2/19/2019 2:07:26 PM,,
48234,18-239186,1539450000000,2018,10,13,17,0,0,Saturday,541068.0,4811108.0,0.0,0.0,Non intersection,2,P.D. only,Thru lane,unknown,unknown,SMV unattended vehicle,Unknown,Dark,07 - Dark,Municipal (excl. Twp. Rd.),No control,unknown,0,0,0,False,False,False,Clear,,False,SEABROOK DR; SEABROOK DR; At,1/30/2020 11:43:05 AM,,
48235,18-239826,1539527400000,2018,10,14,14,30,0,Sunday,545567.46787,4809027.95033,-80.436984,43.43277,At/near private drive,1,Non-fatal injury,Thru lane,unknown,unknown,Rear end,Unknown,Daylight,01 - Daylight,unknown,No control,unknown,0,0,0,False,False,False,Clear,,False,KINZIE AVE; KINZIE AVE ; Near; 1 M,2/19/2019 2:07:24 PM,,
48236,18-240576,1539678600000,2018,10,16,8,30,0,Tuesday,543515.45334,4811073.39261,-80.46217399999999,43.451308999999995,Intersection related,1,Non-fatal injury,Thru lane,unknown,unknown,Sideswipe,Unknown,Daylight,01 - Daylight,unknown,Stop sign,Functioning,0,0,0,False,True,False,Clear,,False,ADA ST ; WEDGEWOOD DR ; Near; 1 M,2/19/2019 2:07:23 PM,,
48237,18-240762,1539693000000,2018,10,16,12,30,0,Tuesday,541343.36492,4809060.68564,-80.489171,43.43331,At intersection,2,P.D. only,Within intersection,unknown,unknown,Angle,Unknown,Daylight,01 - Daylight,unknown,Stop sign,Functioning,0,0,1,False,False,False,Clear,,False,HIGHLAND RD E; HEIMAN ST,2/19/2019 2:07:22 PM,,
48238,18-240948,1539434220000,2018,10,13,12,37,0,Saturday,548792.8089,4806331.53524,-80.397375,43.408288,Non intersection,2,P.D. only,Thru lane,unknown,unknown,Rear end,Unknown,Daylight,01 - Daylight,Regional municipality,No control,unknown,0,0,0,False,False,False,Clear,,False,KING ST E; KING ST E,1/30/2020 11:43:04 AM,,
48239,18-240976,1539705600000,2018,10,16,16,0,0,Tuesday,537649.83544,4807392.66878,-80.534921,43.418485,Intersection related,2,P.D. only,Thru lane,unknown,unknown,SMV unattended vehicle,Unknown,Daylight,01 - Daylight,unknown,Stop sign,Functioning,0,0,0,False,False,False,Clear,,False,WESTHEIGHTS DR; DRIFTWOOD DR,2/19/2019 2:07:21 PM,,
48240,18-241512,1539617400000,2018,10,15,15,30,0,Monday,536486.93716,4807175.8597,-80.549301,43.416591,At/near private drive,2,P.D. only,Thru lane,unknown,unknown,SMV unattended vehicle,Unknown,Daylight,01 - Daylight,Municipal (excl. Twp. Rd.),No control,unknown,0,0,0,False,False,False,Clear,,False,BENT WILLOW DR; BENT WILLOW DR ; Near,1/30/2020 11:43:03 AM,,
48241,18-241565,1539774000000,2018,10,17,11,0,0,Wednesday,544933.31218,4806326.17598,-80.445041,43.408480999999995,At/near private drive,2,P.D. only,Thru lane,unknown,unknown,Angle,Unknown,Daylight,01 - Daylight,Municipal (excl. Twp. Rd.),No control,unknown,0,0,0,False,False,False,Clear,,False,WABANAKI DR; WABANAKI DR; At; 0 M,1/30/2020 11:43:02 AM,,
48242,18-241607,1539714600000,2018,10,16,18,30,0,Tuesday,542145.73226,4807085.99878,-80.47941,43.415485,At/near private drive,2,P.D. only,Thru lane,unknown,unknown,Turning movement,Unknown,Daylight,01 - Daylight,Municipal (excl. Twp. Rd.),Traffic signal,Functioning,0,0,0,False,False,False,Clear,,False,BLOCK LINE RD; STRASBURG RD,1/30/2020 11:43:01 AM,,
48243,18-241752,1539794760000,2018,10,17,16,46,0,Wednesday,542523.87683,4812526.40425,-80.47431499999999,43.464448999999995,Non intersection,2,P.D. only,Thru lane,unknown,unknown,Rear end,Unknown,Daylight,01 - Daylight,unknown,No control,unknown,0,0,0,False,False,False,Clear,,False,WELLINGTON ST N; WELLINGTON ST N N TO 85 S ON; At; 3 M,2/19/2019 2:07:19 PM,,
48244,18-241785,1539796800000,2018,10,17,17,20,0,Wednesday,540471.90251,4809715.41384,-80.49989,43.439251999999996,At/near private drive,2,P.D. only,Not on roadway - right side,unknown,unknown,SMV other,Unknown,Daylight,01 - Daylight,unknown,Stop sign,Functioning,0,0,0,False,False,False,Rain,,False,QUEENS BLVD ; HIGHLAND RD W; At; 2 M,2/19/2019 2:07:18 PM,,
48245,18-242452,1539803400000,2018,10,17,19,10,0,Wednesday,541035.95161,4810977.39677,-80.492825,43.450585,Non intersection,2,P.D. only,Not on roadway - left side,unknown,unknown,SMV other,Unknown,Daylight,01 - Daylight,Municipal (excl. Twp. Rd.),No control,unknown,0,0,0,False,False,False,Clear,,False,GAUKEL ST; HALLS LANE W; Near; 20 M,1/30/2020 11:43:00 AM,,
48246,18-243079,1539939780000,2018,10,19,9,3,0,Friday,545979.45772,4805450.09673,-80.432195,43.400529999999996,Non intersection,2,P.D. only,Thru lane,unknown,unknown,SMV other,Unknown,Daylight,01 - Daylight,unknown,No control,unknown,0,0,0,False,False,False,Clear,,False,MILL PARK DR; GREEN VALLEY DR; 22 M,2/19/2019 2:07:17 PM,,
48247,18-243108,1539856800000,2018,10,18,10,0,0,Thursday,546202.50041,4803649.21478,-80.429593,43.384301,At/near private drive,2,P.D. only,Thru lane,unknown,unknown,Other,Unknown,Daylight,01 - Daylight,Municipal (excl. Twp. Rd.),No control,unknown,0,0,0,False,False,False,Clear,,False,DOON MILLS DR; DOON MILLS DR,1/30/2020 11:42:59 AM,,
48248,18-243113,1539802800000,2018,10,17,19,0,0,Wednesday,542276.78347,4810556.94801,-80.47752299999999,43.446729999999995,Non intersection,2,P.D. only,Thru lane,unknown,unknown,SMV unattended vehicle,Unknown,"Dark, artificial","08 - Dark, artificial",Municipal (excl. Twp. Rd.),No control,unknown,0,0,0,False,False,False,Clear,,False,PANDORA AVE N; PANDORA AVE N,1/30/2020 11:42:58 AM,,
48249,18-243183,1539948540000,2018,10,19,11,29,0,Friday,546128.78618,4814092.57764,-80.42962,43.478336999999996,At/near private drive,2,P.D. only,Thru lane,unknown,unknown,Rear end,Unknown,Daylight,01 - Daylight,Municipal (excl. Twp. Rd.),No control,unknown,0,0,0,False,False,False,Clear,,False,SHIRLEY DR; SHIRLEY DR; Near,1/30/2020 11:42:57 AM,,
48250,18-243325,1539936600000,2018,10,19,8,10,0,Friday,541801.98463,4810017.1914,-80.483432,43.441897,At/near private drive,1,Non-fatal injury,Off highway,unknown,unknown,SMV other,Unknown,Daylight,01 - Daylight,unknown,No control,unknown,0,0,0,True,False,False,Clear,,False,STIRLING AVE S; STIRLING AVE S; At; 1 M,2/19/2019 2:07:16 PM,,
48251,18-243370,1539962640000,2018,10,19,15,24,0,Friday,539593.83282,4806296.77195,-80.510988,43.408518,At/near private drive,1,Non-fatal injury,Thru lane,unknown,unknown,SMV other,Unknown,Daylight,01 - Daylight,unknown,No control,unknown,0,0,0,True,False,False,Clear,,False,ACTIVA AVE; ACTIVA AVE ; Near; 8 M,2/19/2019 2:07:14 PM,,
48252,18-243561,1539970200000,2018,10,19,17,30,0,Friday,540164.58318,4805724.229,-80.503981,43.403332,Non intersection,2,P.D. only,Thru lane,unknown,unknown,SMV unattended vehicle,Unknown,Daylight,01 - Daylight,Municipal (excl. Twp. Rd.),No control,unknown,0,0,0,False,False,False,Clear,,False,COMMONWEALTH CRES; COMMONWEALTH CRES; Near,1/30/2020 11:42:55 AM,,
48253,18-243571,1539977040000,2018,10,19,19,24,0,Friday,538900.94327,4811471.07684,-80.519177,43.455144,Intersection related,1,Non-fatal injury,Thru lane,unknown,unknown,Turning movement,Unknown,Dark,07 - Dark,unknown,Stop sign,Functioning,0,0,0,False,True,False,Rain,,False,BELMONT AVE W; UNION BLVD; Near; 10 M,2/19/2019 2:07:12 PM,,