OBJECTID,ACCIDENTNUM,ACCIDENTDATE,ACCIDENT_YEAR,ACCIDENT_MONTH,ACCIDENT_DAY,ACCIDENT_HOUR,ACCIDENT_MINUTE,ACCIDENT_SECOND,ACCIDENT_WEEKDAY,XCOORD,YCOORD,LONGITUDE,LATITUDE,ACCIDENTLOCATION,COLLISIONTYPE,CLASSIFICATIONOFACCIDENT,IMPACTLOCATION,INITIALDIRECTIONOFTRAVELONE,INITIALDIRECTIONOFTRAVELTWO,INITIALIMPACTTYPE,INTTRAFFICCONTROL,LIGHT,LIGHTFORREPORT,ROADJURISDICTION,TRAFFICCONTROL,TRAFFICCONTROLCONDITION,THRULANENO,NORTHBOUNDDISOBEYCOUNT,SOUTHBOUNDDISOBEYCOUNT,PEDESTRIANINVOLVED,CYCLISTINVOLVED,MOTORCYCLISTINVOLVED,ENVIRONMENTCONDITION1,ENVIRONMENTCONDITION2,SELFREPORTED,XMLIMPORTNOTES,LASTEDITEDDATE,CREATE_BY,CREATE_DATE
48254,18-244033,1539985500000,2018,10,19,21,45,0,Friday,543157.20413,4810409.0095,-80.46665399999999,43.445347999999996,Non intersection,2,P.D. only,Thru lane,unknown,unknown,SMV unattended vehicle,Unknown,"Dark, artificial","08 - Dark, artificial",Municipal (excl. Twp. Rd.),No control,unknown,0,0,0,False,False,False,Rain,,False,MCKENZIE AVE; MCKENZIE AVE,1/30/2020 11:42:54 AM,,
48255,18-244160,1540048500000,2018,10,20,15,15,0,Saturday,541068.0,4811108.0,0.0,0.0,Intersection related,1,Non-fatal injury,Thru lane,unknown,unknown,Sideswipe,Unknown,Daylight,01 - Daylight,unknown,Stop sign,Functioning,0,0,0,False,True,False,Clear,,False,LINCOLN RD; MAYFIELD AVE; 50 M,2/19/2019 2:07:10 PM,,
48256,18-244196,1540047600000,2018,10,20,15,0,0,Saturday,542164.76324,4810543.12257,-80.47890799999999,43.446611999999995,At intersection,2,P.D. only,Within intersection,unknown,unknown,Angle,Unknown,Daylight,01 - Daylight,Municipal (excl. Twp. Rd.),Stop sign,Functioning,0,0,0,False,False,False,Clear,,False,BETZNER AVE N; DUKE ST E,1/30/2020 11:42:54 AM,,
48257,18-244733,1540083600000,2018,10,21,1,0,0,Sunday,541247.15507,4807140.85204,-80.490505,43.416028999999995,Non intersection,2,P.D. only,Not on roadway - left side,unknown,unknown,SMV other,Unknown,Dark,07 - Dark,unknown,No control,unknown,0,0,0,False,False,False,Clear,,False,BLACKHORNE DR ; ROSENEATH CRES ; Near; 9 M,2/19/2019 2:07:09 PM,,
48258,18-244945,1540110600000,2018,10,21,8,30,0,Sunday,539582.9952,4810289.30241,-80.510832,43.444466999999996,Non intersection,2,P.D. only,Thru lane,unknown,unknown,SMV unattended vehicle,Unknown,Daylight,01 - Daylight,Municipal (excl. Twp. Rd.),No control,unknown,0,0,0,False,False,False,Clear,,False,TALBOT ST; TALBOT ST,1/30/2020 11:42:53 AM,,
48259,18-245473,1540203900000,2018,10,22,10,25,0,Monday,544423.91539,4807836.63297,-80.45121,43.422112,Non intersection,2,P.D. only,Not on roadway - right side,unknown,unknown,SMV other,Unknown,Daylight,01 - Daylight,Municipal (excl. Twp. Rd.),No control,unknown,0,0,0,False,False,False,Clear,,False,BELWOOD CRES; BELWOOD CRES; Near; 1 M,1/30/2020 11:42:52 AM,,
48260,18-245726,1540221000000,2018,10,22,15,10,0,Monday,537622.53423,4807072.53849,-80.535281,43.415603999999995,Non intersection,2,Non-reportable,Thru lane,unknown,unknown,Sideswipe,Unknown,Daylight,01 - Daylight,unknown,No control,unknown,0,0,0,False,False,False,Clear,,False,PARKLAND CRES; PARKLAND CRES,2/19/2019 2:07:08 PM,,
48261,18-246116,1540275600000,2018,10,23,6,20,0,Tuesday,546697.22225,4802285.28884,-80.423602,43.371989,Non intersection,2,P.D. only,Not on roadway - right side,unknown,unknown,SMV other,Unknown,Dark,07 - Dark,unknown,No control,unknown,0,0,0,False,False,False,Clear,,False,REICHERT DR ; NEW DUNDEE RD ; 100 M,2/19/2019 2:07:06 PM,,
48262,18-246442,1540304940000,2018,10,23,14,29,0,Tuesday,540516.27463,4811536.57653,-80.499206,43.455648,Intersection related,1,Non-fatal injury,Thru lane,unknown,unknown,Turning movement,Unknown,Daylight,01 - Daylight,unknown,Stop sign,Functioning,0,0,0,False,False,True,Clear,,False,WATERLOO ST; WELLINGTON ST N,2/19/2019 2:07:05 PM,,
48263,18-246589,1540309800000,2018,10,23,15,50,0,Tuesday,541068.0,4811108.0,0.0,0.0,Intersection related,2,P.D. only,Thru lane,unknown,unknown,Rear end,Unknown,Daylight,01 - Daylight,Regional municipality,Stop sign,Functioning,0,0,0,False,False,False,Clear,,False,GLASGOW ST ; WESTWOOD DR,1/30/2020 11:42:50 AM,,
48264,18-246997,1540372020000,2018,10,24,9,7,0,Wednesday,539176.06492,4810910.48479,-80.515816,43.450081999999995,At/near private drive,2,P.D. only,Thru lane,unknown,unknown,Rear end,Unknown,Daylight,01 - Daylight,unknown,No control,unknown,0,0,0,False,False,False,Clear,,False,BELMONT AVE W; BELMONT AVE W; Near; 10 M,2/19/2019 2:07:04 PM,,
48265,18-247049,1540283400000,2018,10,23,8,30,0,Tuesday,541439.78435,4803276.75264,-80.488419,43.381225,Intersection related,2,P.D. only,Thru lane,unknown,unknown,Rear end,Unknown,Daylight,01 - Daylight,Regional municipality,Yield sign,Functioning,0,0,0,False,False,False,Rain,,False,HURON RD; FISCHER HALLMAN RD; Near; 100 M,1/30/2020 11:42:49 AM,,
48266,18-247433,1539432000000,2018,10,13,12,0,0,Saturday,539405.59682,4810202.01899,-80.513031,43.443691,Non intersection,2,P.D. only,Thru lane,unknown,unknown,SMV unattended vehicle,Unknown,Daylight,01 - Daylight,Municipal (excl. Twp. Rd.),No control,unknown,0,0,0,False,False,False,Clear,,False,TALBOT ST; TALBOT ST; Near,1/30/2020 11:42:49 AM,,
48267,18-247861,1540420200000,2018,10,24,22,30,0,Wednesday,537876.70874,4808864.75984,-80.532017,43.431729,Intersection related,2,P.D. only,Thru lane,unknown,unknown,SMV unattended vehicle,Unknown,"Dark, artificial","08 - Dark, artificial",Municipal (excl. Twp. Rd.),Stop sign,Functioning,0,0,0,False,False,False,Clear,,False,OPRINGTON DR ; BANKSIDE DR ; 20 M,1/30/2020 11:42:47 AM,,
48268,18-247862,1540425660000,2018,10,25,0,1,0,Thursday,541961.20983,4804297.20611,-80.481903,43.390384999999995,Non intersection,2,P.D. only,Thru lane,unknown,unknown,SMV unattended vehicle,Unknown,"Dark, artificial","08 - Dark, artificial",Municipal (excl. Twp. Rd.),No control,unknown,0,0,0,False,False,False,Clear,,False,SORRENTO ST; SORRENTO ST; Near,1/30/2020 11:42:47 AM,,
48269,18-248156,1540484220000,2018,10,25,16,17,0,Thursday,543248.69687,4804520.9295,-80.46598999999999,43.392326,At intersection,1,Non-fatal injury,Within intersection,unknown,unknown,Angle,Unknown,Daylight,01 - Daylight,unknown,Yield sign,Functioning,0,0,0,False,False,False,Clear,,False,HURON RD ; STRASBURG RD,2/19/2019 2:07:01 PM,,
48270,18-248223,1540484400000,2018,10,25,16,20,0,Thursday,546000.26987,4808536.21643,-80.43167799999999,43.428315999999995,At/near private drive,2,P.D. only,Thru lane,unknown,unknown,Turning movement,Unknown,Daylight,01 - Daylight,Regional municipality,No control,unknown,0,0,0,False,False,False,Clear,,False,KING ST E; KING ST E,1/30/2020 11:42:46 AM,,
48271,18-248323,1540499400000,2018,10,25,20,30,0,Thursday,543295.7595,4809652.04119,-80.465002,43.438524,Non intersection,2,P.D. only,Thru lane,unknown,unknown,SMV unattended vehicle,Unknown,"Dark, artificial","08 - Dark, artificial",Municipal (excl. Twp. Rd.),No control,unknown,0,0,0,False,False,False,Clear,,False,FLORAL CRES; FLORAL CRES,1/30/2020 11:42:45 AM,,
48272,18-248930,1540572360000,2018,10,26,16,46,0,Friday,545142.60036,4802787.27073,-80.44274899999999,43.376604,At intersection,2,P.D. only,Within intersection,unknown,unknown,Turning movement,Unknown,Daylight,01 - Daylight,unknown,Stop sign,Functioning,0,0,0,False,False,False,Clear,,False,SOUTH CREEK DR; ELMBANK TRAIL,2/19/2019 2:07:00 PM,,
48273,18-248936,1540572600000,2018,10,26,16,50,0,Friday,545035.06345,4807867.15275,-80.443658,43.42235,Intersection related,2,P.D. only,Left turn lane,unknown,unknown,Rear end,Unknown,Dusk,05 - Dusk,unknown,Traffic signal,Functioning,0,0,0,False,False,False,Strong wind,,False,KINGSWAY DR; WILSON AVE; Near; 50 M,2/19/2019 2:06:59 PM,,
48274,18-249728,1540653900000,2018,10,27,15,25,0,Saturday,543170.84134,4811977.43475,-80.46636099999999,43.459469,Non intersection,1,Non-fatal injury,Thru lane,unknown,unknown,SMV unattended vehicle,Unknown,Daylight,01 - Daylight,unknown,No control,unknown,0,0,0,False,False,False,Rain,,False,ROSEMOUNT DR; ROSEMOUNT DR ; 2 M,2/19/2019 2:06:58 PM,,
48275,18-250242,1540700520000,2018,10,28,4,22,0,Sunday,546791.54913,4811214.1565,-80.421673,43.452379,Non intersection,2,P.D. only,Not on roadway - right side,unknown,unknown,SMV other,Unknown,"Dark, artificial","08 - Dark, artificial",unknown,No control,unknown,0,0,0,False,False,False,Rain,,False,ZELLER DR; ZELLER DR; At; 2 M,2/19/2019 2:06:57 PM,,
48276,18-251178,1540569600000,2018,10,26,16,0,0,Friday,539608.57232,4805615.00257,-80.51085499999999,43.402378,Non intersection,2,P.D. only,Thru lane,unknown,unknown,SMV unattended vehicle,Unknown,Daylight,01 - Daylight,Municipal (excl. Twp. Rd.),No control,unknown,0,0,0,False,False,False,Clear,,False,DONNENWERTH DR ; ACTIVA AVE ; Near; 100 M,1/30/2020 11:42:44 AM,,
48277,18-251227,1540821600000,2018,10,29,14,0,0,Monday,548229.94699,4806262.13667,-80.404333,43.407700000000006,At/near private drive,2,P.D. only,Thru lane,unknown,unknown,Sideswipe,Unknown,Daylight,01 - Daylight,Municipal (excl. Twp. Rd.),No control,unknown,0,0,0,False,False,False,Clear,,False,CANDLE CRES; CANDLE CRES ; At,1/30/2020 11:42:42 AM,,
48278,18-251334,1540699200000,2018,10,28,4,0,0,Sunday,544512.14939,4808075.61765,-80.4501,43.424257999999995,Non intersection,2,P.D. only,Thru lane,unknown,unknown,SMV unattended vehicle,Unknown,"Dark, artificial","08 - Dark, artificial",Municipal (excl. Twp. Rd.),No control,unknown,0,0,0,False,False,False,Rain,,False,BYRON AVE; BYRON AVE; Near,1/30/2020 11:42:41 AM,,
48279,18-251444,1540283400000,2018,10,23,8,30,0,Tuesday,544829.70617,4805004.30418,-80.446429,43.396584999999995,At intersection,2,P.D. only,Within intersection,unknown,unknown,Turning movement,Unknown,Daylight,01 - Daylight,Municipal (excl. Twp. Rd.),Stop sign,Functioning,0,0,0,False,False,False,Rain,,False,MILLWOOD CRES; DOON VILLAGE RD,1/30/2020 11:42:40 AM,,
48280,18-251674,1540881900000,2018,10,30,6,45,0,Tuesday,540912.20219,4801276.34432,-80.495081,43.363242,Other,2,P.D. only,Off highway,unknown,unknown,SMV other,Unknown,Dark,07 - Dark,unknown,No control,unknown,0,0,0,False,False,False,Clear,,False,PLAINS RD; At; 5 M,2/19/2019 2:06:55 PM,,
48281,18-251776,1540890300000,2018,10,30,9,5,0,Tuesday,547713.96886,4804211.09737,-80.410884,43.389264999999995,At/near private drive,1,Non-fatal injury,Right shoulder,unknown,unknown,Turning movement,Unknown,Daylight,01 - Daylight,unknown,No control,unknown,0,0,0,False,True,False,Clear,,False,DOON VALLEY DR; DOON VALLEY DR ; At; 5 M,2/19/2019 2:06:54 PM,,
48282,18-251819,1540890000000,2018,10,30,9,0,0,Tuesday,540172.92003,4809412.33921,-80.503607,43.43654,At intersection,1,Non-fatal injury,Within intersection,unknown,unknown,SMV other,Unknown,Daylight,01 - Daylight,unknown,Traffic signal,Functioning,0,0,0,True,False,False,Clear,,False,QUEENS BLVD; BELMONT AVE E,2/19/2019 2:06:53 PM,,
48283,18-251831,1540894080000,2018,10,30,10,8,0,Tuesday,541001.44247,4809237.14995,-80.493383,43.434917,Non intersection,2,P.D. only,Thru lane,unknown,unknown,SMV unattended vehicle,Unknown,Daylight,01 - Daylight,unknown,No control,unknown,0,0,0,False,False,False,Clear,,False,LORNE AVE ; LORNE AVE ; 1 M,2/19/2019 2:06:51 PM,,
48284,18-251889,1540821600000,2018,10,29,14,0,0,Monday,540799.16445,4812514.9811,-80.495637,43.464442,Non intersection,2,P.D. only,Thru lane,unknown,unknown,SMV unattended vehicle,Unknown,Daylight,01 - Daylight,Municipal (excl. Twp. Rd.),No control,unknown,0,0,0,False,False,False,Clear,,False,MARGARET AVE; MARGARET AVE ; Near,1/30/2020 11:42:39 AM,,
48285,18-251952,1540901700000,2018,10,30,12,15,0,Tuesday,545409.20544,4809347.39434,-80.438913,43.435655999999994,At/near private drive,2,P.D. only,Thru lane,unknown,unknown,Turning movement,Unknown,Daylight,01 - Daylight,unknown,No control,unknown,0,0,0,False,False,False,Clear,,False,FERGUS AVE; FERGUS AVE ; Near; 5 M,2/19/2019 2:06:50 PM,,
48286,18-252507,1540883700000,2018,10,30,7,15,0,Tuesday,545272.18356,4811157.55589,-80.440456,43.451963,At/near private drive,2,Non-reportable,Thru lane,unknown,unknown,Other,Unknown,Dawn,03 - Dawn,unknown,No control,unknown,0,0,0,False,False,False,Clear,,False,OLD CHICOPEE DR; OLD CHICOPEE DR ; At; 1 M,2/19/2019 2:06:49 PM,,
48287,18-253071,1541012100000,2018,10,31,18,55,0,Wednesday,538866.39175,4805710.03283,-80.520014,43.403273,Non intersection,1,Non-fatal injury,Thru lane,unknown,unknown,SMV other,Unknown,Dark,07 - Dark,unknown,No control,unknown,0,0,0,True,False,False,Clear,,False,ACTIVA AVE; SNOWDROP CRES ; Near; 500 M,2/19/2019 2:06:48 PM,,
48288,18-253432,1541058900000,2018,11,1,7,55,0,Thursday,543896.59548,4811907.74178,-80.457396,43.458799,At intersection,2,P.D. only,Within intersection,unknown,unknown,Turning movement,Unknown,Daylight,01 - Daylight,unknown,Traffic signal,Functioning,0,0,0,False,False,False,Rain,,False,KRUG ST; RIVER RD E,2/19/2019 2:06:47 PM,,
48289,18-253509,1541061780000,2018,11,1,8,43,0,Thursday,539664.81432,4805440.56793,-80.510173,43.400804,At/near private drive,2,P.D. only,Thru lane,unknown,unknown,Other,Unknown,Daylight,01 - Daylight,Municipal (excl. Twp. Rd.),No control,unknown,0,0,0,False,False,False,Rain,,False,PERIWINKLE ST; PERIWINKLE ST,1/30/2020 11:42:38 AM,,
48290,18-253819,1541079000000,2018,11,1,13,30,0,Thursday,544560.24976,4811738.40462,-80.449207,43.457235,Non intersection,2,P.D. only,Thru lane,unknown,unknown,Rear end,Unknown,Daylight,01 - Daylight,Municipal (excl. Twp. Rd.),Ped. crossover,Functioning,0,0,0,False,False,False,Rain,,False,RIVER RD E; LORRAINE AVE; Near,1/30/2020 11:42:38 AM,,
48291,18-254045,1540994400000,2018,10,31,14,0,0,Wednesday,541798.89074,4810619.92035,-80.483424,43.447323999999995,Non intersection,2,P.D. only,Thru lane,unknown,unknown,Other,Unknown,Daylight,01 - Daylight,Regional municipality,No control,unknown,0,0,0,False,False,False,Clear,,False,KING ST E; CEDAR ST N; Near,1/30/2020 11:42:37 AM,,
48292,18-254322,1541144700000,2018,11,2,7,45,0,Friday,546026.73709,4813465.27772,-80.43093499999999,43.472694999999995,At/near private drive,2,P.D. only,Thru lane,unknown,unknown,SMV other,Unknown,"Dawn, artificial","04 - Dawn, artificial",unknown,No control,unknown,0,0,0,False,False,False,Rain,,False,CENTENNIAL RD; CENTENNIAL RD ; At; 2 M,2/19/2019 2:06:46 PM,,
48293,18-254389,1541139000000,2018,11,2,6,10,0,Friday,536912.97122,4808538.73045,-80.54394599999999,43.428841,At/near private drive,2,P.D. only,Thru lane,unknown,unknown,SMV unattended vehicle,Unknown,"Dark, artificial","08 - Dark, artificial",Municipal (excl. Twp. Rd.),No control,unknown,0,0,0,False,False,False,Rain,,False,HIDDEN CREEK DR; HIDDEN CREEK DR; At,1/30/2020 11:42:36 AM,,
48294,18-254444,1541084040000,2018,11,1,14,54,0,Thursday,544640.95731,4804560.34342,-80.448796,43.392599,At/near private drive,2,P.D. only,Right shoulder,unknown,unknown,Other,Unknown,Daylight,01 - Daylight,Municipal (excl. Twp. Rd.),No control,unknown,0,0,0,False,False,False,Rain,,False,NATHANIEL CRES; NATHANIEL CRES; Near,1/30/2020 11:42:35 AM,,
48295,18-254687,1541169540000,2018,11,2,14,39,0,Friday,545434.4954,4808343.04887,-80.438684,43.426611,At intersection,2,P.D. only,Within intersection,unknown,unknown,Rear end,Unknown,Daylight,01 - Daylight,unknown,Ped. crossover,Functioning,0,0,0,False,False,False,Rain,,False,KINGSWAY DR ; CEDARWOODS CRES,2/19/2019 2:06:45 PM,,
48296,18-254726,1541166300000,2018,11,2,13,45,0,Friday,539406.41963,4811272.39631,-80.51294299999999,43.453328,Non intersection,2,P.D. only,Thru lane,unknown,unknown,Sideswipe,Unknown,Daylight,01 - Daylight,Municipal (excl. Twp. Rd.),No control,unknown,0,0,0,False,False,False,Rain,,False,GLASGOW ST; YORK ST; Near,1/30/2020 11:42:34 AM,,
48297,18-254761,1541174340000,2018,11,2,15,59,0,Friday,540311.16376,4809615.86044,-80.50188399999999,43.438365,Intersection related,2,P.D. only,Thru lane,unknown,unknown,Sideswipe,Unknown,Daylight,01 - Daylight,unknown,Stop sign,Functioning,0,0,0,False,False,False,Clear,,False,QUEENS BLVD; PATRICIA AVE ; Near; 50 M,2/19/2019 2:06:43 PM,,
48298,18-254763,1541100300000,2018,11,1,19,25,0,Thursday,541578.45573,4811820.56331,-80.48605599999999,43.458147,At railway crossing,2,P.D. only,Thru lane,unknown,unknown,Other,Unknown,Dark,07 - Dark,Municipal (excl. Twp. Rd.),Traffic controller,unknown,0,0,0,False,False,False,Rain,,False,ST LEGER ST; CN RAIL,1/30/2020 11:42:34 AM,,
48299,18-254838,1541181000000,2018,11,2,17,50,0,Friday,542448.39929,4807282.75703,-80.475656,43.417238999999995,At intersection,1,Non-fatal injury,Within intersection,unknown,unknown,SMV other,Unknown,Daylight,01 - Daylight,Regional municipality,Stop sign,Functioning,0,0,0,True,False,False,Clear,,False,BLOCK LINE RD ; COUNTRY HILL DR,1/30/2020 11:42:33 AM,,
48300,18-255900,1541294460000,2018,11,4,1,21,0,Sunday,543895.1878,4811907.58207,-80.457414,43.458797999999994,Non intersection,2,P.D. only,Right shoulder,unknown,unknown,SMV unattended vehicle,Unknown,Dark,07 - Dark,unknown,Stop sign,Functioning,0,0,0,False,False,False,Clear,,False,KRUG ST ; RIVER RD E; Near; 100 M,2/19/2019 2:06:42 PM,,
48301,18-256706,1541372400000,2018,11,4,23,0,0,Sunday,539794.94951,4807569.55312,-80.508411,43.419967,Non intersection,2,P.D. only,Thru lane,unknown,unknown,SMV unattended vehicle,Unknown,"Dark, artificial","08 - Dark, artificial",Municipal (excl. Twp. Rd.),No control,unknown,0,0,0,False,False,False,Rain,,False,WINDALE CRES; WINDALE CRES; Near,1/30/2020 11:42:32 AM,,
48302,18-256892,1541424540000,2018,11,5,13,29,0,Monday,545364.92398,4811022.12003,-80.43932099999999,43.450738,At intersection,2,P.D. only,Within intersection,unknown,unknown,Angle,Unknown,Daylight,01 - Daylight,unknown,Stop sign,Functioning,0,0,0,False,False,False,Rain,,False,OLD CHICOPEE DR; HOLBORN DR,2/19/2019 2:06:40 PM,,
48303,18-256911,1541420400000,2018,11,5,12,20,0,Monday,542858.09329,4806946.93229,-80.47062199999999,43.414192,Non intersection,2,P.D. only,Thru lane,unknown,unknown,Other,Unknown,Daylight,01 - Daylight,unknown,No control,unknown,0,0,0,False,False,False,Rain,,False,COUNTRY HILL DR ; COACH HILL DR ; Near; 10 M,2/19/2019 2:06:39 PM,,
48304,18-257749,1541439900000,2018,11,5,17,45,0,Monday,536851.12167,4808267.35265,-80.54472899999999,43.426401,At intersection,2,P.D. only,Within intersection,unknown,unknown,Turning movement,Unknown,Daylight,01 - Daylight,Municipal (excl. Twp. Rd.),Stop sign,Functioning,0,0,1,False,False,False,Clear,,False,BANKSIDE DR; WESTFOREST TRAIL,1/30/2020 11:42:30 AM,,
48305,18-258058,1541537700000,2018,11,6,20,55,0,Tuesday,543045.77311,4813849.66948,-80.467759,43.476334,Non intersection,2,P.D. only,Not on roadway - left side,unknown,unknown,SMV other,Unknown,Dark,07 - Dark,unknown,No control,unknown,0,0,0,False,False,False,Rain,,False,PAIGE PL; PAIGE PL ; At; 1 M,2/19/2019 2:06:38 PM,,
48306,18-258489,1541516400000,2018,11,6,15,0,0,Tuesday,537579.33666,4808086.49231,-80.53574499999999,43.424735999999996,Non intersection,2,P.D. only,Thru lane,unknown,unknown,SMV unattended vehicle,Unknown,Daylight,01 - Daylight,Municipal (excl. Twp. Rd.),No control,unknown,0,0,0,False,False,False,Rain,,False,LANARK CRES; LANARK CRES ; Near,1/30/2020 11:42:30 AM,,
48307,18-258513,1541596500000,2018,11,7,13,15,0,Wednesday,539404.39988,4810382.64284,-80.513033,43.445316999999996,Intersection related,2,P.D. only,Off highway,unknown,unknown,SMV other,Unknown,Daylight,01 - Daylight,unknown,No control,unknown,0,0,0,False,False,False,Clear,,False,BELMONT AVE W; KARN ST ; At; 9 M,2/19/2019 2:06:36 PM,,
48308,18-258707,1541605800000,2018,11,7,15,50,0,Wednesday,539024.36423,4805658.8253,-80.518067,43.402803,At/near private drive,2,P.D. only,Thru lane,unknown,unknown,Turning movement,Unknown,Daylight,01 - Daylight,Municipal (excl. Twp. Rd.),No control,unknown,0,0,0,False,False,False,Clear,,False,ACTIVA AVE; ACTIVA AVE ; At,1/30/2020 11:42:29 AM,,
48309,18-258753,1541430000000,2018,11,5,15,0,0,Monday,540832.00797,4812602.29095,-80.495224,43.465226,Intersection related,2,P.D. only,Thru lane,unknown,unknown,SMV unattended vehicle,Unknown,Daylight,01 - Daylight,Municipal (excl. Twp. Rd.),Stop sign,Functioning,0,0,0,False,False,False,Clear,,False,FAIRFIELD AVE; WOODWARD AVE ; Near; 10 M,1/30/2020 11:42:28 AM,,
48310,18-258791,1541615400000,2018,11,7,18,30,0,Wednesday,540225.8562,4811991.90143,-80.50276199999999,43.459762999999995,At intersection,2,P.D. only,Within intersection,unknown,unknown,Turning movement,Unknown,"Dark, artificial","08 - Dark, artificial",Municipal (excl. Twp. Rd.),Stop sign,Functioning,0,0,0,False,False,False,Clear,,False,WATERLOO ST; GUELPH ST,1/30/2020 11:42:27 AM,,
48311,18-258849,1541620560000,2018,11,7,19,56,0,Wednesday,542216.10109,4812378.09292,-80.478132,43.463131,Non intersection,1,Non-fatal injury,Thru lane,unknown,unknown,SMV unattended vehicle,Unknown,"Dark, artificial","08 - Dark, artificial",Regional municipality,No control,unknown,0,0,0,False,False,False,Clear,,False,WELLINGTON ST N; WELLINGTON ST N; At; 3 M,1/30/2020 11:42:26 AM,,
48312,18-260048,1541692800000,2018,11,8,16,0,0,Thursday,541841.18298,4808906.67254,-80.483032,43.431895,At intersection,1,Non-fatal injury,Within intersection,unknown,unknown,SMV other,Unknown,Daylight,01 - Daylight,unknown,Stop sign,Functioning,0,0,1,True,False,False,Clear,,False,MEINZINGER AVE; HOFFMAN ST; 7 M,2/19/2019 2:06:35 PM,,
48313,18-260176,1541682000000,2018,11,8,13,0,0,Thursday,538312.7437,4807874.32096,-80.526699,43.422788999999995,At/near private drive,2,P.D. only,Thru lane,unknown,unknown,SMV unattended vehicle,Unknown,Daylight,01 - Daylight,Municipal (excl. Twp. Rd.),No control,unknown,0,0,0,False,False,False,Clear,,False,SILVER ASPEN CRES; SILVER ASPEN CRES; Near; 1 M,1/30/2020 11:42:25 AM,,
48314,18-260323,1541780760000,2018,11,9,16,26,0,Friday,542387.77928,4811333.30454,-80.476091,43.453714,At intersection,2,P.D. only,Within intersection,unknown,unknown,Angle,Unknown,Daylight,01 - Daylight,unknown,Stop sign,Functioning,0,0,0,False,False,False,Rain,,False,LYDIA ST; CHAPEL ST,2/19/2019 2:06:34 PM,,
48315,18-260863,1541839800000,2018,11,10,8,50,0,Saturday,543563.87973,4812257.50778,-80.46148099999999,43.461968,At intersection,1,Non-fatal injury,Within intersection,unknown,unknown,Angle,Unknown,Daylight,01 - Daylight,unknown,Traffic signal,Functioning,0,0,0,False,False,False,Snow,,False,FREDERICK ST ; RIVER RD E,2/19/2019 2:06:32 PM,,
48316,18-260874,1541841120000,2018,11,10,9,12,0,Saturday,542482.3363,4812900.22397,-80.4748,43.467817,Non intersection,2,P.D. only,Not on roadway - right side,unknown,unknown,SMV other,Unknown,Daylight,01 - Daylight,unknown,No control,unknown,0,0,0,False,False,False,Snow,,False,SPRING VALLEY RD; GUELPH ST ; Near; 25 M,2/19/2019 2:06:31 PM,,
48317,18-260877,1541841480000,2018,11,10,9,18,0,Saturday,541956.14918,4810866.36444,-80.481461,43.449534,Intersection related,2,P.D. only,Thru lane,unknown,unknown,Rear end,Unknown,Daylight,01 - Daylight,unknown,Stop sign,Functioning,0,0,0,False,False,False,Snow,,False,KRUG ST; LANCASTER ST E,2/19/2019 2:06:30 PM,,
48318,18-260898,1541840700000,2018,11,10,9,5,0,Saturday,538220.36275,4808355.9733,-80.527807,43.42713,At intersection,2,P.D. only,Within intersection,unknown,unknown,Angle,Unknown,Daylight,01 - Daylight,Regional municipality,Traffic signal,Functioning,0,0,0,False,False,False,Clear,,False,QUEENS BLVD; ELM RIDGE DR,1/30/2020 11:42:24 AM,,
48319,18-260901,1541843400000,2018,11,10,9,50,0,Saturday,542313.24292,4810287.38398,-80.477093,43.444300999999996,Non intersection,2,P.D. only,Off highway,unknown,unknown,SMV other,Unknown,Daylight,01 - Daylight,unknown,No control,unknown,0,0,0,False,False,False,Snow,,False,STIRLING AVE N; KING ST W; 20 M,2/19/2019 2:06:29 PM,,
48320,18-260914,1541842200000,2018,11,10,9,30,0,Saturday,543496.82716,4809571.88083,-80.462524,43.43779,At intersection,2,P.D. only,Within intersection,unknown,unknown,Turning movement,Unknown,Daylight,01 - Daylight,unknown,Stop sign,Functioning,0,0,0,False,False,False,Snow,,False,DOON RD ; FLORAL CRES ; 1 M,2/19/2019 2:06:27 PM,,
48321,18-260921,1541841000000,2018,11,10,9,10,0,Saturday,544561.21119,4811738.41098,-80.449195,43.457235,At intersection,2,P.D. only,Within intersection,unknown,unknown,Angle,Unknown,Daylight,01 - Daylight,Regional municipality,Traffic signal,Functioning,0,0,0,False,False,False,Clear,,False,LORRAINE AVE; RIVER RD E,1/30/2020 11:42:23 AM,,
48322,18-260948,1541847720000,2018,11,10,11,2,0,Saturday,537226.84577,4808083.14828,-80.540099,43.424724,Non intersection,2,P.D. only,Right shoulder,unknown,unknown,SMV unattended vehicle,Unknown,Daylight,01 - Daylight,unknown,No control,unknown,0,0,0,False,False,False,Snow,,False,HIGH ACRES CRES; HIGH ACRES CRES ; 2 M,2/19/2019 2:06:26 PM,,
48323,18-260987,1541847600000,2018,11,10,11,0,0,Saturday,540920.06699,4812367.0831,-80.494153,43.463104,Intersection related,2,P.D. only,Thru lane,unknown,unknown,Rear end,Unknown,Daylight,01 - Daylight,Municipal (excl. Twp. Rd.),Traffic signal,Functioning,0,0,0,False,False,False,Clear,,False,GUELPH ST; MARGARET AVE,1/30/2020 11:42:22 AM,,