OBJECTID,ACCIDENTNUM,ACCIDENTDATE,ACCIDENT_YEAR,ACCIDENT_MONTH,ACCIDENT_DAY,ACCIDENT_HOUR,ACCIDENT_MINUTE,ACCIDENT_SECOND,ACCIDENT_WEEKDAY,XCOORD,YCOORD,LONGITUDE,LATITUDE,ACCIDENTLOCATION,COLLISIONTYPE,CLASSIFICATIONOFACCIDENT,IMPACTLOCATION,INITIALDIRECTIONOFTRAVELONE,INITIALDIRECTIONOFTRAVELTWO,INITIALIMPACTTYPE,INTTRAFFICCONTROL,LIGHT,LIGHTFORREPORT,ROADJURISDICTION,TRAFFICCONTROL,TRAFFICCONTROLCONDITION,THRULANENO,NORTHBOUNDDISOBEYCOUNT,SOUTHBOUNDDISOBEYCOUNT,PEDESTRIANINVOLVED,CYCLISTINVOLVED,MOTORCYCLISTINVOLVED,ENVIRONMENTCONDITION1,ENVIRONMENTCONDITION2,SELFREPORTED,XMLIMPORTNOTES,LASTEDITEDDATE,CREATE_BY,CREATE_DATE
48606,19-132094,1559865600000,2019,6,7,0,0,0,Friday,544057.95232,4804179.21628,-80.456025,43.389202,Intersection related,1,Non-fatal injury,Within intersection,unknown,unknown,Angle,Unknown,Dusk,05 - Dusk,Municipal (excl. Twp. Rd.),unknown,Functioning,0,0,0,False,False,False,Clear,,False,BIEHN DR; ROBERTSON CRES,10/24/2019 10:07:01 AM,,
48607,19-132226,1559865600000,2019,6,7,0,0,0,Friday,543689.91725,4813019.95046,-80.459862,43.468826,Non intersection,2,P.D. only,Thru lane,unknown,unknown,Rear end,Unknown,"Dark, artificial","08 - Dark, artificial",Municipal (excl. Twp. Rd.),No control,unknown,0,0,0,False,False,False,Clear,,False,SHIRLEY AVE; SHIRLEY AVE; At; 0 M,10/24/2019 10:07:03 AM,,
48608,19-132941,1559952000000,2019,6,8,0,0,0,Saturday,540566.03144,4810275.08182,-80.498685,43.444286999999996,Non intersection,2,P.D. only,Thru lane,unknown,unknown,SMV unattended vehicle,Unknown,Daylight,01 - Daylight,Municipal (excl. Twp. Rd.),No control,unknown,0,0,0,False,False,False,Clear,,False,DILL ST; DAVID ST; Near; 100 M,10/24/2019 10:07:05 AM,,
48609,19-134965,1560124800000,2019,6,10,0,0,0,Monday,539699.58766,4811080.18173,-80.509334,43.451581999999995,At intersection,2,P.D. only,Within intersection,unknown,unknown,SMV other,Stop sign,Dark,07 - Dark,Municipal (excl. Twp. Rd.),unknown,unknown,0,0,0,False,False,False,Clear,,False,STRANGE ST; DOMINION ST,10/24/2019 10:07:07 AM,,
48610,19-135277,1560211200000,2019,6,11,0,0,0,Tuesday,539080.32711,4811110.77031,-80.51698499999999,43.45189,Intersection related,1,Non-fatal injury,Right shoulder,unknown,unknown,Sideswipe,Unknown,Daylight,01 - Daylight,Regional municipality,unknown,unknown,0,0,0,True,True,False,Clear,,False,BELMONT AVE W; BELMONT AVE W; At; 0 K,10/24/2019 10:07:08 AM,,
48611,19-135726,1560211200000,2019,6,11,0,0,0,Tuesday,541324.60727,4810864.60759,-80.489266,43.449552999999995,Non intersection,2,P.D. only,Thru lane,unknown,unknown,Sideswipe,Unknown,Daylight,01 - Daylight,Regional municipality,No control,unknown,0,0,0,False,False,False,Clear,,False,20 QUEEN ST S; KING ST W,10/24/2019 10:07:17 AM,,
48612,19-137072,1560384000000,2019,6,13,0,0,0,Thursday,541266.47772,4809003.76844,-80.49012599999999,43.432801,At/near private drive,1,Non-fatal injury,Thru lane,unknown,unknown,Other,Unknown,Daylight,01 - Daylight,Municipal (excl. Twp. Rd.),No control,unknown,0,0,0,False,False,False,Rain,,False,PPRIVATE DRIVE; HEIMAN ST; At; 2 M,10/24/2019 10:07:19 AM,,
48613,19-137538,1560384000000,2019,6,13,0,0,0,Thursday,542096.75161,4804324.83072,-80.480228,43.390626,At intersection,1,Non-fatal injury,Within intersection,unknown,unknown,Angle,Unknown,Daylight,01 - Daylight,Regional municipality,unknown,Functioning,0,1,0,False,True,False,Clear,,False,BIANCA CRT; SORRENTO ST,10/24/2019 10:07:20 AM,,
48614,19-137588,1560384000000,2019,6,13,0,0,0,Thursday,543537.58944,4804939.72402,-80.462389,43.39608,At/near private drive,2,P.D. only,Thru lane,unknown,unknown,Angle,Unknown,Daylight,01 - Daylight,Municipal (excl. Twp. Rd.),No control,unknown,0,0,0,False,False,False,Clear,,False,HURON RD; HURON RD; At; 1 M,10/24/2019 10:07:21 AM,,
48615,19-138017,1560470400000,2019,6,14,0,0,0,Friday,542447.15045,4807282.37534,-80.475672,43.417235999999995,Intersection related,2,P.D. only,Thru lane,unknown,unknown,Angle,Unknown,Daylight,01 - Daylight,Regional municipality,unknown,Functioning,0,0,0,False,False,False,Clear,,False,BLOCK LINE RD; COUNTRY HILL DR; At,10/24/2019 10:07:22 AM,,
48616,19-138255,1560470400000,2019,6,14,0,0,0,Friday,545119.37721,4807679.69509,-80.442632,43.420657,At/near private drive,2,P.D. only,Thru lane,unknown,unknown,Rear end,Unknown,Daylight,01 - Daylight,Regional municipality,No control,unknown,0,0,0,False,False,False,Clear,,False,WILSON AVE; FAIRWAY RD S; Near; 1 M,10/24/2019 10:07:24 AM,,
48617,19-139503,1560556800000,2019,6,15,0,0,0,Saturday,543757.0761,4806542.74014,-80.45955099999999,43.410501,Non intersection,2,P.D. only,Thru lane,unknown,unknown,Rear end,Unknown,Dark,07 - Dark,Regional municipality,No control,unknown,0,0,0,False,False,False,Clear,,False,BLEAMS RD; HOMER WATSON BLVD; Near; 300 M,10/24/2019 10:07:25 AM,,
48618,19-139720,1560643200000,2019,6,16,0,0,0,Sunday,537216.41525,4809544.60082,-80.540129,43.437883,Non intersection,1,Non-fatal injury,Thru lane,unknown,unknown,SMV other,Unknown,Daylight,01 - Daylight,Municipal (excl. Twp. Rd.),No control,unknown,0,0,0,False,False,False,Clear,,False,LENNOX CRES; LENNOX CRES; Near; 45 M,10/24/2019 10:07:26 AM,,
48619,19-141626,1560816000000,2019,6,18,0,0,0,Tuesday,545850.82144,4809757.2194,-80.433422,43.439319,Intersection related,1,Non-fatal injury,Thru lane,unknown,unknown,Rear end,Unknown,Daylight,01 - Daylight,Regional municipality,unknown,unknown,0,0,0,False,False,False,Clear,,False,RIVER RD E; OLD CHICOPEE DR,10/24/2019 10:07:28 AM,,
48620,19-141797,1560816000000,2019,6,18,0,0,0,Tuesday,546456.28316,4810998.90023,-80.42583499999999,43.450461999999995,At/near private drive,1,Non-fatal injury,Off highway,unknown,unknown,SMV other,Unknown,Daylight,01 - Daylight,Private property,No control,unknown,0,0,0,True,False,False,Clear,,False,WENDY CRT; WENDY CRT; At; 1 M,10/24/2019 10:07:15 AM,,
48621,19-143108,1560988800000,2019,6,20,0,0,0,Thursday,543702.85885,4812050.54389,-80.459779,43.460096,Non intersection,2,P.D. only,Right shoulder,unknown,unknown,SMV unattended vehicle,Unknown,Dark,07 - Dark,Regional municipality,No control,unknown,0,0,0,False,False,False,Rain,,False,RIVER RD E; RIVER RD E; At; 1 M,10/24/2019 10:07:27 AM,,
48622,19-143363,1560988800000,2019,6,20,0,0,0,Thursday,542110.80349,4812326.62826,-80.47943699999999,43.462672999999995,Intersection related,2,P.D. only,Thru lane,unknown,unknown,Sideswipe,Unknown,Daylight,01 - Daylight,Regional municipality,unknown,Functioning,0,0,0,False,False,False,Clear,,False,WELLINGTON ST N; SPRING VALLEY DR; Near; 1 M,10/24/2019 10:07:31 AM,,
48623,19-144048,1561075200000,2019,6,21,0,0,0,Friday,542010.80269,4810483.62386,-80.48081499999999,43.446085,At intersection,2,P.D. only,Within intersection,unknown,unknown,Angle,Unknown,Daylight,01 - Daylight,Regional municipality,unknown,Functioning,0,0,0,False,False,False,Clear,,False,CAMERON ST S; KING ST E,10/24/2019 10:07:32 AM,,
48624,19-144481,1561075200000,2019,6,21,0,0,0,Friday,539404.07862,4810382.64887,-80.513037,43.445316999999996,At intersection,2,P.D. only,Not on roadway - right side,unknown,unknown,SMV other,Unknown,Daylight,01 - Daylight,Regional municipality,unknown,unknown,0,0,0,False,False,False,Clear,,False,BELMONT AVE W; KARN ST,10/24/2019 10:07:33 AM,,
48625,19-144687,1560470400000,2019,6,14,0,0,0,Friday,545275.23893,4806434.61146,-80.44081,43.409437,At intersection,2,P.D. only,Within intersection,unknown,unknown,Angle,Stop sign,Daylight,01 - Daylight,Municipal (excl. Twp. Rd.),unknown,Functioning,0,0,0,False,False,False,Clear,,False,WILSON AVE; WABANAKI DR; ; 0 M,10/24/2019 10:07:36 AM,,
48626,19-144992,1561161600000,2019,6,22,0,0,0,Saturday,538063.37497,4808311.61236,-80.529749,43.426739,At intersection,1,Non-fatal injury,Not on roadway - left side,unknown,unknown,SMV other,Unknown,Dawn,03 - Dawn,Municipal (excl. Twp. Rd.),unknown,Functioning,0,1,0,False,False,False,Clear,,False,WESTHEIGHTS DR; QUEENS BLVD,10/24/2019 10:07:40 AM,,
48627,19-145585,1561161600000,2019,6,22,0,0,0,Saturday,544805.87344,4805155.63281,-80.446711,43.397949,At intersection,2,unknown,Within intersection,unknown,unknown,Angle,Unknown,Daylight,01 - Daylight,Municipal (excl. Twp. Rd.),unknown,Functioning,0,0,0,False,False,False,Clear,,False,DOON VILLAGE RD; MILLWOOD CRES,10/24/2019 10:07:41 AM,,
48628,19-146077,1561248000000,2019,6,23,0,0,0,Sunday,543442.30133,4811580.47994,-80.463038,43.455878999999996,Intersection related,1,Non-fatal injury,Within intersection,unknown,unknown,Rear end,Unknown,Daylight,01 - Daylight,Municipal (excl. Twp. Rd.),unknown,unknown,0,0,0,False,False,False,Clear,,False,KRUG ST; CAMBRIDGE AVE,10/24/2019 10:07:42 AM,,
48629,19-147119,1561334400000,2019,6,24,0,0,0,Monday,540375.24681,4809643.96576,-80.50108999999999,43.438614,Non intersection,1,Non-fatal injury,Thru lane,unknown,unknown,Sideswipe,Unknown,Daylight,01 - Daylight,Municipal (excl. Twp. Rd.),No control,unknown,0,0,0,False,False,False,Clear,,False,QUEENS BLVD; QUEENS BLVD; ; 5 M,10/24/2019 10:07:37 AM,,
48630,19-147422,1561334400000,2019,6,24,0,0,0,Monday,542107.20222,4807129.00279,-80.479883,43.415873999999995,Intersection related,2,P.D. only,Within intersection,unknown,unknown,Turning movement,Unknown,"Dark, artificial","08 - Dark, artificial",Municipal (excl. Twp. Rd.),unknown,Functioning,0,0,0,False,False,False,Rain,,False,STRASBURG RD; BLOCK LINE RD; At,10/24/2019 10:07:44 AM,,
48631,19-148806,1561507200000,2019,6,26,0,0,0,Wednesday,544780.38422,4805277.63107,-80.44701599999999,43.399049,At intersection,1,Non-fatal injury,Within intersection,unknown,unknown,Angle,Unknown,Daylight,01 - Daylight,Municipal (excl. Twp. Rd.),unknown,Functioning,0,0,0,False,False,False,Clear,,False,DOON VILLAGE RD; MILLWOOD CRES,10/24/2019 10:07:45 AM,,
48632,19-148824,1561507200000,2019,6,26,0,0,0,Wednesday,541184.54022,4810692.24015,-80.491011,43.448009,Intersection related,2,P.D. only,Not on roadway - right side,unknown,unknown,Sideswipe,Unknown,Daylight,01 - Daylight,Municipal (excl. Twp. Rd.),unknown,unknown,0,0,0,False,True,False,Clear,,False,JOSEPH ST; QUEEN ST S; ; 2 M,10/24/2019 10:07:46 AM,,
48633,19-148938,1561507200000,2019,6,26,0,0,0,Wednesday,538294.19016,4809842.84367,-80.52678999999999,43.440514,Intersection related,2,P.D. only,Off highway,unknown,unknown,SMV other,Unknown,Daylight,01 - Daylight,Regional municipality,unknown,Functioning,0,0,0,False,False,False,Clear,,False,CHOPIN DR; HAZELGLEN DR; At; 17 M,10/24/2019 10:07:47 AM,,
48634,19-149096,1561507200000,2019,6,26,0,0,0,Wednesday,538591.1076,4808650.65948,-80.523206,43.429764999999996,At/near private drive,1,Non-fatal injury,Thru lane,unknown,unknown,Turning movement,Unknown,Daylight,01 - Daylight,Municipal (excl. Twp. Rd.),No control,unknown,0,0,0,False,False,False,Clear,,False,OVERLEA CRES; OVERLEA CRES; Near; 0 M,10/24/2019 10:07:48 AM,,
48635,19-151874,1561766400000,2019,6,29,0,0,0,Saturday,542043.93352,4804223.13342,-80.480888,43.389713,Non intersection,1,Non-fatal injury,Thru lane,unknown,unknown,SMV unattended vehicle,Unknown,Daylight,01 - Daylight,Municipal (excl. Twp. Rd.),No control,unknown,0,0,0,False,False,False,Clear,,False,PARKVALE DR; PARKVALE DR; Near; 10 M,10/24/2019 10:07:50 AM,,
48636,19-152764,1561852800000,2019,6,30,0,0,0,Sunday,545053.70492,4811499.03895,-80.443128,43.45505,Other,2,P.D. only,Off highway,unknown,unknown,SMV unattended vehicle,Unknown,Daylight,01 - Daylight,Private property,No control,unknown,0,0,0,False,False,False,Clear,,False,OLD YORK CRES,10/24/2019 10:07:51 AM,,
48637,19-155079,1562112000000,2019,7,3,0,0,0,Wednesday,544719.65251,4808596.70306,-80.44749399999999,43.428937999999995,Non intersection,2,P.D. only,Thru lane,unknown,unknown,Other,Unknown,Daylight,01 - Daylight,Municipal (excl. Twp. Rd.),No control,unknown,0,0,0,False,False,False,Clear,,False,CONNAUGHT ST; CARROL ST; Near; 15 M,10/24/2019 10:07:53 AM,,
48638,19-157158,1562284800000,2019,7,5,0,0,0,Friday,543429.44287,4807179.5475,-80.46354699999999,43.416253999999995,At/near private drive,2,P.D. only,Thru lane,unknown,unknown,SMV unattended vehicle,Unknown,Daylight,01 - Daylight,Municipal (excl. Twp. Rd.),No control,unknown,0,0,0,False,False,False,Clear,,False,BRISBANE DR; BRISBANE DR; At; 2 M,10/24/2019 10:07:54 AM,,
48639,19-157179,1562284800000,2019,7,5,0,0,0,Friday,548157.29704,4804447.98817,-80.40539,43.391369999999995,Other,2,unknown,Off highway,unknown,unknown,SMV other,Unknown,Daylight,01 - Daylight,Private property,Stop sign,Functioning,0,0,0,False,False,False,Clear,,False,THROUGH ROAD; DOON VALLEY DR; At; 300 M,10/24/2019 10:07:14 AM,,
48640,19-157645,1562371200000,2019,7,6,0,0,0,Saturday,539088.73302,4810784.29972,-80.516905,43.448949999999996,Intersection related,2,P.D. only,Not on roadway - right side,unknown,unknown,SMV other,Unknown,Daylight,01 - Daylight,Municipal (excl. Twp. Rd.),unknown,unknown,0,0,0,False,False,False,Clear,,False,BRANDON AVE; MARINA RD,10/24/2019 10:07:56 AM,,
48641,19-157737,1562371200000,2019,7,6,0,0,0,Saturday,541342.28852,4809065.45864,-80.489184,43.433353,Intersection related,2,P.D. only,Within intersection,unknown,unknown,Angle,Unknown,Daylight,01 - Daylight,Municipal (excl. Twp. Rd.),unknown,Functioning,0,0,0,False,False,False,Clear,,False,HIGHLAND RD E; HEIMAN ST,10/24/2019 10:07:57 AM,,
48642,19-158094,1562371200000,2019,7,6,0,0,0,Saturday,538071.69518,4807550.18252,-80.5297,43.419882,At intersection,2,P.D. only,Thru lane,unknown,unknown,Rear end,Unknown,"Daylight, artificial","02 - Daylight, artificial",Municipal (excl. Twp. Rd.),unknown,Functioning,0,0,0,False,False,False,Clear,,False,WESTHEIGHTS DR; MCGARRY DR,10/24/2019 10:08:00 AM,,
48643,19-158700,1562457600000,2019,7,7,0,0,0,Sunday,539560.74496,4809022.45488,-80.51119899999999,43.433062,Non intersection,1,Non-fatal injury,Thru lane,unknown,unknown,SMV unattended vehicle,Unknown,Daylight,01 - Daylight,Municipal (excl. Twp. Rd.),No control,unknown,0,0,0,False,False,False,Clear,,False,QUEENS BLVD; WESTMOUNT RD E; ; 100 M,10/24/2019 10:07:38 AM,,
48644,19-161341,1562716800000,2019,7,10,0,0,0,Wednesday,539703.23665,4810376.94496,-80.50934,43.44525,Other,1,Non-fatal injury,Off highway,unknown,unknown,Angle,Unknown,Daylight,01 - Daylight,Private property,No control,unknown,0,0,0,False,True,False,Clear,,False,PATRICIA AVE; ; At,10/24/2019 10:07:13 AM,,
48645,19-162189,1562803200000,2019,7,11,0,0,0,Thursday,542559.60444,4812550.40353,-80.473872,43.464662999999994,At intersection,1,Non-fatal injury,Within intersection,unknown,unknown,Angle,Unknown,Daylight,01 - Daylight,Municipal (excl. Twp. Rd.),unknown,Functioning,0,0,0,False,False,False,Clear,,False,WELLINGTON ST N; 85 S OFF TO WELLINGTON ST N,10/24/2019 10:07:30 AM,,
48646,19-163012,1562889600000,2019,7,12,0,0,0,Friday,542307.28949,4811038.7987,-80.477108,43.451066999999995,Intersection related,2,P.D. only,Within intersection,unknown,unknown,Angle,Unknown,Daylight,01 - Daylight,Regional municipality,unknown,Functioning,0,0,0,False,False,False,Clear,,False,KRUG ST; SAMUEL ST; At; 5 M,10/24/2019 10:08:01 AM,,
48647,19-163225,1562889600000,2019,7,12,0,0,0,Friday,544896.95698,4811396.1907,-80.445073,43.454133999999996,Non intersection,1,Non-fatal injury,Thru lane,unknown,unknown,Sideswipe,Unknown,Daylight,01 - Daylight,Municipal (excl. Twp. Rd.),No control,unknown,0,0,0,False,False,False,Clear,,False,BRECKENRIDGE DR; 50 BRECKENRIDGE DR; At; 5 M,10/24/2019 10:08:04 AM,,
48648,19-163328,1562889600000,2019,7,12,0,0,0,Friday,547357.4053,4804245.23947,-80.415284,43.389595,Intersection related,2,P.D. only,Not on roadway - left side,unknown,unknown,SMV other,Unknown,Dusk,05 - Dusk,Municipal (excl. Twp. Rd.),unknown,Functioning,0,0,0,False,False,False,Clear,,False,PRIVATE LAWN; PINNACLE DR; Near; 6 M,10/24/2019 10:08:08 AM,,
48649,19-165130,1563148800000,2019,7,15,0,0,0,Monday,545094.16752,4808424.48983,-80.442882,43.427364999999995,At/near private drive,2,P.D. only,Right shoulder,unknown,unknown,SMV unattended vehicle,Unknown,Dark,07 - Dark,Municipal (excl. Twp. Rd.),No control,unknown,0,0,0,False,False,False,Clear,,False,CEDARWOODS CRES; CEDARWOODS CRES; At; 5 M,10/24/2019 10:08:09 AM,,
48650,19-168364,1563408000000,2019,7,18,0,0,0,Thursday,543663.85277,4804889.28429,-80.46083399999999,43.395618,Intersection related,2,P.D. only,Thru lane,unknown,unknown,SMV unattended vehicle,Unknown,"Daylight, artificial","02 - Daylight, artificial",Regional municipality,unknown,Functioning,0,0,0,False,False,False,Clear,,False,OLD HURON RD; BATTLER RD; Near; 30 M,10/24/2019 10:08:10 AM,,
48651,19-168969,1563494400000,2019,7,19,0,0,0,Friday,541637.98437,4805541.40716,-80.485799,43.401604999999996,At intersection,1,Non-fatal injury,Within intersection,unknown,unknown,Angle,Unknown,Daylight,01 - Daylight,Municipal (excl. Twp. Rd.),unknown,Functioning,0,0,0,False,True,False,Clear,,False,WASHBURN DR; TRILLIUM DR,10/24/2019 10:08:12 AM,,
48652,19-169359,1563580800000,2019,7,20,0,0,0,Saturday,544014.89014,4808542.59791,-80.456206,43.428492999999996,At intersection,1,Non-fatal injury,Not on roadway - right side,unknown,unknown,SMV other,Unknown,"Dark, artificial","08 - Dark, artificial",Municipal (excl. Twp. Rd.),unknown,Functioning,0,0,0,False,False,False,Clear,,False,WILSON AVE; FOURTH AVE,10/24/2019 10:08:14 AM,,
48653,19-169706,1563580800000,2019,7,20,0,0,0,Saturday,540824.10234,4811303.1771,-80.495419,43.45353,Non intersection,1,Non-fatal injury,Not on roadway - right side,unknown,unknown,SMV other,Unknown,Daylight,01 - Daylight,Regional municipality,No control,unknown,0,0,0,False,False,False,Clear,,False,DUKE ST W; VICTORIA ST N; Near; 75 M,10/24/2019 10:08:16 AM,,
48654,19-169713,1563580800000,2019,7,20,0,0,0,Saturday,538627.48093,4807727.0839,-80.52282199999999,43.421447,At intersection,1,Non-fatal injury,Thru lane,unknown,unknown,Rear end,Unknown,Daylight,01 - Daylight,Regional municipality,unknown,unknown,0,0,0,False,False,False,Clear,,False,MCGARRY DR; PINEHURST CRES,10/24/2019 10:08:18 AM,,
48655,19-170335,1563667200000,2019,7,21,0,0,0,Sunday,542670.16715,4806929.11472,-80.472945,43.414041999999995,At intersection,1,Non-fatal injury,Off highway,unknown,unknown,SMV other,Unknown,"Dark, artificial","08 - Dark, artificial",Municipal (excl. Twp. Rd.),unknown,Functioning,0,0,0,False,False,False,Clear,,False,OLD COUNTRY DR; COUNTRY HILL DR,10/24/2019 10:08:20 AM,,
48656,19-170751,1563667200000,2019,7,21,0,0,0,Sunday,539640.20187,4807404.39522,-80.510335,43.418487999999996,At/near private drive,2,P.D. only,Thru lane,unknown,unknown,Rear end,Unknown,Daylight,01 - Daylight,Regional municipality,No control,unknown,0,0,0,False,False,False,Clear,,False,VALLEYVIEW RD; VALLEYVIEW RD; At; 10 M,10/24/2019 10:08:21 AM,,
48657,19-171657,1563753600000,2019,7,22,0,0,0,Monday,546857.49457,4811246.60798,-80.420855,43.452667,Non intersection,2,P.D. only,Thru lane,unknown,unknown,Sideswipe,Unknown,Daylight,01 - Daylight,Regional municipality,No control,unknown,0,0,0,False,False,False,Clear,,False,ZELLER DR; JANET CRT; ; 30 M,10/24/2019 10:08:22 AM,,
48658,19-173088,1563926400000,2019,7,24,0,0,0,Wednesday,548346.84284,4804583.12652,-80.403038,43.392575,Non intersection,1,Non-fatal injury,Thru lane,unknown,unknown,Turning movement,Unknown,Daylight,01 - Daylight,Municipal (excl. Twp. Rd.),No control,unknown,0,0,0,False,False,False,Clear,,False,DOON VALLEY DR; DOON VALLEY DR; At; 2 M,10/24/2019 10:08:06 AM,,
48659,19-173400,1563926400000,2019,7,24,0,0,0,Wednesday,537355.25834,4809950.86744,-80.53838499999999,43.441534,At/near private drive,1,Non-fatal injury,Thru lane,unknown,unknown,SMV unattended vehicle,Unknown,Daylight,01 - Daylight,Municipal (excl. Twp. Rd.),No control,unknown,0,0,0,True,False,False,Clear,,False,WESTWOOD DR; WESTWOOD DR; At; 1 M,10/24/2019 10:08:23 AM,,
48660,19-173928,1564012800000,2019,7,25,0,0,0,Thursday,537511.46274,4808815.99725,-80.53653299999999,43.431308,At/near private drive,2,P.D. only,Off highway,unknown,unknown,SMV other,Unknown,Daylight,01 - Daylight,Private property,No control,unknown,0,0,0,False,False,False,Clear,,False,EASTFOREST TRAIL; EASTFOREST TRAIL; ; 9 M,10/24/2019 10:08:25 AM,,
48661,19-176123,1564185600000,2019,7,27,0,0,0,Saturday,548005.52118,4806203.42765,-80.40711,43.407185999999996,Non intersection,2,P.D. only,Thru lane,unknown,unknown,SMV unattended vehicle,Unknown,Daylight,01 - Daylight,Municipal (excl. Twp. Rd.),No control,unknown,0,0,0,False,False,False,Clear,,False,DEER RIDGE DR; DEER RIDGE DR; At; 1 M,10/24/2019 10:08:29 AM,,
48662,19-176312,1564185600000,2019,7,27,0,0,0,Saturday,538369.38136,4809770.22867,-80.525866,43.439856999999996,Non intersection,2,P.D. only,Right shoulder,unknown,unknown,SMV unattended vehicle,Unknown,Dark,07 - Dark,Municipal (excl. Twp. Rd.),No control,unknown,0,0,0,False,False,False,Clear,,False,HAZELGLEN DR; HAZELGLEN DR; At; 6 M,10/24/2019 10:08:30 AM,,
48663,19-176682,1564272000000,2019,7,28,0,0,0,Sunday,543584.47888,4804802.09615,-80.461821,43.394838,Intersection related,2,P.D. only,Thru lane,unknown,unknown,SMV unattended vehicle,Unknown,Dawn,03 - Dawn,Municipal (excl. Twp. Rd.),unknown,Functioning,0,0,0,False,False,False,Clear,,False,OLD HURON RD; MARIANNE DORN TRAIL; At,10/24/2019 10:08:31 AM,,
48664,19-177734,1564358400000,2019,7,29,0,0,0,Monday,541074.65915,4813134.19474,-80.492184,43.470002,Non intersection,2,P.D. only,Right shoulder,unknown,unknown,SMV unattended vehicle,Unknown,Daylight,01 - Daylight,Municipal (excl. Twp. Rd.),No control,unknown,0,0,0,False,False,False,Clear,,False,UNION ST; UNION ST; Near; 1 M,10/24/2019 10:08:33 AM,,
48665,19-177887,1564358400000,2019,7,29,0,0,0,Monday,542581.4422,4810126.70841,-80.47379099999999,43.442839,Intersection related,2,P.D. only,Within intersection,unknown,unknown,Rear end,Unknown,"Dark, artificial","08 - Dark, artificial",Regional municipality,unknown,Functioning,0,0,0,False,False,False,Rain,,False,KING ST E; BORDEN AVE N; At,10/24/2019 10:08:34 AM,,
48666,19-179973,1564617600000,2019,8,1,0,0,0,Thursday,542905.58756,4812718.04756,-80.469582,43.466153,At intersection,1,Non-fatal injury,Within intersection,unknown,unknown,Angle,Unknown,Daylight,01 - Daylight,Municipal (excl. Twp. Rd.),unknown,Functioning,0,0,1,False,False,False,Clear,,False,WELLINGTON ST N; 85 N OFF TO WELLINGTON ST N N,10/24/2019 10:08:37 AM,,
48667,19-180519,1564617600000,2019,8,1,0,0,0,Thursday,539675.83734,4806484.95822,-80.50996099999999,43.410208,At intersection,1,Non-fatal injury,Within intersection,unknown,unknown,Angle,Unknown,Daylight,01 - Daylight,Township,unknown,Functioning,0,1,0,False,True,False,Clear,,False,WILDERNESS DR; ACTIVA AVE,10/24/2019 10:08:38 AM,,
48668,19-181902,1564790400000,2019,8,3,0,0,0,Saturday,541359.64615,4808641.95986,-80.489002,43.429538,At intersection,1,Non-fatal injury,Within intersection,unknown,unknown,Turning movement,Unknown,Daylight,01 - Daylight,Regional municipality,unknown,Functioning,0,0,0,False,False,False,Clear,,False,HOMER WATSON BLVD; HOFFMAN ST,10/24/2019 10:08:39 AM,,
48669,19-186676,1565308800000,2019,8,9,0,0,0,Friday,541509.15782,4809198.95067,-80.487112,43.434545,Intersection related,1,Non-fatal injury,Thru lane,unknown,unknown,Rear end,Unknown,Daylight,01 - Daylight,Municipal (excl. Twp. Rd.),unknown,unknown,0,0,0,False,False,False,Clear,,False,KEHL ST; HEIMAN ST; ; 20 M,10/24/2019 10:08:41 AM,,
48670,19-187927,1565481600000,2019,8,11,0,0,0,Sunday,542855.97953,4803897.478,-80.47088699999999,43.386734999999994,Non intersection,2,P.D. only,Thru lane,unknown,unknown,SMV unattended vehicle,Unknown,Dark,07 - Dark,Regional municipality,No control,unknown,0,0,0,False,False,False,Clear,,False,TUDOR ST; TUDOR ST; Near; 30 M,10/24/2019 10:08:42 AM,,
48671,19-188290,1565481600000,2019,8,11,0,0,0,Sunday,546063.1918,4809493.4196,-80.43082,43.436931,At intersection,2,P.D. only,Within intersection,unknown,unknown,Angle,Unknown,Daylight,01 - Daylight,Regional municipality,unknown,Functioning,0,0,0,False,False,False,Clear,,False,KINZIE AVE; RIVER RD E; ; 0 M,10/24/2019 10:08:43 AM,,
48672,19-188911,1565568000000,2019,8,12,0,0,0,Monday,542626.55111,4804000.23064,-80.47371199999999,43.387673,At intersection,2,P.D. only,Within intersection,unknown,unknown,Rear end,Unknown,Daylight,01 - Daylight,Regional municipality,unknown,Functioning,0,0,0,False,False,False,Clear,,False,HURON RD; FEATHERSTONE ST,10/24/2019 10:08:46 AM,,
48673,19-188967,1565568000000,2019,8,12,0,0,0,Monday,544778.91678,4804997.65435,-80.447057,43.396527999999996,Non intersection,2,P.D. only,Thru lane,unknown,unknown,Rear end,Unknown,Daylight,01 - Daylight,Municipal (excl. Twp. Rd.),No control,unknown,0,0,0,False,False,False,Clear,,False,MILLWOOD CRES; DOON VALLEY DR; ; 50 M,10/24/2019 10:08:47 AM,,