OBJECTID,ACCIDENTNUM,ACCIDENTDATE,ACCIDENT_YEAR,ACCIDENT_MONTH,ACCIDENT_DAY,ACCIDENT_HOUR,ACCIDENT_MINUTE,ACCIDENT_SECOND,ACCIDENT_WEEKDAY,XCOORD,YCOORD,LONGITUDE,LATITUDE,ACCIDENTLOCATION,COLLISIONTYPE,CLASSIFICATIONOFACCIDENT,IMPACTLOCATION,INITIALDIRECTIONOFTRAVELONE,INITIALDIRECTIONOFTRAVELTWO,INITIALIMPACTTYPE,INTTRAFFICCONTROL,LIGHT,LIGHTFORREPORT,ROADJURISDICTION,TRAFFICCONTROL,TRAFFICCONTROLCONDITION,THRULANENO,NORTHBOUNDDISOBEYCOUNT,SOUTHBOUNDDISOBEYCOUNT,PEDESTRIANINVOLVED,CYCLISTINVOLVED,MOTORCYCLISTINVOLVED,ENVIRONMENTCONDITION1,ENVIRONMENTCONDITION2,SELFREPORTED,XMLIMPORTNOTES,LASTEDITEDDATE,CREATE_BY,CREATE_DATE
48674,19-190812,1565740800000,2019,8,14,0,0,0,Wednesday,541662.31685,4810408.96948,-80.485128,43.445432,At intersection,2,P.D. only,Within intersection,unknown,unknown,Angle,Unknown,Daylight,01 - Daylight,Regional municipality,unknown,Functioning,0,0,0,False,False,False,Clear,,False,CEDAR ST S; CHURCH ST,10/24/2019 10:08:48 AM,,
48675,19-191351,1565827200000,2019,8,15,0,0,0,Thursday,541256.40784,4811455.62851,-80.490065,43.454879,Intersection related,1,Non-fatal injury,Not on roadway - right side,unknown,unknown,SMV other,Unknown,Daylight,01 - Daylight,Municipal (excl. Twp. Rd.),unknown,Functioning,0,0,0,False,False,False,Clear,,False,AHRENS ST W; MAYNARD AVE,10/24/2019 10:08:49 AM,,
48676,19-191413,1565827200000,2019,8,15,0,0,0,Thursday,542444.23437,4811614.47053,-80.475371,43.456241999999996,Non intersection,2,P.D. only,Not on roadway - right side,unknown,unknown,SMV other,Unknown,Daylight,01 - Daylight,Regional municipality,No control,unknown,0,0,0,False,False,False,Clear,,False,EAST AVE; EAST AVE; ; 6 M,10/24/2019 10:08:50 AM,,
48677,19-192367,1565913600000,2019,8,16,0,0,0,Friday,541829.49223,4807821.10821,-80.48326,43.422121,Intersection related,1,Non-fatal injury,Off highway,unknown,unknown,SMV other,Unknown,Daylight,01 - Daylight,Township,unknown,unknown,0,0,0,False,False,False,Clear,,False,KINGSWOOD DR; ROBERTS CRES; Near; 1 M,10/24/2019 10:08:51 AM,,
48678,19-194025,1566086400000,2019,8,18,0,0,0,Sunday,542763.67037,4811565.35475,-80.47142699999999,43.455782,Intersection related,1,Non-fatal injury,Right shoulder,unknown,unknown,SMV other,Unknown,Daylight,01 - Daylight,Regional municipality,unknown,Functioning,0,0,0,False,False,True,Clear,,False,DUMFRIES AVE; CHAPEL ST; ; 8 M,10/24/2019 10:08:52 AM,,
48679,19-194235,1566086400000,2019,8,18,0,0,0,Sunday,546062.6789,4809490.63709,-80.430827,43.436906,At intersection,1,Non-fatal injury,Within intersection,unknown,unknown,Angle,Unknown,Daylight,01 - Daylight,Regional municipality,unknown,Functioning,0,0,0,False,False,False,Clear,,False,KINZIE AVE; RIVER RD E,10/24/2019 10:08:44 AM,,
48680,19-194467,1566172800000,2019,8,19,0,0,0,Monday,546098.39377,4811085.53261,-80.430251,43.451263999999995,At/near private drive,2,P.D. only,Not on roadway - left side,unknown,unknown,SMV other,Unknown,Daylight,01 - Daylight,Municipal (excl. Twp. Rd.),No control,unknown,0,0,0,False,False,False,Clear,,False,OLDFIELD DR; OLDFIELD DR; At; 3 M,10/24/2019 10:08:53 AM,,
48681,19-197531,1566432000000,2019,8,22,0,0,0,Thursday,545575.71531,4808931.87013,-80.43688999999999,43.431903999999996,Non intersection,2,P.D. only,Thru lane,unknown,unknown,SMV unattended vehicle,Unknown,Daylight,01 - Daylight,Municipal (excl. Twp. Rd.),No control,unknown,0,0,0,False,False,False,Clear,,False,HUBER ST; HUBER ST; At; 4 M,10/24/2019 10:08:55 AM,,
48682,19-202241,1566950400000,2019,8,28,0,0,0,Wednesday,542453.84777,4807263.59998,-80.475591,43.417066,At/near private drive,2,P.D. only,Right shoulder,unknown,unknown,SMV other,Unknown,"Dark, artificial","08 - Dark, artificial",Township,No control,unknown,0,0,0,False,False,False,Clear,,False,COUNTRY HILL DR; COUNTRY HILL DR; Near; 20 M,10/24/2019 10:08:56 AM,,
48683,19-204428,1567209600000,2019,8,31,0,0,0,Saturday,542581.93822,4810126.44722,-80.47378499999999,43.442836,Intersection related,1,Non-fatal injury,Thru lane,unknown,unknown,Rear end,Unknown,Daylight,01 - Daylight,Regional municipality,unknown,unknown,0,0,0,False,False,False,Clear,,False,KING ST E; KING ST E; At; 1 M,10/24/2019 10:08:36 AM,,
48684,19000461,1546354560000,2019,1,1,14,56,0,Tuesday,545897.48586,4809799.15163,-80.432842,43.439693999999996,Intersection related,2,P.D. only,Not on roadway - right side,unknown,unknown,SMV other,Unknown,Daylight,01 - Daylight,Municipal (excl. Twp. Rd.),Stop sign,Functioning,0,0,0,False,False,False,Clear,,False,Road 1: OLD CHICOPEE DR (50 km/h); Road 2: VERONICA DR (50 km/h); Vehicle #1     Make: NISS     Model: PFI     Colour: BLK     Style: TY,4/9/2021 4:26:57 PM,,
48685,19000489,1546356840000,2019,1,1,15,34,0,Tuesday,540923.26781,4806988.98471,-80.494517,43.414679,Non intersection,2,P.D. only,Not on roadway - left side,unknown,unknown,SMV other,Unknown,Daylight,01 - Daylight,Municipal (excl. Twp. Rd.),No control,unknown,0,0,0,False,False,False,Clear,,False,Road 1: RADCLIFFE DR (50 km/h); Road 2: BRIARGATE DR; Distance: 200.0 M S; Vehicle #1     Make: MAZD     Model: M3I     Colour: WHI     Style: 4D,4/9/2021 4:25:29 PM,,
48686,19000937,1546419660000,2019,1,2,9,1,0,Wednesday,543218.02955,4808898.02621,-80.466022,43.431739,Non intersection,2,P.D. only,Thru lane,unknown,unknown,SMV unattended vehicle,Unknown,Daylight,01 - Daylight,Municipal (excl. Twp. Rd.),No control,unknown,1,0,0,False,False,False,Clear,,False,Road 1: 307 DIXON ST (50 km/h); Road 2: DIXON ST; Distance: 1.0 M E; Vehicle #1     Make: VOLK     Model: JGS     Colour: BLK     Style: 4D; Vehicle #2     Make: JEEP     Model: CPT     Colour: RED     Style: TY,4/9/2021 4:25:36 PM,,
48687,19000961,1546408800000,2019,1,2,6,0,0,Wednesday,541257.16179,4812530.70477,-80.48997399999999,43.464558,At intersection,2,P.D. only,Within intersection,unknown,unknown,Angle,Unknown,Dark,07 - Dark,Municipal (excl. Twp. Rd.),Stop sign,Functioning,0,0,0,False,False,False,Clear,,False,Road 1: GUELPH ST (50 km/h); Road 2: ST LEGER ST (50 km/h); Vehicle #1     Make: CHEV     Model: SIL     Colour: RED     Style: PK; Vehicle #2     Make: HOND     Model: UDY     Colour: BLU     Style: TY; Vehicle #3     Make: PONT     Model: GTP     Colour,4/9/2021 4:28:24 PM,,
48688,19001214,1546440000000,2019,1,2,14,40,0,Wednesday,541372.41052,4811026.38695,-80.488663,43.451007,At/near private drive,2,P.D. only,Thru lane,unknown,unknown,Other,Unknown,Daylight,01 - Daylight,Regional municipality,No control,unknown,1,0,0,False,False,False,Clear,,True,Road 1: 7 DUKE ST W (50 km/h); Road 2: DUKE ST W; Vehicle #1     Make: WORK     Model: W31     Colour: BRN     Style: PD; Vehicle #2     Make: FORD     Model: COF     Colour: BLK     Style: PK,4/9/2021 4:29:25 PM,,
48689,19001394,1546454100000,2019,1,2,18,35,0,Wednesday,547786.9338,4811477.35128,-80.409348,43.454685999999995,Non intersection,2,P.D. only,Thru lane,unknown,unknown,SMV unattended vehicle,Unknown,"Dark, artificial","08 - Dark, artificial",Municipal (excl. Twp. Rd.),No control,unknown,1,0,0,False,False,False,Snow,,True,Road 1: 1278 OLD ZELLER DR (50 km/h); Road 2: OLD ZELLER DR; Vehicle #1     Make: NISS     Model: MSV     Colour: BRN     Style: 4D; Vehicle #2     Make: NISS     Model: LFS     Colour: RED     Style: 4B,4/9/2021 4:25:38 PM,,
48690,19001920,1546525560000,2019,1,3,14,26,0,Thursday,539110.07266,4811045.20036,-80.516622,43.451298,At/near private drive,2,P.D. only,Thru lane,unknown,unknown,Sideswipe,Unknown,Daylight,01 - Daylight,Municipal (excl. Twp. Rd.),No control,unknown,1,0,0,False,False,False,Clear,,False,Road 1: 604 GLASGOW ST (50 km/h); Road 2: BELMONT AVE W; Distance: 0.0 M S; Vehicle #1     Make: TOYT     Model: MTL     Colour: RED     Style: 4D; Vehicle #2     Make: HYUN     Model: TUC     Colour: RED     Style: TY,4/9/2021 4:29:08 PM,,
48691,19002038,1546533000000,2019,1,3,16,30,0,Thursday,541043.64829,4807109.52705,-80.493021,43.415758,At/near private drive,2,P.D. only,Thru lane,unknown,unknown,Other,Unknown,Daylight,01 - Daylight,Municipal (excl. Twp. Rd.),No control,unknown,1,0,0,False,False,False,Clear,,True,Road 1: 191 LAURENTIAN DR (50 km/h); Road 2: LAURENTIAN DR; Vehicle #1     Make: ACUR     Model: AWT     Colour: BLK     Style: 4D; Vehicle #2     Make: HYUN     Model: ESM     Colour: BLU     Style: 4D,4/9/2021 4:29:25 PM,,
48692,19002319,1546570140000,2019,1,4,2,49,0,Friday,538418.76164,4810451.21618,-80.52520799999999,43.445986,Non intersection,1,Non-fatal injury,Thru lane,unknown,unknown,SMV unattended vehicle,Unknown,"Dark, artificial","08 - Dark, artificial",Municipal (excl. Twp. Rd.),No control,unknown,1,0,0,False,False,False,Snow,,False,Road 1: 57 WESTWOOD DR (50 km/h); Road 2: WESTWOOD DR; Distance: 10.0 M W; Vehicle #1     Make: NISS     Model: VSL     Colour: BLK     Style: 4B; Vehicle #2     Make: TOYT     Model: MTL     Colour: BLU     Style: 4D,4/9/2021 4:25:37 PM,,
48693,19002563,1546603200000,2019,1,4,12,0,0,Friday,540149.54852,4808611.25823,-80.503954,43.429328,Non intersection,2,P.D. only,Not on roadway - right side,unknown,unknown,SMV other,Unknown,Daylight,01 - Daylight,Municipal (excl. Twp. Rd.),No control,unknown,0,0,0,False,False,False,Clear,,False,Road 1: 96 SHADYWOOD CR. (50 km/h); Road 2: SHADYWOOD CR.; Distance: 15.0 M S; Vehicle #1     Make: FORD     Model: EPR     Colour: GRY     Style: TY,3/26/2021 11:53:07 AM,,
48694,19002910,1546633560000,2019,1,4,20,26,0,Friday,545834.14895,4802617.18284,-80.43422699999999,43.375031,At intersection,2,P.D. only,Within intersection,unknown,unknown,Angle,Unknown,Dark,07 - Dark,Municipal (excl. Twp. Rd.),unknown,Functioning,0,0,0,False,False,False,Clear,,False,Road 1: DOON SOUTH DR (50 km/h); Road 2: THOMAS SLEE DR (50 km/h); Vehicle #1     Make: HYUN     Model: ESM     Colour: GRY     Style: 4D; Vehicle #2     Make: KIA     Model: OPTI     Colour: GRY     Style: PAS,4/9/2021 4:28:11 PM,,
48695,19003274,1546628400000,2019,1,4,19,0,0,Friday,540982.81359,4811065.42307,-80.49347499999999,43.45138,At intersection,2,P.D. only,Within intersection,unknown,unknown,Turning movement,Unknown,Dark,07 - Dark,Municipal (excl. Twp. Rd.),unknown,Functioning,0,0,0,False,False,False,Clear,,False,Road 1: KING ST W (50 km/h); Road 2: COLLEGE ST (50 km/h); Vehicle #1     Make: NISS     Model: VNR     Colour: BLK     Style: 4B; Vehicle #2     Make: CHEV     Model: BSS     Colour: BLK     Style: 4D,4/27/2022 10:38:52 AM,,
48696,19003429,1546694400000,2019,1,5,13,20,0,Saturday,543761.6986,4807836.25972,-80.45939,43.422146999999995,At/near private drive,2,P.D. only,Not on roadway - right side,unknown,unknown,Angle,Unknown,Daylight,01 - Daylight,Municipal (excl. Twp. Rd.),No control,unknown,0,0,0,False,True,False,Clear,,False,Road 1: SHELLEY DR (50 km/h); Road 2: COURTLAND AVE E; Distance: 85.0 M N; Vehicle #1     Make: HOND     Model: CRV     Colour: GRY     Style: 4W; Vehicle #2     Make:      Model: BICY     Colour:      Style:,4/9/2021 4:29:15 PM,,
48697,19003555,1546705140000,2019,1,5,16,19,0,Saturday,545483.63491,4804349.33045,-80.438409,43.390648999999996,At intersection,2,Non-reportable,Within intersection,unknown,unknown,SMV other,Unknown,"Daylight, artificial","02 - Daylight, artificial",Municipal (excl. Twp. Rd.),Stop sign,Functioning,0,0,0,False,False,False,Clear,,False,Road 1: DOON VILLAGE RD (50 km/h); Road 2: ANVIL ST (50 km/h); Vehicle #1     Make: FORD     Model: COF     Colour: WHI     Style: PK,4/9/2021 4:28:24 PM,,
48698,19003632,1546713000000,2019,1,5,18,30,0,Saturday,543120.46953,4806548.97018,-80.467413,43.410593999999996,Non intersection,2,P.D. only,Thru lane,unknown,unknown,SMV unattended vehicle,Unknown,Dark,07 - Dark,Municipal (excl. Twp. Rd.),No control,unknown,1,0,0,False,False,False,Clear,,False,Road 1: 160 CENTURY HILL DR (50 km/h); Road 2: CENTURY HILL DR; Distance: 20.0 M N; Vehicle #1     Make: CHEV     Model: CAL     Colour: WHI     Style: PK; Vehicle #2     Make: VOLK     Model: CJS     Colour: GRY     Style: 4D; Vehicle #3     Make: FORD  ,4/9/2021 4:25:30 PM,,
48699,19003679,1546716180000,2019,1,5,19,23,0,Saturday,545855.61202,4807129.56169,-80.433583,43.415659,At intersection,2,P.D. only,Within intersection,unknown,unknown,Angle,Unknown,Dark,07 - Dark,Municipal (excl. Twp. Rd.),unknown,Functioning,0,0,0,False,False,False,Clear,,False,Road 1: HIDDEN VALLEY RD (50 km/h); Road 2: WABANAKI DR (50 km/h); Vehicle #1     Make: HOND     Model: CRV     Colour: RED     Style: 4W; Vehicle #2     Make: NISS     Model: PFI     Colour: SIL     Style: TY,4/9/2021 4:28:22 PM,,
48700,19004705,1546842600000,2019,1,7,6,30,0,Monday,546113.05956,4804413.03676,-80.430633,43.391183999999996,At/near private drive,2,P.D. only,Thru lane,unknown,unknown,SMV other,Unknown,Dark,07 - Dark,Municipal (excl. Twp. Rd.),No control,unknown,1,0,0,False,False,False,Clear,,False,Road 1: 170 OLD CARRIAGE DR (50 km/h); Road 2: OLD CARRIAGE DR; Distance: 1.0 M S; Vehicle #1     Make: BMW     Model: 28X     Colour: GRY     Style: 4D,4/9/2021 4:29:23 PM,,
48701,19005087,1546871400000,2019,1,7,14,30,0,Monday,542488.88382,4811127.42464,-80.474857,43.451854,At intersection,2,P.D. only,Within intersection,unknown,unknown,Angle,Unknown,Daylight,01 - Daylight,Municipal (excl. Twp. Rd.),Stop sign,Functioning,0,0,0,False,False,False,Clear,,False,Road 1: KRUG ST (50 km/h); Road 2: LYDIA ST (50 km/h); Vehicle #1     Make: HOND     Model: UDY     Colour: SIL     Style: TY; Vehicle #2     Make: HOND     Model: UCL     Colour: WHI     Style: 4D,4/9/2021 4:28:03 PM,,
48702,19005116,1546877580000,2019,1,7,16,13,0,Monday,547448.38218,4810632.70562,-80.413606,43.447102,At/near private drive,2,P.D. only,Right shoulder,unknown,unknown,SMV unattended vehicle,Unknown,Daylight,01 - Daylight,Municipal (excl. Twp. Rd.),No control,unknown,0,0,0,False,False,False,Clear,,False,Road 1: 82 COUNTRY CLAIR ST (50 km/h); Road 2: COUNTRY CLAIR ST; Distance: 1.0 M S; Vehicle #1     Make: INTL     Model: PB1     Colour: YEL     Style: BU; Vehicle #2     Make: ACUR     Model: CCS     Colour: WHI     Style: 4D,4/9/2021 4:29:17 PM,,
48703,19005145,1546879500000,2019,1,7,16,45,0,Monday,545464.8691,4804361.86037,-80.43863999999999,43.390763,Non intersection,2,P.D. only,Other,unknown,unknown,SMV other,Unknown,Dusk,05 - Dusk,Municipal (excl. Twp. Rd.),No control,unknown,0,0,0,False,False,False,Clear,,False,Road 1: DOON VILLAGE RD (50 km/h); Road 2: ANVIL ST; Distance: 20.0 M N; Vehicle #1     Make: FORD     Model: EPR     Colour: GRY     Style: TY,3/26/2021 11:53:24 AM,,
48704,19005721,1546866000000,2019,1,7,13,0,0,Monday,539880.58172,4806005.83071,-80.507468,43.405882999999996,At/near private drive,2,P.D. only,Thru lane,unknown,unknown,Other,Unknown,Daylight,01 - Daylight,Regional municipality,No control,unknown,1,0,0,False,False,False,Snow,,True,Road 1: 152 COTTON GRASS ST (50 km/h); Road 2: COTTON GRASS ST; Vehicle #1     Make: FORD     Model: FE     Colour: BLK     Style: 4D; Vehicle #2     Make: FORD     Model: SPE     Colour: BLK     Style: TY,4/9/2021 4:29:05 PM,,
48705,19006016,1546965000000,2019,1,8,16,30,0,Tuesday,544917.70036,4804865.3085,-80.445354,43.395329,At/near private drive,1,Non-fatal injury,Thru lane,unknown,unknown,Rear end,Unknown,Daylight,01 - Daylight,Municipal (excl. Twp. Rd.),No control,unknown,1,0,0,False,False,False,Rain,,True,Road 1: 450 PIONEER DR (50 km/h); Road 2: PIONEER DR; Vehicle #1     Make: HOND     Model: CCL     Colour: WHI     Style: 4D; Vehicle #2     Make: HYUN     Model: SFT     Colour: GRY     Style: TY,4/9/2021 4:29:06 PM,,
48706,19006643,1546354800000,2019,1,1,15,0,0,Tuesday,538987.61721,4807420.25711,-80.518395,43.418665,At/near private drive,2,P.D. only,Thru lane,unknown,unknown,SMV unattended vehicle,Unknown,Daylight,01 - Daylight,Municipal (excl. Twp. Rd.),No control,unknown,1,0,0,False,False,False,Clear,,True,Road 1: 51 GLEN AVON CRES (50 km/h); Road 2: GLEN AVON CRES; Vehicle #1     Make: CHEV     Model: MAL     Colour:      Style: 4D; Vehicle #2     Make: CHEV     Model: TRL     Colour: GRY     Style: TY,4/9/2021 4:29:12 PM,,
48707,19006828,1547050620000,2019,1,9,16,17,0,Wednesday,548239.13632,4804558.93172,-80.40437,43.392364,At/near private drive,2,P.D. only,Thru lane,unknown,unknown,Angle,Unknown,Dusk,05 - Dusk,Regional municipality,No control,unknown,1,0,0,False,False,False,Snow,,False,Road 1: 299 DOON VALLEY DR (50 km/h); Road 2: DOON VALLEY DR; Distance: 1.0 M E; Vehicle #1     Make: MAZD     Model: 3TR     Colour: BLU     Style: 4D; Vehicle #2     Make: JEEP     Model: CHK     Colour: GRY     Style: TY,4/9/2021 4:29:04 PM,,
48708,19007269,1547024400000,2019,1,9,9,0,0,Wednesday,540174.9617,4809411.65938,-80.503582,43.436533,Intersection related,2,P.D. only,Thru lane,unknown,unknown,Rear end,Unknown,Daylight,01 - Daylight,Municipal (excl. Twp. Rd.),Traffic signal,Functioning,1,0,0,False,False,False,Clear,,True,Road 1: BELMONT AVE E (50 km/h); Road 2: QUEENS BLVD (50 km/h); Vehicle #1     Make: DODG     Model: JOU     Colour: RED     Style: TY; Vehicle #2     Make: DODG     Model: RPC     Colour: RED     Style: PK,4/9/2021 4:26:59 PM,,
48709,19007271,1547111400000,2019,1,10,9,10,0,Thursday,541748.31121,4813072.27929,-80.48386099999999,43.469408,At/near private drive,2,P.D. only,Thru lane,unknown,unknown,Other,Unknown,Daylight,01 - Daylight,Municipal (excl. Twp. Rd.),No control,unknown,1,0,0,False,False,False,Clear,,False,Road 1: 11 ASH ST (50 km/h); Road 2: ASH ST; Distance: 1.0 M N; Vehicle #1     Make: HYUN     Model: ETG     Colour: GRY     Style: 4B; Vehicle #2     Make: DODG     Model: RPC     Colour: WHI     Style: CT,4/9/2021 4:29:13 PM,,
48710,19007334,1547112000000,2019,1,10,9,20,0,Thursday,544611.22196,4809092.38039,-80.448793,43.433406999999995,At intersection,2,P.D. only,Within intersection,unknown,unknown,Sideswipe,Unknown,Daylight,01 - Daylight,Municipal (excl. Twp. Rd.),Traffic signal,Functioning,0,0,0,False,False,False,Snow,,True,Road 1: FRANKLIN ST S (50 km/h); Road 2: KINGSWAY DR (50 km/h); Vehicle #1     Make: HYUN     Model: SFT     Colour: SIL     Style: TY; Vehicle #2     Make: HYUN     Model: CFE     Colour: SIL     Style: TY,4/9/2021 4:28:09 PM,,
48711,19007469,1547112600000,2019,1,10,9,30,0,Thursday,539174.73725,4810914.67977,-80.515832,43.45012,At/near private drive,2,P.D. only,Thru lane,unknown,unknown,Other,Unknown,Daylight,01 - Daylight,Municipal (excl. Twp. Rd.),No control,unknown,2,0,0,False,False,False,Clear,,False,Road 1: 564 BELMONT AVE W (50 km/h); Road 2: BELMONT AVE W; Distance: 0.0 M E; Vehicle #1     Make: CHEV     Model: EQU     Colour: BRN     Style: TY; Vehicle #2     Make: LINC     Model: MSA     Colour: BLK     Style: 4D,4/9/2021 4:29:08 PM,,
48712,19007632,1547136660000,2019,1,10,16,11,0,Thursday,541751.15396,4806103.81533,-80.484359,43.406662999999995,At intersection,2,P.D. only,Within intersection,unknown,unknown,Sideswipe,Unknown,Daylight,01 - Daylight,Municipal (excl. Twp. Rd.),Stop sign,Functioning,0,0,0,False,False,False,Clear,,False,Road 1: THE COUNTRY WAY (40 km/h); Road 2: NICHOLE CRES (50 km/h); Vehicle #1     Make: FORD     Model: TST     Colour: WHI     Style: FV; Vehicle #2     Make: FORD     Model: FE     Colour: BLK     Style: 4D,4/9/2021 4:28:02 PM,,
48713,19007903,1547157960000,2019,1,10,22,6,0,Thursday,541670.12,4803583.30011,-80.485552,43.383973,Non intersection,2,P.D. only,Right shoulder,unknown,unknown,SMV unattended vehicle,Unknown,Dark,07 - Dark,Municipal (excl. Twp. Rd.),No control,unknown,0,0,0,False,False,False,Clear,,False,Road 1: FRANKFURT ST (50 km/h); Road 2: 23 FRANKFURT ST; Distance: 1.0 M S; Vehicle #1     Make: PETE     Model:      Colour:      Style: ; Vehicle #2     Make: HYUN     Model: GN2     Colour: GRY     Style: 2D,4/9/2021 4:25:29 PM,,
48714,19008000,1547168940000,2019,1,11,1,9,0,Friday,542403.63363,4803764.73277,-80.47648199999999,43.385565,Non intersection,2,P.D. only,Thru lane,unknown,unknown,SMV other,Unknown,Dark,07 - Dark,Municipal (excl. Twp. Rd.),No control,unknown,1,0,0,False,False,True,Clear,,False,Road 1: 731 HURON RD (60 km/h); Road 2: HURON RD; Distance: 1.0 M W; Vehicle #1     Make: HOND     Model: VCA     Colour: GRY     Style: MS,4/9/2021 4:25:29 PM,,
48715,19008158,1547192280000,2019,1,11,7,38,0,Friday,540288.85663,4809881.61677,-80.50214,43.440759,At/near private drive,2,P.D. only,Thru lane,unknown,unknown,SMV unattended vehicle,Unknown,Dawn,03 - Dawn,Municipal (excl. Twp. Rd.),No control,unknown,1,0,0,False,False,False,Clear,,True,Road 1: 58 VANCAMP AVE (50 km/h); Road 2: VANCAMP AVE; Vehicle #1     Make: DODG     Model: CAR     Colour: WHI     Style: VN; Vehicle #2     Make: LEXS     Model: E33     Colour: GRY     Style: 4D,4/9/2021 4:29:10 PM,,
48716,19008489,1547223240000,2019,1,11,16,14,0,Friday,545035.64511,4807866.0144,-80.443651,43.42234,At intersection,1,Non-fatal injury,Within intersection,unknown,unknown,SMV other,Unknown,Daylight,01 - Daylight,Municipal (excl. Twp. Rd.),Traffic signal,Functioning,0,0,0,True,False,False,Clear,,False,Road 1: KINGSWAY DR (50 km/h); Road 2: WILSON AVE (50 km/h); Vehicle #1     Make: NISS     Model: SBL     Colour: RED     Style: 4D,4/9/2021 4:28:02 PM,,
48717,19008591,1547232480000,2019,1,11,18,48,0,Friday,545907.83457,4809344.00506,-80.432752,43.435595,At intersection,2,Non-reportable,Within intersection,unknown,unknown,Angle,Unknown,Dark,07 - Dark,Municipal (excl. Twp. Rd.),unknown,Functioning,0,0,0,False,False,False,Clear,,False,Road 1: KINZIE AVE (50 km/h); Road 2: THALER AVE (50 km/h); Vehicle #1     Make: HYUN     Model: SAN     Colour: RED     Style: TY; Vehicle #2     Make: FORD     Model: SPE     Colour: BLK     Style: TY,4/9/2021 4:28:20 PM,,
48718,19009018,1547286900000,2019,1,12,9,55,0,Saturday,541144.62535,4812021.96493,-80.49140299999999,43.459984,Other,2,Non-reportable,Off highway,unknown,unknown,SMV other,Unknown,Daylight,01 - Daylight,Municipal (excl. Twp. Rd.),No control,unknown,0,0,0,False,False,False,Clear,,True,Road 1: MARGARET AVE; Road 2: 147 MARGARET AVE; Vehicle #1     Make: HYUN     Model: PGS     Colour: RED     Style: 4D,4/9/2021 4:30:18 PM,,
48719,19009030,1547135100000,2019,1,10,15,45,0,Thursday,540366.48576,4806368.1768,-80.50144,43.409119,At/near private drive,2,P.D. only,Thru lane,unknown,unknown,SMV unattended vehicle,Unknown,Daylight,01 - Daylight,Municipal (excl. Twp. Rd.),No control,unknown,1,0,0,False,False,False,Clear,,True,Road 1: 504 HIGHBROOK CRT (50 km/h); Road 2: HIGHBROOK CRT; Vehicle #1     Make: TOYT     Model: CEN     Colour: WHI     Style: TY; Vehicle #2     Make: NISS     Model: SBL     Colour: SIL     Style: 4D,4/9/2021 4:29:10 PM,,
48720,19009049,1547287200000,2019,1,12,10,0,0,Saturday,538134.29942,4807508.44682,-80.52892899999999,43.419503,Intersection related,2,P.D. only,Thru lane,unknown,unknown,Rear end,Unknown,Daylight,01 - Daylight,Municipal (excl. Twp. Rd.),Stop sign,unknown,1,0,0,False,False,False,Clear,,True,Road 1: MCGARRY DR (50 km/h); Road 2: ROYAL ORCHARD DR (50 km/h); Vehicle #1     Make: HOND     Model: AXL     Colour: GRY     Style: 4D; Vehicle #2     Make: MAZD     Model: M3S     Colour: GRY     Style: 4D,4/9/2021 4:27:00 PM,,
48721,19009115,1547213400000,2019,1,11,13,30,0,Friday,543939.0229,4804979.10548,-80.45742899999999,43.396411,At/near private drive,2,P.D. only,Thru lane,unknown,unknown,Other,Unknown,Daylight,01 - Daylight,Municipal (excl. Twp. Rd.),No control,unknown,1,0,0,False,False,False,Clear,,True,Road 1: 11 CALVERT CLOSE (50 km/h); Road 2: CALVERT CLOSE; Vehicle #1     Make: TOYT     Model: RV4     Colour: GRY     Style: TY; Vehicle #2     Make: NISS     Model: CXT     Colour: BLK     Style: TY,4/9/2021 4:29:08 PM,,
48722,19010004,1547370900000,2019,1,13,9,15,0,Sunday,541019.09659,4809678.4086,-80.49313099999999,43.438888999999996,Intersection related,1,Non-fatal injury,Thru lane,unknown,unknown,Rear end,Unknown,Daylight,01 - Daylight,Municipal (excl. Twp. Rd.),Traffic signal,Functioning,1,0,0,False,False,False,Clear,,False,Road 1: HIGHLAND RD E (50 km/h); Road 2: SPADINA RD E (50 km/h); Vehicle #1     Make: CHEV     Model: CZT     Colour: RED     Style: 4D; Vehicle #2     Make: MAZD     Model: 3TR     Colour: BLU     Style: 4B,4/9/2021 4:27:15 PM,,
48723,19010720,1547471400000,2019,1,14,13,10,0,Monday,541636.15445,4811414.25481,-80.485374,43.454485,Intersection related,1,Non-fatal injury,Thru lane,unknown,unknown,Rear end,Unknown,Daylight,01 - Daylight,Municipal (excl. Twp. Rd.),Traffic signal,Functioning,1,0,0,False,False,False,Clear,,False,Road 1: QUEEN ST N (50 km/h); Road 2: OTTO ST (50 km/h); Distance: 5.0 M S; Vehicle #1     Make: GMC     Model: TER     Colour: WHI     Style: TY; Vehicle #2     Make: MERZ     Model: SMA     Colour: SIL     Style: 2D,4/9/2021 4:27:14 PM,,