OBJECTID,ACCIDENTNUM,ACCIDENTDATE,ACCIDENT_YEAR,ACCIDENT_MONTH,ACCIDENT_DAY,ACCIDENT_HOUR,ACCIDENT_MINUTE,ACCIDENT_SECOND,ACCIDENT_WEEKDAY,XCOORD,YCOORD,LONGITUDE,LATITUDE,ACCIDENTLOCATION,COLLISIONTYPE,CLASSIFICATIONOFACCIDENT,IMPACTLOCATION,INITIALDIRECTIONOFTRAVELONE,INITIALDIRECTIONOFTRAVELTWO,INITIALIMPACTTYPE,INTTRAFFICCONTROL,LIGHT,LIGHTFORREPORT,ROADJURISDICTION,TRAFFICCONTROL,TRAFFICCONTROLCONDITION,THRULANENO,NORTHBOUNDDISOBEYCOUNT,SOUTHBOUNDDISOBEYCOUNT,PEDESTRIANINVOLVED,CYCLISTINVOLVED,MOTORCYCLISTINVOLVED,ENVIRONMENTCONDITION1,ENVIRONMENTCONDITION2,SELFREPORTED,XMLIMPORTNOTES,LASTEDITEDDATE,CREATE_BY,CREATE_DATE
48724,19010860,1547477100000,2019,1,14,14,45,0,Monday,543106.68715,4804748.6459,-80.467725,43.394383999999995,Non intersection,1,Non-fatal injury,Thru lane,unknown,unknown,Sideswipe,Unknown,Daylight,01 - Daylight,Municipal (excl. Twp. Rd.),No control,unknown,1,0,0,False,False,False,Clear,,True,Road 1: 1825 STRASBURG RD (50 km/h); Road 2: STRASBURG RD; Vehicle #1     Make: TOYT     Model: CTR     Colour: WHI     Style: 4B; Vehicle #2     Make: HOND     Model: CRV     Colour: GRY     Style: TY,4/9/2021 4:25:26 PM,,
48725,19011806,1547570820000,2019,1,15,16,47,0,Tuesday,543073.50029,4812800.39429,-80.4675,43.466884,At intersection,2,P.D. only,Within intersection,unknown,unknown,Turning movement,Unknown,Dusk,05 - Dusk,Municipal (excl. Twp. Rd.),unknown,Functioning,0,0,0,False,False,False,Clear,,False,Road 1: WELLINGTON ST N (60 km/h); Road 2: RIVERBEND DR (60 km/h); Distance:  K; Vehicle #1     Make: HOND     Model: UCL     Colour: SIL     Style: 4D; Vehicle #2     Make: TOYT     Model: CUB     Colour: GRY     Style: 4D; Vehicle #3     Make: CHEV     ,4/9/2021 4:28:12 PM,,
48726,19011859,1547571000000,2019,1,15,16,50,0,Tuesday,548246.16791,4804558.37299,-80.40428299999999,43.392358,At/near private drive,2,P.D. only,Thru lane,unknown,unknown,Angle,Unknown,"Dusk, artificial","06 - Dusk, artificial",Municipal (excl. Twp. Rd.),No control,unknown,1,0,0,False,False,False,Clear,,True,Road 1: 299 CONESTOGA COLLEGE BLVD (50 km/h); Road 2: DOON VALLEY DR; Vehicle #1     Make: TOYT     Model: MTL     Colour: GRY     Style: 4D; Vehicle #2     Make: TOYO     Model: COR     Colour: BRN     Style: 4D,4/9/2021 4:29:05 PM,,
48727,19011896,1547383500000,2019,1,13,12,45,0,Sunday,545036.40745,4811250.57,-80.443362,43.452814,At/near private drive,2,P.D. only,Thru lane,unknown,unknown,Other,Unknown,Daylight,01 - Daylight,Municipal (excl. Twp. Rd.),No control,unknown,1,0,0,False,False,False,Clear,,True,Road 1: 109 BRECKENRIDGE DR (50 km/h); Road 2: BRECKENRIDGE DR; Vehicle #1     Make: FORD     Model: FSL     Colour: GRY     Style: VN; Vehicle #2     Make: TOYT     Model: UCS     Colour: RED     Style: 4D,4/9/2021 4:29:09 PM,,
48728,19012228,1547611560000,2019,1,16,4,6,0,Wednesday,545877.86263,4808928.59452,-80.433157,43.431855999999996,Non intersection,1,Non-fatal injury,Right shoulder,unknown,unknown,SMV other,Unknown,Dark,07 - Dark,Municipal (excl. Twp. Rd.),No control,unknown,0,0,0,False,False,False,Freezing Rain,,False,Road 1: 117 JANSEN AVE (50 km/h); Road 2: JANSEN AVE; Distance: 1.0 M N; Vehicle #1     Make: HYUN     Model: EGM     Colour: WHI     Style: 4D,4/9/2021 4:25:31 PM,,
48729,19012242,1547617020000,2019,1,16,5,37,0,Wednesday,540590.36835,4809506.34317,-80.498442,43.437363,Non intersection,2,Non-reportable,Not on roadway - left side,unknown,unknown,SMV other,Unknown,Dark,07 - Dark,Municipal (excl. Twp. Rd.),No control,unknown,0,0,0,False,False,False,Freezing Rain,,False,Road 1: 64 PLEASANT AVE (50 km/h); Road 2: PLEASANT AVE; Distance: 10.0 M W; Vehicle #1     Make: VOLK     Model: JBS     Colour: GRY     Style: 4D,4/9/2021 4:25:47 PM,,
48730,19012252,1547619480000,2019,1,16,6,18,0,Wednesday,539732.6306,4810959.69367,-80.508934,43.450496,At railway crossing,2,Non-reportable,Thru lane,unknown,unknown,SMV other,Unknown,Dark,07 - Dark,Municipal (excl. Twp. Rd.),No control,unknown,1,0,1,False,False,False,Snow,,False,Road 1: STRANGE ST (50 km/h); Road 2: CN RAIL; Distance: 1.0 M W; Vehicle #1     Make: INTL     Model: 70S     Colour: WHI     Style: DP,4/9/2021 4:30:20 PM,,
48731,19012256,1547620800000,2019,1,16,6,40,0,Wednesday,542769.75925,4803928.69872,-80.471949,43.387021,At intersection,2,P.D. only,Within intersection,unknown,unknown,Angle,Unknown,"Dark, artificial","08 - Dark, artificial",Municipal (excl. Twp. Rd.),Stop sign,Functioning,0,0,0,False,False,False,Freezing Rain,,False,Road 1: CRANSHAW ST (50 km/h); Road 2: BANFFSHIRE ST (50 km/h); Vehicle #1     Make: TRAC     Model: MT^     Colour: YEL     Style: PLO; Vehicle #2     Make: GMC     Model: SIE     Colour: BLK     Style: PK,4/9/2021 4:28:16 PM,,
48732,19012418,1547627400000,2019,1,16,8,30,0,Wednesday,536852.10028,4808267.36217,-80.544716,43.426401,At intersection,2,P.D. only,Within intersection,unknown,unknown,Angle,Unknown,Daylight,01 - Daylight,Municipal (excl. Twp. Rd.),unknown,Functioning,0,0,0,False,False,False,Snow,,True,Road 1: WESTMEADOW DR (50 km/h); Road 2: WESTFOREST TRAIL (50 km/h); Vehicle #1     Make: MAZD     Model: M3I     Colour: SIL     Style: 4B; Vehicle #2     Make: HYUN     Model: SFT     Colour: BLK     Style: TY,4/9/2021 4:28:17 PM,,
48733,19012513,1547644920000,2019,1,16,13,22,0,Wednesday,541226.95912,4811868.47477,-80.490397,43.458597,At intersection,1,Non-fatal injury,Within intersection,unknown,unknown,SMV other,Unknown,Daylight,01 - Daylight,Municipal (excl. Twp. Rd.),Traffic signal,Functioning,0,0,0,True,False,False,Clear,,False,Road 1: WELLINGTON ST N (50 km/h); Road 2: MARGARET AVE (50 km/h); Vehicle #1     Make: NISS     Model: VSL     Colour: SIL     Style: 4B,4/9/2021 4:28:22 PM,,
48734,19012528,1547555400000,2019,1,15,12,30,0,Tuesday,541839.80161,4805286.27892,-80.483327,43.399297,Non intersection,2,P.D. only,Right shoulder,unknown,unknown,SMV other,Unknown,Daylight,01 - Daylight,Municipal (excl. Twp. Rd.),No control,unknown,0,0,0,False,False,False,Clear,,False,Road 1: 815 TRILLIUM DR (50 km/h); Road 2: TRILLIUM DR; Distance: 100.0 M E; Vehicle #1     Make: FORD     Model: TST     Colour: WHI     Style: FV,4/9/2021 4:25:33 PM,,
48735,19012648,1547655060000,2019,1,16,16,11,0,Wednesday,547277.23114,4809105.20749,-80.415853,43.433358999999996,Non intersection,2,P.D. only,Thru lane,unknown,unknown,SMV unattended vehicle,Unknown,Daylight,01 - Daylight,Municipal (excl. Twp. Rd.),No control,unknown,1,0,0,False,False,False,Clear,,False,Road 1: QUINTE CRES (50 km/h); Road 2: QUINTE CRT; Distance: 68.0 M W; Vehicle #1     Make: TOYT     Model: COR     Colour: GRY     Style: 4D; Vehicle #2     Make: HOND     Model: UDY     Colour: PLE     Style: TY,4/9/2021 4:25:38 PM,,
48736,19012730,1547616600000,2019,1,16,5,30,0,Wednesday,545081.28066,4813088.4063,-80.442655,43.469359,Non intersection,2,P.D. only,Thru lane,unknown,unknown,SMV other,Unknown,Dark,07 - Dark,Municipal (excl. Twp. Rd.),No control,unknown,1,0,0,False,False,False,Snow,,True,Road 1: 17 SMETANA DR (50 km/h); Road 2: SMETANA DR; Vehicle #1     Make: MITS     Model: OUT     Colour: BLK     Style: TY,4/9/2021 4:25:33 PM,,
48737,19012774,1547626080000,2019,1,16,8,8,0,Wednesday,539532.76976,4810110.74358,-80.511466,43.442862,Non intersection,2,P.D. only,Thru lane,unknown,unknown,Sideswipe,Unknown,Daylight,01 - Daylight,Municipal (excl. Twp. Rd.),No control,unknown,2,0,0,False,False,False,Snow,,True,Road 1: 297 BELMONT AVE W (50 km/h); Road 2: BELMONT AVE W; Vehicle #1     Make:      Model:      Colour:      Style: ; Vehicle #2     Make: HYUN     Model: TUC     Colour: GRY     Style: TY,4/9/2021 4:25:25 PM,,
48738,19013165,1547683500000,2019,1,17,0,5,0,Thursday,541465.9938,4808998.25959,-80.487661,43.432741,Non intersection,2,P.D. only,Thru lane,unknown,unknown,SMV unattended vehicle,Unknown,"Dark, artificial","08 - Dark, artificial",Municipal (excl. Twp. Rd.),No control,unknown,1,0,0,False,False,False,Clear,,True,Road 1: 16 SOUTHDALE AVE (50 km/h); Road 2: SOUTHDALE AVE; Vehicle #1     Make:      Model:      Colour:      Style: ; Vehicle #2     Make: ACUR     Model: CCS     Colour: SIL     Style: 4D,4/9/2021 4:25:34 PM,,
48739,19013735,1547762700000,2019,1,17,22,5,0,Thursday,542314.00255,4810287.67927,-80.47708399999999,43.444303,At intersection,2,P.D. only,Within intersection,unknown,unknown,Angle,Unknown,"Dark, artificial","08 - Dark, artificial",Regional municipality,Traffic signal,Functioning,0,0,0,False,False,False,Snow,,False,Road 1: KING ST E (50 km/h); Road 2: STIRLING AVE N (50 km/h); Vehicle #1     Make: VOLK     Model: PTS     Colour: BLK     Style: 4D; Vehicle #2     Make: CHEV     Model: MAL     Colour: GRN     Style: 4D,4/9/2021 4:28:15 PM,,
48740,19013936,1547798400000,2019,1,18,8,0,0,Friday,545924.37429,4812085.50423,-80.432317,43.460277999999995,At/near private drive,2,P.D. only,Not on roadway - left side,unknown,unknown,SMV other,Unknown,Daylight,01 - Daylight,Municipal (excl. Twp. Rd.),No control,unknown,0,0,0,False,False,False,Clear,,False,Road 1: 46 ROSE GARDEN ST (50 km/h); Road 2: ROSE GARDEN ST; Distance: 20.0 M W; Vehicle #1     Make: HYUN     Model: GN4     Colour: GRY     Style: 4D,4/9/2021 4:29:23 PM,,
48741,19014015,1547803800000,2019,1,18,9,30,0,Friday,541954.35822,4815744.36495,-80.48110799999999,43.493455,At intersection,2,P.D. only,Within intersection,unknown,unknown,Angle,Unknown,Daylight,01 - Daylight,Municipal (excl. Twp. Rd.),Stop sign,Functioning,0,0,0,False,False,False,Clear,,False,Road 1: WOOLWICH ST (50 km/h); Road 2: FALCONRIDGE DR (50 km/h); Vehicle #1     Make: RAM     Model: RTR     Colour: BLK     Style: CW; Vehicle #2     Make: NISS     Model: ROG     Colour: RED     Style: 4W,4/9/2021 4:28:23 PM,,
48742,19014365,1547827920000,2019,1,18,16,12,0,Friday,545877.88463,4802790.40797,-80.433672,43.376588,At intersection,2,Non-reportable,Within intersection,unknown,unknown,Angle,Unknown,Daylight,01 - Daylight,Municipal (excl. Twp. Rd.),Stop sign,Functioning,0,0,0,False,False,False,Clear,,False,Road 1: DOON SOUTH DR (50 km/h); Road 2: CRANBROOK ST (50 km/h); Vehicle #1     Make: HYUN     Model: ASE     Colour: GRY     Style: 4D; Vehicle #2     Make: DODG     Model: DUR     Colour: RED     Style: TY,4/9/2021 4:28:01 PM,,
48743,19014460,1547834340000,2019,1,18,17,59,0,Friday,543933.29809,4807652.27702,-80.457285,43.420480999999995,Other,2,P.D. only,Off highway,unknown,unknown,SMV other,Unknown,Dark,07 - Dark,Private property,No control,unknown,0,0,0,False,False,False,Clear,,False,Road 1: VANIER DR; Road 2: 553 VANIER; Distance: 20.0 M N; Vehicle #1     Make: DODG     Model: DAK     Colour: BLU     Style: PK,4/9/2021 4:30:19 PM,,
48744,19014792,1547858280000,2019,1,19,0,38,0,Saturday,541341.99769,4809273.9152,-80.489172,43.43523,Non intersection,2,Non-reportable,Off highway,unknown,unknown,SMV other,Unknown,Dark,07 - Dark,Municipal (excl. Twp. Rd.),No control,unknown,0,0,0,False,False,False,Clear,,False,Road 1: 52 CHARLES BEST PL (50 km/h); Road 2: CHARLES BEST PL; Distance: 4.0 M W; Vehicle #1     Make: PONT     Model:      Colour: RED     Style: 2D,3/26/2021 11:53:27 AM,,
48745,19015046,1547895180000,2019,1,19,10,53,0,Saturday,540492.69364,4807838.05444,-80.499772,43.422346999999995,At intersection,2,P.D. only,Within intersection,unknown,unknown,SMV other,Unknown,Daylight,01 - Daylight,Municipal (excl. Twp. Rd.),Stop sign,Functioning,0,0,0,False,False,False,Snow,,False,Road 1: CHANDLER DR (50 km/h); Road 2: MOWAT BLVD (50 km/h); Vehicle #1     Make: FORD     Model: FE     Colour: GRY     Style: 4D,4/9/2021 4:28:17 PM,,
48746,19015048,1547938620000,2019,1,19,22,57,0,Saturday,547518.82646,4804533.0372,-80.413266,43.392176,Non intersection,2,P.D. only,Off highway,unknown,unknown,SMV unattended vehicle,Unknown,"Dark, artificial","08 - Dark, artificial",Municipal (excl. Twp. Rd.),No control,unknown,0,0,0,False,False,False,Snow,,False,Road 1: 23 AMHERST DR (50 km/h); Road 2: AMHERST DR; Distance: 50.0 M S; Vehicle #1     Make:      Model:      Colour:      Style: ; Vehicle #2     Make: TOYT     Model: MTL     Colour: GRY     Style: 4D,4/9/2021 4:25:39 PM,,
48747,19015090,1547898960000,2019,1,19,11,56,0,Saturday,542842.17938,4809871.88422,-80.47058899999999,43.440529,At intersection,2,P.D. only,Within intersection,unknown,unknown,Angle,Unknown,Daylight,01 - Daylight,Regional municipality,unknown,Functioning,0,1,0,False,False,False,Snow,,False,Road 1: CHARLES ST E (60 km/h); Road 2: SYDNEY ST S (50 km/h); Vehicle #1     Make:      Model:      Colour:      Style: ; Vehicle #2     Make: MERZ     Model: B20     Colour: BLK     Style: 4W,4/27/2022 10:41:05 AM,,
48748,19015188,1547845200000,2019,1,18,21,0,0,Friday,542055.65899,4806511.7376,-80.480567,43.410319,Non intersection,2,P.D. only,Thru lane,unknown,unknown,SMV unattended vehicle,Unknown,"Dark, artificial","08 - Dark, artificial",Municipal (excl. Twp. Rd.),No control,unknown,1,0,0,False,False,False,Clear,,True,Road 1: TUERR DR (50 km/h); Road 2: THE COUNTRY WAY; Distance: 50.0 M N; Vehicle #1     Make:      Model:      Colour:      Style: ; Vehicle #2     Make: HYUN     Model: TUC     Colour: SIL     Style: TY,4/9/2021 4:25:38 PM,,
48749,19015237,1547912580000,2019,1,19,15,43,0,Saturday,539079.85,4811110.85917,-80.51699099999999,43.451890999999996,At intersection,2,P.D. only,Within intersection,unknown,unknown,Angle,Unknown,Daylight,01 - Daylight,Regional municipality,Traffic signal,Functioning,0,0,0,False,False,False,Snow,,False,Road 1: BELMONT AVE W (50 km/h); Road 2: GLASGOW ST (50 km/h); Vehicle #1     Make: HYUN     Model: SPL     Colour: GRY     Style: 4D; Vehicle #2     Make: VOLK     Model: GTI     Colour: BLK     Style: 4B,4/9/2021 4:28:34 PM,,
48750,19015525,1547938320000,2019,1,19,22,52,0,Saturday,538664.11892,4806543.22371,-80.522453,43.410785,Intersection related,2,P.D. only,Not on roadway - right side,unknown,unknown,SMV other,Unknown,Dark,07 - Dark,Municipal (excl. Twp. Rd.),Traffic signal,Functioning,0,0,0,False,False,False,Snow,,False,Road 1: DAVID BERGEY DR (50 km/h); Road 2: OTTAWA ST S (60 km/h); Vehicle #1     Make: KIA     Model: SOU     Colour: GRY     Style: TY,4/9/2021 4:27:01 PM,,
48751,19015694,1547968800000,2019,1,20,7,20,0,Sunday,545100.00235,4807763.77474,-80.442864,43.421414999999996,Non intersection,1,Non-fatal injury,Thru lane,unknown,unknown,SMV other,Unknown,Dawn,03 - Dawn,Municipal (excl. Twp. Rd.),No control,unknown,2,0,0,True,False,False,Snow,,False,Road 1: WILSON AVE (50 km/h); Road 2: FAIRWAY RD S; Distance: 38.0 M W; Vehicle #1     Make: HOND     Model: CRV     Colour: SIL     Style: 4W,3/26/2021 11:53:25 AM,,
48752,19015714,1547972280000,2019,1,20,8,18,0,Sunday,545348.9417,4806452.77956,-80.439898,43.409596,Non intersection,2,P.D. only,Off highway,unknown,unknown,SMV other,Unknown,Daylight,01 - Daylight,Municipal (excl. Twp. Rd.),No control,unknown,0,0,0,False,False,False,Clear,,False,Road 1: 998 WABANAKI DR (50 km/h); Road 2: WILSON AVE; Distance: 75.0 M E; Vehicle #1     Make: VOLK     Model: JES     Colour: WHI     Style: 4D,4/9/2021 4:25:39 PM,,
48753,19015830,1547982000000,2019,1,20,11,0,0,Sunday,539467.20498,4807813.19489,-80.512442,43.422177999999995,At/near private drive,2,P.D. only,Not on roadway - right side,unknown,unknown,SMV other,Unknown,Daylight,01 - Daylight,Municipal (excl. Twp. Rd.),No control,unknown,0,0,0,False,False,False,Snow,,False,Road 1: 525 GREENBROOK DR (50 km/h); Road 2: GREENBROOK DR; Distance: 2.0 K E; Vehicle #1     Make: DODG     Model: CAR     Colour: SIL     Style: VN,4/9/2021 4:29:14 PM,,
48754,19015856,1548027060000,2019,1,20,23,31,0,Sunday,540991.54387,4812247.61225,-80.493279,43.462024,Non intersection,2,P.D. only,Not on roadway - left side,unknown,unknown,SMV other,Unknown,Dark,07 - Dark,Municipal (excl. Twp. Rd.),No control,unknown,0,0,0,False,False,False,Snow,,False,Road 1: 223 MARGARET AVE (50 km/h); Road 2: MARGARET AVE; Distance: 3.0 M W; Vehicle #1     Make: FORD     Model: CVL     Colour:      Style: 4D,4/9/2021 4:25:31 PM,,
48755,19015986,1547994720000,2019,1,20,14,32,0,Sunday,540337.22434,4805513.15248,-80.501865,43.401422,Intersection related,2,Non-reportable,Not on roadway - right side,unknown,unknown,SMV other,Unknown,Daylight,01 - Daylight,Regional municipality,Stop sign,Functioning,0,0,0,False,False,False,Snow,,False,Road 1: COMMONWEALTH CRES (50 km/h); Road 2: COMMONWEALTH ST (50 km/h); Distance: 1.0 M S; Vehicle #1     Make: DODG     Model: CTX     Colour: WHI     Style: 2D,4/9/2021 4:26:59 PM,,
48756,19016004,1547989200000,2019,1,20,13,0,0,Sunday,544563.42525,4808498.46972,-80.449432,43.428062999999995,At/near private drive,2,P.D. only,Thru lane,unknown,unknown,SMV unattended vehicle,Unknown,Daylight,01 - Daylight,Municipal (excl. Twp. Rd.),No control,unknown,1,0,0,False,False,False,Clear,,False,Road 1: 172 NINTH AVE (50 km/h); Road 2: NINTH AVE; Distance: 0.0 K S; Vehicle #1     Make: TOYT     Model: TAC     Colour: GRY     Style: PK; Vehicle #2     Make: VOLK     Model: JSA     Colour: GRY     Style: 4D,4/9/2021 4:29:11 PM,,
48757,19016050,1547924400000,2019,1,19,19,0,0,Saturday,536573.98063,4807475.70171,-80.548205,43.419286,Intersection related,2,P.D. only,Not on roadway - right side,unknown,unknown,SMV other,Unknown,"Dark, artificial","08 - Dark, artificial",Municipal (excl. Twp. Rd.),Stop sign,Functioning,0,0,0,False,False,False,Snow,,True,Road 1: TRADEWINDS PL (50 km/h); Road 2: ROLLING MEADOWS DR (50 km/h); Vehicle #1     Make: NISS     Model: VNR     Colour: BLU     Style: 4B,4/9/2021 4:26:58 PM,,
48758,19016066,1548002760000,2019,1,20,16,46,0,Sunday,540794.5034,4809184.11545,-80.495943,43.434450999999996,At intersection,2,P.D. only,Within intersection,unknown,unknown,Angle,Stop sign,Dusk,05 - Dusk,Municipal (excl. Twp. Rd.),Stop sign,Functioning,0,0,0,False,False,False,Clear,,False,Road 1: STIRLING AVE S (50 km/h); Road 2: PLEASANT AVE (50 km/h); Distance: 5.0 M S; Vehicle #1     Make: TOYT     Model: MTL     Colour: RED     Style: 4D; Vehicle #2     Make: ACUR     Model: MDX     Colour: WHI     Style: TY,4/9/2021 4:28:09 PM,,
48759,19016120,1548002700000,2019,1,20,16,45,0,Sunday,537224.54909,4809361.58706,-80.540041,43.436234999999996,Intersection related,2,P.D. only,Right shoulder,unknown,unknown,SMV other,Unknown,Dusk,05 - Dusk,Municipal (excl. Twp. Rd.),Stop sign,Functioning,0,0,0,False,False,False,Snow,,False,Road 1: LYNNVALLEY CRES (50 km/h); Road 2: TRELAWNEY ST (50 km/h); Vehicle #1     Make: CHEV     Model: IMT     Colour: GRY     Style: 4D,4/9/2021 4:27:00 PM,,
48760,19016575,1548062100000,2019,1,21,9,15,0,Monday,539057.69331,4809319.70588,-80.517393,43.435764,At/near private drive,2,P.D. only,Thru lane,unknown,unknown,Other,Unknown,Daylight,01 - Daylight,Municipal (excl. Twp. Rd.),No control,unknown,1,0,0,False,False,False,Clear,,True,Road 1: 61 HIGHLAND CRES (50 km/h); Road 2: HIGHLAND CRES; Vehicle #1     Make: TOYT     Model: CEN     Colour: BLK     Style: TY; Vehicle #2     Make: NISS     Model: ATS     Colour: BLU     Style: 4D,4/9/2021 4:29:07 PM,,
48761,19016592,1548068700000,2019,1,21,11,5,0,Monday,548497.45613,4806561.26071,-80.401003,43.410376,At/near private drive,2,P.D. only,Not on roadway - right side,unknown,unknown,Other,Unknown,Daylight,01 - Daylight,Municipal (excl. Twp. Rd.),No control,unknown,0,0,0,False,False,False,Clear,,False,Road 1: 4195 DEER RIDGE DR (50 km/h); Road 2: KING ST E; Distance: 12.0 M S; Vehicle #1     Make: SUBA     Model: STI     Colour: BLU     Style: 4D; Vehicle #2     Make: RAM     Model: RTR     Colour: WHI     Style: CW,4/9/2021 4:29:09 PM,,
48762,19016632,1548935100000,2019,1,31,11,45,0,Thursday,544831.91266,4810445.51159,-80.445955,43.445578,At intersection,2,P.D. only,Within intersection,unknown,unknown,Angle,Unknown,Daylight,01 - Daylight,Municipal (excl. Twp. Rd.),Stop sign,Functioning,0,0,0,False,False,False,Clear,,False,Road 1: MIDLAND DR (50 km/h); Road 2: BRADLEY DR (50 km/h); Distance:  K; Vehicle #1     Make: VOLK     Model: G37     Colour:      Style: 4DR; Vehicle #2     Make: VOLK     Model: JSA     Colour: GRY     Style: 4D,4/9/2021 4:28:11 PM,,
48763,19016650,1548939180000,2019,1,31,12,53,0,Thursday,539662.35945,4808510.71722,-80.509981,43.428449,At/near private drive,2,P.D. only,Thru lane,unknown,unknown,SMV unattended vehicle,Unknown,Daylight,01 - Daylight,Municipal (excl. Twp. Rd.),No control,unknown,1,0,0,False,False,False,Clear,,False,Road 1: WARREN RD (50 km/h); Road 2: 177 WARREN RD; Distance: 0.0 K N; Vehicle #1     Make: TOYT     Model: LCW     Colour: WHI     Style: TY; Vehicle #2     Make: GMC     Model: SIE     Colour: BLK     Style: PK,4/9/2021 4:29:10 PM,,
48764,19017268,1548146400000,2019,1,22,8,40,0,Tuesday,544116.99134,4811895.93023,-80.454673,43.45868,At intersection,2,P.D. only,Within intersection,unknown,unknown,Angle,Unknown,Daylight,01 - Daylight,Regional municipality,unknown,Functioning,0,0,0,False,False,False,Clear,,False,Road 1: RIVER RD E (50 km/h); Road 2: MANCHESTER RD (50 km/h); Vehicle #1     Make: VOLK     Model: JES     Colour: WHI     Style: 4D; Vehicle #2     Make: NFLY     Model: D8D     Colour: WHI     Style: BU,4/9/2021 4:28:18 PM,,
48765,19017668,1548082200000,2019,1,21,14,50,0,Monday,539080.73693,4811109.96365,-80.51697999999999,43.451882999999995,Intersection related,2,Non-reportable,Thru lane,unknown,unknown,Other,Unknown,Daylight,01 - Daylight,Municipal (excl. Twp. Rd.),Traffic signal,Functioning,0,0,0,False,False,False,Clear,,True,Road 1: BELMONT AVE W; Road 2: GLASGOW ST; Vehicle #1     Make: TOYT     Model: HIG     Colour: WHI     Style: TY; Vehicle #2     Make:      Model:      Colour:      Style:,4/9/2021 4:27:15 PM,,
48766,19017758,1548175500000,2019,1,22,16,45,0,Tuesday,542842.69477,4809874.16322,-80.47058299999999,43.440549999999995,At intersection,2,P.D. only,Within intersection,unknown,unknown,Angle,Unknown,Dusk,05 - Dusk,Regional municipality,unknown,Functioning,0,0,0,False,False,False,Clear,,True,Road 1: CHARLES ST E; Road 2: SYDNEY ST S; Vehicle #1     Make: NISS     Model: CXT     Colour: BLK     Style: TY; Vehicle #2     Make: TOYT     Model: UXS     Colour: BRN     Style: 4D,4/27/2022 10:41:08 AM,,
48767,19017791,1548175800000,2019,1,22,16,50,0,Tuesday,541661.61522,4810409.28868,-80.485136,43.445434999999996,At intersection,2,P.D. only,Within intersection,unknown,unknown,Angle,Unknown,Dusk,05 - Dusk,Municipal (excl. Twp. Rd.),unknown,Functioning,0,0,0,False,False,False,Clear,,True,Road 1: CEDAR ST S; Road 2: CHURCH ST; Vehicle #1     Make: PONT     Model: VIB     Colour: WHI     Style: 4B; Vehicle #2     Make: FORD     Model: FE     Colour: GRY     Style: 4D,4/27/2022 10:41:48 AM,,
48768,19018227,1548236700000,2019,1,23,9,45,0,Wednesday,544496.51674,4807782.58456,-80.450317,43.421620999999995,At/near private drive,2,P.D. only,Off highway,unknown,unknown,Sideswipe,Unknown,Daylight,01 - Daylight,Municipal (excl. Twp. Rd.),No control,unknown,0,0,0,False,False,False,Snow,,True,Road 1: TRAYNOR AVE (IN FRONT OF 249); Vehicle #1     Make: HYUN     Model: TUC     Colour: GRY     Style: TY; Vehicle #2     Make: BUIC     Model: AXS     Colour: BRN     Style: 4D,4/9/2021 4:29:17 PM,,
48769,19018327,1548234120000,2019,1,23,9,2,0,Wednesday,542108.4791,4807131.64811,-80.479867,43.415898,Intersection related,2,P.D. only,Right turn lane,unknown,unknown,Rear end,Unknown,Daylight,01 - Daylight,Municipal (excl. Twp. Rd.),Traffic signal,Functioning,0,0,0,False,False,False,Snow,,True,Road 1: BLOCK LINE RD; Road 2: STRASBURG RD; Vehicle #1     Make: KIA     Model: SOU     Colour: WHI     Style: TY; Vehicle #2     Make: HYUN     Model: ESE     Colour: BLU     Style: 4D,4/9/2021 4:27:16 PM,,
48770,19018694,1548269100000,2019,1,23,18,45,0,Wednesday,539204.86985,4807795.3035,-80.515684,43.422031,Non intersection,2,P.D. only,Thru lane,unknown,unknown,Angle,Unknown,Dark,07 - Dark,Municipal (excl. Twp. Rd.),No control,unknown,0,0,0,False,False,False,Freezing Rain,,True,Road 1: 91 UPLANDS DR; Vehicle #1     Make: SUBA     Model: IPR     Colour: BLK     Style: SW; Vehicle #2     Make: CHEV     Model: SIL     Colour: WHI     Style: PK,4/9/2021 4:25:55 PM,,
48771,19018907,1550880420000,2019,2,23,0,7,0,Saturday,541096.52521,4812890.84289,-80.491933,43.46781,Intersection related,2,P.D. only,Not on roadway - left side,unknown,unknown,SMV other,Unknown,"Dark, artificial","08 - Dark, artificial",Municipal (excl. Twp. Rd.),Stop sign,Functioning,0,0,0,False,False,False,Snow,,False,Road 1: ST LEGER ST (40 km/h); Road 2: PRUETER AVE (40 km/h); Vehicle #1     Make: CHEV     Model: RAX     Colour: RED     Style: TY,4/9/2021 4:26:56 PM,,