OBJECTID,ACCIDENTNUM,ACCIDENTDATE,ACCIDENT_YEAR,ACCIDENT_MONTH,ACCIDENT_DAY,ACCIDENT_HOUR,ACCIDENT_MINUTE,ACCIDENT_SECOND,ACCIDENT_WEEKDAY,XCOORD,YCOORD,LONGITUDE,LATITUDE,ACCIDENTLOCATION,COLLISIONTYPE,CLASSIFICATIONOFACCIDENT,IMPACTLOCATION,INITIALDIRECTIONOFTRAVELONE,INITIALDIRECTIONOFTRAVELTWO,INITIALIMPACTTYPE,INTTRAFFICCONTROL,LIGHT,LIGHTFORREPORT,ROADJURISDICTION,TRAFFICCONTROL,TRAFFICCONTROLCONDITION,THRULANENO,NORTHBOUNDDISOBEYCOUNT,SOUTHBOUNDDISOBEYCOUNT,PEDESTRIANINVOLVED,CYCLISTINVOLVED,MOTORCYCLISTINVOLVED,ENVIRONMENTCONDITION1,ENVIRONMENTCONDITION2,SELFREPORTED,XMLIMPORTNOTES,LASTEDITEDDATE,CREATE_BY,CREATE_DATE
48772,19019175,1548320100000,2019,1,24,8,55,0,Thursday,537421.16323,4806703.21257,-80.537793,43.412289,At/near private drive,2,P.D. only,Thru lane,unknown,unknown,SMV unattended vehicle,Unknown,Daylight,01 - Daylight,Municipal (excl. Twp. Rd.),No control,unknown,0,0,0,False,False,False,Clear,,True,Road 1: 242 DRIFTWOOD DR; Vehicle #1     Make: BUIC     Model: CCU     Colour: GRY     Style: 4D; Vehicle #2     Make: FORD     Model: ESC     Colour: GRN     Style: 4D,4/9/2021 4:29:36 PM,,
48773,19019196,1548318600000,2019,1,24,8,30,0,Thursday,545296.22587,4813684.30026,-80.439948,43.474712,Non intersection,2,P.D. only,Thru lane,unknown,unknown,Turning movement,Unknown,Daylight,01 - Daylight,Municipal (excl. Twp. Rd.),No control,unknown,0,0,0,False,False,False,Clear,,True,Road 1: SHIRLEY DR KITCHENER ON; Road 2: HESH CRESSCENT; Distance: 65.0 M W; Vehicle #1     Make: NISS     Model: NV2     Colour: WHI     Style: FV; Vehicle #2     Make: JEEP     Model: LIB     Colour: GRY     Style: TY,3/26/2021 11:53:11 AM,,
48774,19019277,1548326400000,2019,1,24,10,40,0,Thursday,547853.35528,4804459.78747,-80.409142,43.391496,Non intersection,2,P.D. only,Thru lane,unknown,unknown,Rear end,Unknown,Daylight,01 - Daylight,Municipal (excl. Twp. Rd.),No control,unknown,0,0,0,False,False,False,Clear,,True,Road 1: DOON VALLEY DR (IFO 210); Road 2: ORCHARD MILL CRESCENT; Distance: 20.0 M E; Vehicle #1     Make: DODG     Model: CXT     Colour: WHI     Style: 4D; Vehicle #2     Make: SUZI     Model: H3N     Colour: BLU     Style: 4B,3/26/2021 11:53:13 AM,,
48775,19019482,1548342900000,2019,1,24,15,15,0,Thursday,539566.8017,4811350.35424,-80.510955,43.454021999999995,Non intersection,2,Non-reportable,Right turn lane,unknown,unknown,Sideswipe,Unknown,Daylight,01 - Daylight,Municipal (excl. Twp. Rd.),No control,unknown,0,0,0,False,False,False,Clear,,True,Road 1: GLASGOW ST; Road 2: PARK ST; Vehicle #1     Make: FORD     Model: FMS     Colour: GRY     Style: 4B; Vehicle #2     Make:      Model:      Colour:      Style:,4/9/2021 4:26:02 PM,,
48776,19019971,1548399600000,2019,1,25,7,0,0,Friday,546066.17929,4809148.59038,-80.430812,43.433825999999996,Non intersection,2,P.D. only,Thru lane,unknown,unknown,SMV unattended vehicle,Unknown,Dark,07 - Dark,Municipal (excl. Twp. Rd.),No control,unknown,0,0,0,False,False,False,Clear,,True,Road 1: 164 THALER AVE; Vehicle #1     Make:      Model:      Colour:      Style: ; Vehicle #2     Make: HOND     Model: AXL     Colour: BLK     Style: 2D,4/9/2021 4:26:08 PM,,
48777,19019980,1548407700000,2019,1,25,9,15,0,Friday,537538.39722,4810024.63182,-80.53611699999999,43.442189,At/near private drive,2,P.D. only,Thru lane,unknown,unknown,Other,Unknown,Daylight,01 - Daylight,Municipal (excl. Twp. Rd.),No control,unknown,0,0,0,False,False,False,Clear,,True,Road 1: WESTWOOD DR (IFO 313); Road 2: INADALE CT; Distance: 30.0 M E; Vehicle #1     Make: CHEV     Model: SIL     Colour: RED     Style: PK; Vehicle #2     Make: CHEV     Model: CZT     Colour: GRY     Style: 4D,4/9/2021 4:29:41 PM,,
48778,19020082,1548404100000,2019,1,25,8,15,0,Friday,548540.14096,4806590.26177,-80.40047299999999,43.410633999999995,Non intersection,2,P.D. only,Thru lane,unknown,unknown,Rear end,Unknown,Daylight,01 - Daylight,Municipal (excl. Twp. Rd.),No control,unknown,0,0,0,False,False,False,Clear,,True,Road 1: DEER RIDGE DR; Road 2: KING ST E; Vehicle #1     Make: HYUN     Model: ESS     Colour: GRY     Style: 4D; Vehicle #2     Make: TOYT     Model: RV4     Colour: WHI     Style: TY,4/9/2021 4:25:53 PM,,
48779,19020269,1548422100000,2019,1,25,13,15,0,Friday,539534.76044,4809510.18578,-80.511485,43.437455,At/near private drive,2,Non-reportable,Thru lane,unknown,unknown,Angle,Unknown,Daylight,01 - Daylight,Municipal (excl. Twp. Rd.),No control,unknown,0,0,0,False,False,False,Clear,,True,Road 1: 370 HIGHLAND RD W; Vehicle #1     Make: HYUN     Model: EGM     Colour: RED     Style: 4D; Vehicle #2     Make:      Model:      Colour:      Style:,4/27/2022 10:42:44 AM,,
48780,19020275,1548424200000,2019,1,25,13,50,0,Friday,541747.41497,4810736.12665,-80.484051,43.448373,At/near private drive,2,P.D. only,Thru lane,unknown,unknown,Other,Unknown,Daylight,01 - Daylight,Municipal (excl. Twp. Rd.),No control,unknown,0,0,0,False,False,False,Snow,,True,Road 1: EBY ST N; Road 2: MARKET LN; Vehicle #1     Make: HOND     Model: ULX     Colour: RED     Style: 2D; Vehicle #2     Make: DODG     Model: CAR     Colour: BLK     Style: VN,4/9/2021 4:29:43 PM,,
48781,19020290,1548419400000,2019,1,25,12,30,0,Friday,537917.54028,4810038.45848,-80.531431,43.442295,At/near private drive,2,P.D. only,Off highway,unknown,unknown,SMV unattended vehicle,Unknown,Daylight,01 - Daylight,Municipal (excl. Twp. Rd.),No control,unknown,0,0,0,False,False,False,Snow,,True,Road 1: 127 MARKWOOD DR; Vehicle #1     Make: DODG     Model: CHA     Colour: SIL     Style: 4D; Vehicle #2     Make: KIA     Model: CRO     Colour: WHI     Style: 4B,4/9/2021 4:29:47 PM,,
48782,19020356,1548431100000,2019,1,25,15,45,0,Friday,541373.22477,4808667.3089,-80.488832,43.429766,At/near private drive,2,P.D. only,Thru lane,unknown,unknown,Other,Unknown,Daylight,01 - Daylight,Municipal (excl. Twp. Rd.),No control,unknown,0,0,0,False,False,False,Clear,,True,Road 1: HOFFMAN ST; Road 2: HOMER WATSON BV; Distance: 30.0 M N; Vehicle #1     Make: KIA     Model: SOR     Colour: RED     Style: TY; Vehicle #2     Make: MAZD     Model: M3I     Colour: WHI     Style: 4B,4/9/2021 4:29:48 PM,,
48783,19020491,1548527100000,2019,1,26,18,25,0,Saturday,545280.55568,4810744.32162,-80.44038599999999,43.448240999999996,At/near private drive,2,P.D. only,Thru lane,unknown,unknown,SMV unattended vehicle,Unknown,"Dark, artificial","08 - Dark, artificial",Municipal (excl. Twp. Rd.),No control,unknown,1,0,0,False,False,False,Snow,,False,Road 1: 60 CONWAY DR (50 km/h); Road 2: CONWAY DR; Distance: 20.0 K E; Vehicle #1     Make: JEEP     Model: GCK     Colour: BLK     Style: TY; Vehicle #2     Make: GMC     Model: SIE     Colour: BLU     Style: PK,4/9/2021 4:29:14 PM,,
48784,19020523,1548444600000,2019,1,25,19,30,0,Friday,540217.89577,4805818.97467,-80.503316,43.404182,At intersection,2,P.D. only,Within intersection,unknown,unknown,Angle,Unknown,Dark,07 - Dark,Municipal (excl. Twp. Rd.),unknown,Functioning,0,0,0,False,False,False,Snow,,True,Road 1: COMMONWEALTH ST; Road 2: MAX BECKER DR; Vehicle #1     Make: TOYT     Model: MTL     Colour: BLK     Style: 4D; Vehicle #2     Make: FORD     Model: COF     Colour: WHI     Style: PK,4/9/2021 4:28:47 PM,,
48785,19021078,1548507600000,2019,1,26,13,0,0,Saturday,546977.58025,4810001.01197,-80.419478,43.441444,At/near private drive,2,P.D. only,Right shoulder,unknown,unknown,SMV unattended vehicle,Unknown,Daylight,01 - Daylight,Regional municipality,No control,unknown,0,0,0,False,False,False,Clear,,False,Road 1: 53 BRIARFIELD ST (50 km/h); Road 2: BRIARFIELD ST; Distance: 1.0 M W; Vehicle #1     Make: TOYT     Model: CHB     Colour: SIL     Style: 4D; Vehicle #2     Make: FORD     Model: COF     Colour: BLU     Style: CW,4/9/2021 4:29:15 PM,,
48786,19021761,1548578700000,2019,1,27,8,45,0,Sunday,545915.73259,4805543.01499,-80.432974,43.40137,Intersection related,2,P.D. only,Thru lane,unknown,unknown,SMV other,Unknown,Daylight,01 - Daylight,Municipal (excl. Twp. Rd.),Stop sign,unknown,0,0,0,False,False,False,Snow,,True,Road 1: HURON RD; Road 2: MILL PARK DR; Vehicle #1     Make: HOND     Model: UAX     Colour: GRN     Style: 4D,4/9/2021 4:27:42 PM,,
48787,19021871,1548603000000,2019,1,27,15,30,0,Sunday,540576.07119,4809520.67401,-80.498617,43.437492999999996,At intersection,2,P.D. only,Thru lane,unknown,unknown,Approaching,Unknown,Daylight,01 - Daylight,Municipal (excl. Twp. Rd.),Stop sign,Functioning,1,0,0,False,False,False,Clear,,False,Road 1: PLEASANT AVE (50 km/h); Road 2: BINSCARTH RD (50 km/h); Distance: 5.0 M W; Vehicle #1     Make: VOLK     Model: GLF     Colour: SIL     Style: 4B; Vehicle #2     Make: NISS     Model: ATS     Colour: BLK     Style: 4D,4/9/2021 4:28:14 PM,,
48788,19021979,1548612000000,2019,1,27,18,0,0,Sunday,546840.40033,4804258.8467,-80.421666,43.38975,At intersection,2,P.D. only,Thru lane,unknown,unknown,Rear end,Unknown,Dark,07 - Dark,Municipal (excl. Twp. Rd.),Traffic signal,Functioning,0,0,0,False,False,False,Clear,,True,Road 1: DOON VILLAGE RD; Road 2: DOON S DR; Distance: 10.0 M S; Vehicle #1     Make: STRN     Model: SI2     Colour: BLU     Style: 2D; Vehicle #2     Make: HOND     Model: CRV     Colour: BLU     Style: TY,4/9/2021 4:28:46 PM,,
48789,19022550,1548682200000,2019,1,28,13,30,0,Monday,540714.86779,4812606.62756,-80.49667199999999,43.465272,Non intersection,2,P.D. only,Right shoulder,unknown,unknown,SMV other,Unknown,Daylight,01 - Daylight,Municipal (excl. Twp. Rd.),No control,unknown,0,0,0,False,False,False,Clear,,True,Road 1: MARGARET AVE; Road 2: HARTWOOD AVE; Distance: 100.0 M E; Vehicle #1     Make: MAZD     Model: TRI     Colour: SIL     Style: TY,4/9/2021 4:26:39 PM,,
48790,19022599,1548685020000,2019,1,28,14,17,0,Monday,545035.19935,4807869.60043,-80.44365599999999,43.422371999999996,Intersection related,2,Non-reportable,Thru lane,unknown,unknown,Rear end,Unknown,Daylight,01 - Daylight,Municipal (excl. Twp. Rd.),Traffic signal,Functioning,0,0,0,False,False,False,Snow,,True,Road 1: WILSON AVE; Road 2: KINGSWAY DR; Vehicle #1     Make: TOYT     Model: PRI     Colour: BLU     Style: 4B; Vehicle #2     Make:      Model:      Colour:      Style:,4/9/2021 4:27:21 PM,,
48791,19022645,1548671400000,2019,1,28,10,30,0,Monday,542414.55721,4816069.67217,-80.475391,43.496358,Non intersection,2,P.D. only,Thru lane,unknown,unknown,Other,Unknown,Daylight,01 - Daylight,Municipal (excl. Twp. Rd.),No control,unknown,0,0,0,False,False,False,Clear,,True,Road 1: HAWKSWOOD DR; Road 2: RIVERLINK WAY; Distance: 20.0 M S; Vehicle #1     Make: HYUN     Model: ASE     Colour: GRY     Style: 4B; Vehicle #2     Make: TOYT     Model: RV4     Colour: WHI     Style: TY,4/9/2021 4:26:37 PM,,
48792,19022688,1548696600000,2019,1,28,17,30,0,Monday,541140.9787,4806765.39065,-80.491845,43.412653999999996,Intersection related,2,P.D. only,Thru lane,unknown,unknown,Rear end,Unknown,Dusk,05 - Dusk,Municipal (excl. Twp. Rd.),unknown,Functioning,0,0,0,False,False,False,Snow,,True,Road 1: BLOCK LINE RD; Road 2: LAURENTIAN DR; Vehicle #1     Make: STRN     Model: SI3     Colour: GRY     Style: 4D; Vehicle #2     Make: DODG     Model: JOU     Colour: ONG     Style: TY,4/9/2021 4:27:42 PM,,
48793,19022744,1548693300000,2019,1,28,16,35,0,Monday,545067.62544,4807839.30774,-80.443258,43.422098,At railway crossing,2,P.D. only,Thru lane,unknown,unknown,Rear end,Unknown,Daylight,01 - Daylight,Municipal (excl. Twp. Rd.),No control,unknown,0,0,0,False,False,False,Snow,,True,Road 1: WILSON AVE (NEAR RAILWAY CROSSING); Road 2: KINGSWAY DR; Vehicle #1     Make: HYUN     Model: ESM     Colour: BLK     Style: 4D; Vehicle #2     Make: MAZD     Model: 3TR     Colour: RED     Style: 4D,4/9/2021 4:30:16 PM,,
48794,19023077,1548743400000,2019,1,29,6,30,0,Tuesday,544571.47507,4813350.53218,-80.448936,43.47175,At/near private drive,2,P.D. only,Thru lane,unknown,unknown,Sideswipe,Unknown,"Dark, artificial","08 - Dark, artificial",Municipal (excl. Twp. Rd.),No control,unknown,0,0,0,False,False,False,Clear,,True,Road 1: BINGEMANS CENTRE DR (IFO 460); Road 2: SHIRLEY DR; Distance: 500.0 M W; Vehicle #1     Make: FORD     Model: DRW     Colour: WHI     Style: CB; Vehicle #2     Make: HOND     Model: CRV     Colour: SIL     Style: TY,4/9/2021 4:30:09 PM,,
48795,19023305,1548696600000,2019,1,28,17,30,0,Monday,541877.39363,4807412.56484,-80.48270000000001,43.41844,Non intersection,2,P.D. only,Thru lane,unknown,unknown,Sideswipe,Unknown,Dusk,05 - Dusk,Municipal (excl. Twp. Rd.),No control,unknown,0,0,0,False,False,False,Snow,,True,Road 1: STRASBURG RD; Road 2: SELKIRK DR; Distance: 30.0 M N; Vehicle #1     Make: DODG     Model: CAR     Colour: BGE     Style: VN; Vehicle #2     Make: HOND     Model: UCD     Colour: SIL     Style: 4D,4/9/2021 4:27:03 PM,,
48796,19023319,1548693000000,2019,1,28,16,30,0,Monday,540375.88074,4805919.22422,-80.501357,43.405076,At intersection,2,Non-reportable,Thru lane,unknown,unknown,Rear end,Unknown,Daylight,01 - Daylight,Municipal (excl. Twp. Rd.),unknown,unknown,0,0,0,False,False,False,Clear,,True,Road 1: MAX BECKER DR; Road 2: FISCHER-HALLMAN RD; Distance: 5.0 M W; Vehicle #1     Make: TOYT     Model: SIE     Colour: GRY     Style: VN; Vehicle #2     Make: INFI     Model: XTR     Colour: BLU     Style: TY,8/16/2022 3:01:49 PM,,
48797,19023423,1548753180000,2019,1,29,9,13,0,Tuesday,543988.40954,4807776.91145,-80.456594,43.421600000000005,At intersection,2,P.D. only,Within intersection,unknown,unknown,Angle,Unknown,Daylight,01 - Daylight,Municipal (excl. Twp. Rd.),unknown,Functioning,0,0,0,False,False,False,Clear,,True,Road 1: VANIER DR; Road 2: SIEBERT AVE; Vehicle #1     Make: HYUN     Model: VEL     Colour: WHI     Style: 4D; Vehicle #2     Make:      Model:      Colour:      Style:,4/9/2021 4:28:49 PM,,
48798,19023439,1548775200000,2019,1,29,15,20,0,Tuesday,546751.5629,4804934.16626,-80.422705,43.395835999999996,Non intersection,2,P.D. only,Thru lane,unknown,unknown,SMV other,Unknown,Daylight,01 - Daylight,Municipal (excl. Twp. Rd.),No control,unknown,0,0,0,False,False,False,Drifting Snow,,True,Road 1: MILL PARK DR; Vehicle #1     Make: SUBA     Model: FOR     Colour: GRN     Style: 4W,4/9/2021 4:26:40 PM,,
48799,19023489,1548403200000,2019,1,25,8,0,0,Friday,547391.80232,4810111.76757,-80.41435,43.442415,Intersection related,2,P.D. only,Thru lane,unknown,unknown,SMV other,Unknown,Daylight,01 - Daylight,Municipal (excl. Twp. Rd.),Stop sign,unknown,0,0,0,False,False,False,Clear,,True,Road 1: TREMAINE DR; Vehicle #1     Make: JEEP     Model: WUL     Colour: BRN     Style: TY,4/9/2021 4:27:46 PM,,
48800,19023506,1548781500000,2019,1,29,17,5,0,Tuesday,542570.62726,4805980.78144,-80.474248,43.405508999999995,Intersection related,2,Non-reportable,Thru lane,unknown,unknown,Angle,Unknown,Dusk,05 - Dusk,Municipal (excl. Twp. Rd.),Stop sign,unknown,0,0,0,False,False,False,Snow,,True,Road 1: STRASBURG RD; Road 2: SHOEMAKER ST; Vehicle #1     Make: MAZD     Model: CX5     Colour: GRY     Style: TY; Vehicle #2     Make: HYUN     Model: CAS     Colour: SIL     Style: 2B,4/9/2021 4:27:30 PM,,
48801,19023513,1548782400000,2019,1,29,17,20,0,Tuesday,545134.38784,4807616.60678,-80.44245099999999,43.420088,Non intersection,2,P.D. only,Thru lane,unknown,unknown,Angle,Unknown,Dusk,05 - Dusk,Municipal (excl. Twp. Rd.),No control,unknown,0,0,0,False,False,False,Clear,,True,Road 1: 509 WILSON AVE (NEAR BABIES R U PARKING ENTRACE); Vehicle #1     Make: VOLK     Model: TIG     Colour: BLU     Style: TY; Vehicle #2     Make: HINO     Model: 338     Colour: WHI     Style: FV,4/9/2021 4:26:33 PM,,
48802,19023561,1548749400000,2019,1,29,8,10,0,Tuesday,543391.47768,4804756.31983,-80.464208,43.394436999999996,Intersection related,2,Non-reportable,Thru lane,unknown,unknown,Rear end,Unknown,Daylight,01 - Daylight,Municipal (excl. Twp. Rd.),unknown,Functioning,0,0,0,False,False,False,Clear,,True,Road 1: HURON RD; Road 2: TEMPLEWOOD DR; Distance: 5.0 M S; Vehicle #1     Make:      Model:      Colour:      Style: ; Vehicle #2     Make: KIA     Model: SED     Colour: SIL     Style: VN,4/9/2021 4:27:29 PM,,
48803,19023839,1548831600000,2019,1,30,7,0,0,Wednesday,546129.07688,4804999.62848,-80.430385,43.396463999999995,At intersection,1,Non-fatal injury,Within intersection,unknown,unknown,SMV other,Unknown,Dawn,03 - Dawn,Municipal (excl. Twp. Rd.),Stop sign,Functioning,0,0,0,True,False,False,Clear,,False,Road 1: PIONEER DR (50 km/h); Road 2: GREEN VALLEY DR (50 km/h); Distance:  K; Vehicle #1     Make:      Model: -     Colour:      Style: ; Vehicle #2     Make:      Model: -     Colour:      Style:,4/9/2021 4:28:23 PM,,
48804,19024073,1548842400000,2019,1,30,10,0,0,Wednesday,541876.19139,4811808.99048,-80.482377,43.458026,At intersection,2,P.D. only,Within intersection,unknown,unknown,Angle,Unknown,Daylight,01 - Daylight,Municipal (excl. Twp. Rd.),unknown,Functioning,0,0,0,False,False,False,Clear,,True,Road 1: LANCASTER ST E; Road 2: QUEEN ST N; Vehicle #1     Make: HYUN     Model: SFT     Colour: WHI     Style: TY; Vehicle #2     Make: HYUN     Model: SHL     Colour: GRY     Style: 4D,8/16/2022 3:03:18 PM,,
48805,19024157,1548787380000,2019,1,29,18,43,0,Tuesday,538354.63007,4805449.25026,-80.526352,43.400951,Non intersection,2,Non-reportable,Right shoulder,unknown,unknown,SMV unattended vehicle,Unknown,"Dark, artificial","08 - Dark, artificial",Municipal (excl. Twp. Rd.),No control,unknown,0,0,0,False,False,False,Snow,,True,Road 1: GRAVEL RIDGE TRAIL; Road 2: ELIZA AVE; Distance: 120.0 M N; Vehicle #1     Make:      Model:      Colour:      Style: ; Vehicle #2     Make: PONT     Model: GAS     Colour: WHI     Style: 4D,4/9/2021 4:26:19 PM,,
48806,19024361,1548871800000,2019,1,30,18,10,0,Wednesday,545851.41606,4809756.51075,-80.433415,43.439312,Intersection related,2,P.D. only,Not on roadway - left side,unknown,unknown,Turning movement,Unknown,Dark,07 - Dark,Municipal (excl. Twp. Rd.),Traffic signal,Functioning,0,0,0,False,False,False,Clear,,True,Road 1: RIVER RD E; Road 2: OLD CHICOPEE DR; Vehicle #1     Make:      Model:      Colour:      Style: ; Vehicle #2     Make: FORD     Model: RNG     Colour: BLU     Style: PK,4/9/2021 4:27:29 PM,,
48807,19024366,1548512100000,2019,1,26,14,15,0,Saturday,540930.79441,4810828.91028,-80.494136,43.449253,Non intersection,2,P.D. only,Thru lane,unknown,unknown,Sideswipe,Unknown,Daylight,01 - Daylight,Municipal (excl. Twp. Rd.),No control,unknown,0,0,0,False,False,False,Clear,,True,Road 1: JOSEPH ST; Road 2: GAUKEL ST; Vehicle #1     Make: HOND     Model: UCL     Colour: SIL     Style: 4D; Vehicle #2     Make:      Model:      Colour:      Style:,4/9/2021 4:26:40 PM,,
48808,19024735,1548921780000,2019,1,31,8,3,0,Thursday,543100.28938,4804770.62068,-80.46780199999999,43.394583,At/near private drive,2,P.D. only,Left turn lane,unknown,unknown,Sideswipe,Unknown,Daylight,01 - Daylight,Municipal (excl. Twp. Rd.),No control,unknown,0,0,0,False,False,False,Clear,,False,Road 1: 1825 STRASBURG RD (50 km/h); Road 2: STRASBURG RD; Distance: 1.0 M S; Vehicle #1     Make: CHEV     Model: SSC     Colour: BLK     Style: 2D; Vehicle #2     Make: CHEV     Model: VTL     Colour: BLU     Style: 4B,4/9/2021 4:29:07 PM,,
48809,19024754,1548923520000,2019,1,31,8,32,0,Thursday,540390.35945,4812517.04785,-80.50068999999999,43.464483,At intersection,2,P.D. only,Within intersection,unknown,unknown,Angle,Unknown,Daylight,01 - Daylight,Municipal (excl. Twp. Rd.),Stop sign,Functioning,0,0,0,False,False,False,Clear,,False,Road 1: HARTWOOD AVE (50 km/h); Road 2: ELLIS AVE (50 km/h); Vehicle #1     Make: BMW     Model: MI5     Colour: BLK     Style: 2D; Vehicle #2     Make: PONT     Model: TOR     Colour: BRN     Style: TY,4/9/2021 4:28:13 PM,,
48810,19024765,1548923400000,2019,1,31,8,30,0,Thursday,545275.73761,4806435.41599,-80.440803,43.409444,Intersection related,2,Non-reportable,Right turn channel,unknown,unknown,Sideswipe,Stop sign,Daylight,01 - Daylight,Municipal (excl. Twp. Rd.),Stop sign,Functioning,0,0,0,False,False,False,Snow,,True,Road 1: WILSON AVE; Road 2: WABANAKI DR; Vehicle #1     Make: TOYT     Model: CTR     Colour: GRY     Style: 4B; Vehicle #2     Make: TOYT     Model: CH4     Colour: GRY     Style: 4D,4/9/2021 4:27:30 PM,,
48811,19024783,1548925800000,2019,1,31,9,10,0,Thursday,538902.4989,4811024.06137,-80.519189,43.451119,At intersection,2,Non-reportable,Within intersection,unknown,unknown,Angle,Unknown,Daylight,01 - Daylight,Municipal (excl. Twp. Rd.),Stop sign,unknown,0,0,0,False,False,False,Clear,,True,Road 1: GLASGOW ST; Road 2: MARINA RD; Vehicle #1     Make: FORD     Model: SPE     Colour: RED     Style: TY; Vehicle #2     Make:      Model:      Colour:      Style:,4/9/2021 4:28:39 PM,,
48812,19024788,1548925800000,2019,1,31,9,10,0,Thursday,545314.93732,4804469.41396,-80.440482,43.39174,Intersection related,2,P.D. only,Thru lane,unknown,unknown,Sideswipe,Unknown,Daylight,01 - Daylight,Municipal (excl. Twp. Rd.),unknown,Functioning,0,0,0,False,False,False,Clear,,True,Road 1: BECHTEL DR; Road 2: DOON VILLAGE RD; Vehicle #1     Make: NISS     Model: A2B     Colour: BLK     Style: 4D; Vehicle #2     Make: LEXS     Model: RX5     Colour: GRY     Style: TY,4/9/2021 4:27:27 PM,,
48813,19024839,1548930000000,2019,1,31,10,20,0,Thursday,540682.84934,4811615.74386,-80.497142,43.456351999999995,At intersection,2,P.D. only,Within intersection,unknown,unknown,Angle,Unknown,Daylight,01 - Daylight,Municipal (excl. Twp. Rd.),unknown,Functioning,0,0,0,False,False,False,Clear,,True,Road 1: WELLINGTON ST N; Road 2: DUKE ST W; Vehicle #1     Make: HOND     Model: UCL     Colour: SIL     Style: 4D; Vehicle #2     Make: GMC     Model: SIE     Colour: RED     Style: PK,4/9/2021 4:28:43 PM,,
48814,19025521,1549057740000,2019,2,1,21,49,0,Friday,549012.70241,4806206.94302,-80.394671,43.407151999999996,Non intersection,2,Non-reportable,Thru lane,unknown,unknown,Rear end,Unknown,Dark,07 - Dark,Municipal (excl. Twp. Rd.),No control,unknown,0,0,0,False,False,False,Clear,,True,Road 1: SPORTSWORLD DR; Road 2: KING ST E; Distance: 80.0 M N; Vehicle #1     Make: TOYT     Model: RV4     Colour: GRY     Style: TY; Vehicle #2     Make:      Model:      Colour:      Style:,8/16/2022 3:04:30 PM,,
48815,19025547,1549008000000,2019,2,1,8,0,0,Friday,547877.21403,4806852.70164,-80.408638,43.413039999999995,Non intersection,2,P.D. only,Thru lane,unknown,unknown,Other,Unknown,Daylight,01 - Daylight,Municipal (excl. Twp. Rd.),No control,unknown,0,0,0,False,False,False,Clear,,True,Road 1: GRAND HILL DR (@ THE END OF DRIVEWAY FOR 54 GRAND HILL); Road 2: THE KIRKSWAY; Distance: 120.0 M W; Vehicle #1     Make: HOND     Model: CVT     Colour: BLU     Style: 4D; Vehicle #2     Make: JEEP     Model: CMP     Colour: WHI     Style: TY,4/9/2021 4:26:41 PM,,
48816,19025641,1549011300000,2019,2,1,8,55,0,Friday,540265.69041,4805500.51587,-80.502749,43.401312,Non intersection,2,Non-reportable,Thru lane,unknown,unknown,Sideswipe,Unknown,Daylight,01 - Daylight,Municipal (excl. Twp. Rd.),No control,unknown,0,0,0,False,False,False,Clear,,True,Road 1: COMMONWEALTH CRESCENT; Vehicle #1     Make: DODG     Model: CAR     Colour: GRY     Style: VN; Vehicle #2     Make: HYUN     Model: SFT     Colour: GRY     Style: TY,4/9/2021 4:26:11 PM,,
48817,19025827,1549027800000,2019,2,1,13,30,0,Friday,545147.46314,4807559.56745,-80.442295,43.419574,At/near private drive,2,P.D. only,Thru lane,unknown,unknown,Angle,Unknown,Daylight,01 - Daylight,Municipal (excl. Twp. Rd.),No control,unknown,0,0,0,False,False,False,Clear,,True,Road 1: WILSON AVE (IFO 696 WILSON AVE); Road 2: FAIRWAY RD S; Vehicle #1     Make: BMW     Model: 52X     Colour: SIL     Style: 4D; Vehicle #2     Make: MAZD     Model: 3TR     Colour: SIL     Style: 4D,4/9/2021 4:30:08 PM,,
48818,19025830,1549028700000,2019,2,1,13,45,0,Friday,542473.08388,4812922.47028,-80.474913,43.468018,At intersection,2,P.D. only,Within intersection,unknown,unknown,Angle,Unknown,Daylight,01 - Daylight,Municipal (excl. Twp. Rd.),Stop sign,Missing/Damaged,0,0,0,False,False,False,Clear,,True,Road 1: SPRING VALLEY RD; Road 2: 111 TORYORK DR; Vehicle #1     Make: FORD     Model: FPH     Colour: BLK     Style: 4D; Vehicle #2     Make: FORD     Model: TST     Colour: WHI     Style: FV,4/9/2021 4:28:48 PM,,
48819,19026075,1549054680000,2019,2,1,20,58,0,Friday,540802.32384,4811143.38207,-80.4957,43.452092,Non intersection,2,P.D. only,Thru lane,unknown,unknown,Rear end,Unknown,Dark,07 - Dark,Municipal (excl. Twp. Rd.),No control,unknown,0,0,0,False,False,False,Clear,,True,Road 1: KING ST W; Road 2: WATER ST S; Distance: 100.0 M W; Vehicle #1     Make: HYUN     Model: TUC     Colour: BLK     Style: TY; Vehicle #2     Make: DODG     Model: JOU     Colour: BLK     Style: TY,4/27/2022 10:39:21 AM,,