OBJECTID,ACCIDENTNUM,ACCIDENTDATE,ACCIDENT_YEAR,ACCIDENT_MONTH,ACCIDENT_DAY,ACCIDENT_HOUR,ACCIDENT_MINUTE,ACCIDENT_SECOND,ACCIDENT_WEEKDAY,XCOORD,YCOORD,LONGITUDE,LATITUDE,ACCIDENTLOCATION,COLLISIONTYPE,CLASSIFICATIONOFACCIDENT,IMPACTLOCATION,INITIALDIRECTIONOFTRAVELONE,INITIALDIRECTIONOFTRAVELTWO,INITIALIMPACTTYPE,INTTRAFFICCONTROL,LIGHT,LIGHTFORREPORT,ROADJURISDICTION,TRAFFICCONTROL,TRAFFICCONTROLCONDITION,THRULANENO,NORTHBOUNDDISOBEYCOUNT,SOUTHBOUNDDISOBEYCOUNT,PEDESTRIANINVOLVED,CYCLISTINVOLVED,MOTORCYCLISTINVOLVED,ENVIRONMENTCONDITION1,ENVIRONMENTCONDITION2,SELFREPORTED,XMLIMPORTNOTES,LASTEDITEDDATE,CREATE_BY,CREATE_DATE
48820,19026084,1549038600000,2019,2,1,16,30,0,Friday,542152.20717,4810391.93647,-80.479075,43.445251,Non intersection,2,P.D. only,Thru lane,unknown,unknown,Rear end,Unknown,Daylight,01 - Daylight,Municipal (excl. Twp. Rd.),No control,unknown,0,0,0,False,False,False,Clear,,True,Road 1: PANDORA AVE S; Road 2: KING ST EAST KITCHENER; Distance: 15.0 M E; Vehicle #1     Make: TOYT     Model: CHR     Colour: BLU     Style: 4W; Vehicle #2     Make: TOYT     Model: CBA     Colour: WHI     Style: 4D,4/9/2021 4:26:42 PM,,
48821,19026270,1549046400000,2019,2,1,18,40,0,Friday,545364.58571,4811022.30571,-80.439325,43.450739,At intersection,2,P.D. only,Thru lane,unknown,unknown,Rear end,Unknown,Dark,07 - Dark,Municipal (excl. Twp. Rd.),unknown,Functioning,1,0,0,False,False,False,Clear,,False,Road 1: OLD CHICOPEE DR (50 km/h); Road 2: HOLBORN DR (50 km/h); Vehicle #1     Make: HOND     Model: UCL     Colour: SIL     Style: 2D; Vehicle #2     Make: TOYT     Model: YAR     Colour: BLU     Style: 4B,4/9/2021 4:28:18 PM,,
48822,19026625,1548842400000,2019,1,30,10,0,0,Wednesday,539823.37153,4805602.75012,-80.50820399999999,43.402256,Non intersection,2,Non-reportable,Thru lane,unknown,unknown,SMV unattended vehicle,Unknown,Daylight,01 - Daylight,Municipal (excl. Twp. Rd.),No control,unknown,0,0,0,False,False,False,Clear,,True,Road 1: 1122 COPPER LEAF CRESCENT (IN FRONT OF 1122 COPPER LEAF CRESCENT); Road 2: MAX BECKER DR; Distance: 50.0 M W; Vehicle #1     Make:      Model:      Colour:      Style: ; Vehicle #2     Make: HYUN     Model: EGM     Colour: RED     Style: 4D,4/9/2021 4:26:19 PM,,
48823,19027109,1549144800000,2019,2,2,22,0,0,Saturday,539396.31643,4808472.96085,-80.51326999999999,43.428123,At/near private drive,2,P.D. only,Thru lane,unknown,unknown,SMV unattended vehicle,Unknown,Dark,07 - Dark,Municipal (excl. Twp. Rd.),No control,unknown,0,0,0,False,False,False,Clear,,True,Road 1: FOREST HILL DR (IFO 377 FOREST HILL DR); Road 2: DEERPARK CRESCENT; Distance: 30.0 M N; Vehicle #1     Make:      Model:      Colour:      Style: ; Vehicle #2     Make: MAZD     Model: M3I     Colour: GRY     Style: 4D,4/9/2021 4:29:57 PM,,
48824,19027470,1548508500000,2019,1,26,13,15,0,Saturday,538365.60287,4810426.55055,-80.52586699999999,43.445766,At/near private drive,2,P.D. only,Thru lane,unknown,unknown,Other,Unknown,Daylight,01 - Daylight,Municipal (excl. Twp. Rd.),No control,unknown,0,0,0,False,False,False,Clear,,True,Road 1: 69 WESTWOOD DR; Vehicle #1     Make: FORD     Model: FSL     Colour: RED     Style: VN; Vehicle #2     Make: ACUR     Model: RLA     Colour: GRY     Style: 4D,4/9/2021 4:30:06 PM,,
48825,19027552,1549035000000,2019,2,1,15,30,0,Friday,545201.87322,4810469.21743,-80.44138199999999,43.445769,Non intersection,2,P.D. only,Thru lane,unknown,unknown,Rear end,Unknown,Daylight,01 - Daylight,Municipal (excl. Twp. Rd.),No control,unknown,0,0,0,False,False,False,Clear,,True,Road 1: RIVER RD E; Road 2: BRADLEY DR; Distance: 20.0 M N; Vehicle #1     Make: HOND     Model: CTU     Colour: SIL     Style: 4D; Vehicle #2     Make:      Model:      Colour:      Style:,4/9/2021 4:26:41 PM,,
48826,19027587,1549206000000,2019,2,3,15,0,0,Sunday,542582.09279,4810126.15535,-80.473783,43.442834,At intersection,2,P.D. only,Within intersection,unknown,unknown,Angle,Unknown,Daylight,01 - Daylight,Municipal (excl. Twp. Rd.),Traffic signal,Functioning,0,0,0,False,False,False,Clear,,True,Road 1: KING ST E; Road 2: BORDEN AVE S; Vehicle #1     Make: MERZ     Model: MS6     Colour: WHI     Style: TY; Vehicle #2     Make: HOND     Model: UCC     Colour: SIL     Style: 2B,4/9/2021 4:27:58 PM,,
48827,19027721,1549211400000,2019,2,3,16,30,0,Sunday,543620.95649,4812489.71199,-80.460757,43.464054999999995,Other,2,P.D. only,Off highway,unknown,unknown,SMV unattended vehicle,Unknown,Daylight,01 - Daylight,Private property,No control,unknown,0,0,0,False,False,False,Clear,,True,Road 1: 49 TURNER AVE (DRIVEWAY); Vehicle #1     Make:      Model:      Colour:      Style: ; Vehicle #2     Make: JEEP     Model: CHK     Colour: BLU     Style: TY,4/9/2021 4:30:17 PM,,
48828,19027870,1549227480000,2019,2,3,20,58,0,Sunday,538888.03164,4810240.57196,-80.519424,43.444064999999995,Non intersection,2,P.D. only,Thru lane,unknown,unknown,Approaching,Unknown,Dark,07 - Dark,Municipal (excl. Twp. Rd.),No control,unknown,1,0,0,False,False,False,Clear,,False,Road 1: 111 BRYBECK CRES (40 km/h); Road 2: BRYBECK CRES; Distance: 5.0 M N; Vehicle #1     Make: HYUN     Model: SAN     Colour: GRY     Style: TY; Vehicle #2     Make: TOYT     Model: ECH     Colour: GRY     Style: 4D,3/26/2021 11:53:13 AM,,
48829,19028265,1549188000000,2019,2,3,10,0,0,Sunday,543356.46459,4809214.76274,-80.464287,43.434582999999996,At/near private drive,2,P.D. only,Not on roadway - right side,unknown,unknown,SMV unattended vehicle,Unknown,Daylight,01 - Daylight,Municipal (excl. Twp. Rd.),No control,unknown,0,0,0,False,False,False,Clear,,True,Road 1: CARWOOD CRESCENT; Road 2: DOON RD; Distance: 100.0 M W; Vehicle #1     Make:      Model:      Colour:      Style: ; Vehicle #2     Make: DODG     Model: CAR     Colour: GRY     Style: VN,4/9/2021 4:29:00 PM,,
48830,19028317,1549023240000,2019,2,1,12,14,0,Friday,539582.84593,4805790.42761,-80.51115999999999,43.403959,At/near private drive,2,Non-reportable,Off highway,unknown,unknown,SMV unattended vehicle,Unknown,Daylight,01 - Daylight,Municipal (excl. Twp. Rd.),No control,unknown,0,0,0,False,False,False,Clear,,True,Road 1: DONNENWERTH DR (IFO 2 DONNENWERTH DR); Road 2: BRIDLEWREATH ST; Vehicle #1     Make:      Model:      Colour:      Style: ; Vehicle #2     Make: TOYT     Model: RV4     Colour: WHI     Style: TY,4/9/2021 4:30:02 PM,,
48831,19028351,1549278300000,2019,2,4,11,5,0,Monday,545214.50999,4810450.92697,-80.441227,43.445603999999996,Intersection related,2,Non-reportable,Thru lane,unknown,unknown,Other,Unknown,Daylight,01 - Daylight,Municipal (excl. Twp. Rd.),Stop sign,Functioning,0,0,0,False,False,False,Clear,,True,Road 1: BRADLEY DR; Road 2: RIVER RD E; Distance: 10.0 M N; Vehicle #1     Make: MITS     Model: LANC     Colour: WHI     Style: 4D; Vehicle #2     Make:      Model:      Colour:      Style:,4/9/2021 4:26:56 PM,,
48832,19028485,1549295100000,2019,2,4,15,45,0,Monday,543568.45386,4804977.83726,-80.46200499999999,43.396421,Intersection related,2,P.D. only,Thru lane,unknown,unknown,Rear end,Unknown,Daylight,01 - Daylight,Municipal (excl. Twp. Rd.),Traffic signal,Functioning,0,0,0,False,False,False,Clear,,True,Road 1: HURON RD; Road 2: BATTLER RD; Vehicle #1     Make: RAM     Model: RTR     Colour: RED     Style: PK; Vehicle #2     Make: BMW     Model: BX6     Colour: RED     Style: TY,4/9/2021 4:26:54 PM,,
48833,19029110,1549360920000,2019,2,5,10,2,0,Tuesday,545275.75371,4806433.01487,-80.440803,43.409423,At intersection,2,Non-reportable,Right turn lane,unknown,unknown,Rear end,Stop sign,Daylight,01 - Daylight,Municipal (excl. Twp. Rd.),Stop sign,unknown,0,0,0,False,False,False,Clear,,True,Road 1: WILSON AVE; Road 2: WABANAKI DR; Vehicle #1     Make: NEWF     Model: XD4     Colour: WHI     Style: BU; Vehicle #2     Make: MERZ     Model: C30     Colour: SIL     Style: 4D,4/9/2021 4:27:49 PM,,
48834,19029115,1549362000000,2019,2,5,10,20,0,Tuesday,536425.90017,4808711.47279,-80.54995199999999,43.43042,Non intersection,2,P.D. only,Thru lane,unknown,unknown,Other,Unknown,Daylight,01 - Daylight,Municipal (excl. Twp. Rd.),No control,unknown,0,0,0,False,False,False,Clear,,True,Road 1: HUCK CRESCENT; Road 2: HIGHGATE RD; Distance: 50.0 M W; Vehicle #1     Make: TOYT     Model: RG4     Colour: GRY     Style: TY; Vehicle #2     Make:      Model:      Colour:      Style:,3/26/2021 11:53:21 AM,,
48835,19029260,1549378020000,2019,2,5,14,47,0,Tuesday,545274.13654,4806434.60484,-80.440823,43.409437,At intersection,2,P.D. only,Within intersection,unknown,unknown,Angle,Stop sign,Daylight,01 - Daylight,Municipal (excl. Twp. Rd.),Stop sign,Functioning,0,0,0,False,False,False,Clear,,True,Road 1: WABANAKI DR; Road 2: WILSON AVE; Vehicle #1     Make: FORD     Model: TST     Colour: WHI     Style: FV; Vehicle #2     Make: TOYT     Model: VEN     Colour: BRN     Style: TY,4/9/2021 4:27:48 PM,,
48836,19029824,1548275400000,2019,1,23,20,30,0,Wednesday,547479.53563,4803815.34728,-80.41381299999999,43.385717,Non intersection,2,P.D. only,Thru lane,unknown,unknown,Approaching,Unknown,Dark,07 - Dark,Regional municipality,No control,unknown,0,0,0,False,False,False,Clear,,True,Road 1: PINNACLE DR; Road 2: CONESTOGA COLLEGE BLVD; Distance: 100.0 M S; Vehicle #1     Make: GMC     Model: SIE     Colour: GRY     Style: PK; Vehicle #2     Make:      Model:      Colour:      Style:,4/9/2021 4:27:06 PM,,
48837,19030013,1548230400000,2019,1,23,8,0,0,Wednesday,545996.94575,4803218.49093,-80.43216699999999,43.380435,Non intersection,2,P.D. only,Thru lane,unknown,unknown,Rear end,Unknown,Daylight,01 - Daylight,Municipal (excl. Twp. Rd.),No control,unknown,0,0,0,False,False,False,Clear,,True,Road 1: 436 DOON SOUTH DR; Road 2: DOON SOUTH DR; Vehicle #1     Make: VOLK     Model: PTS     Colour: GRY     Style: 4D; Vehicle #2     Make: RAM     Model: RTR     Colour: GRN     Style: PK,4/9/2021 4:25:55 PM,,
48838,19030689,1549540500000,2019,2,7,11,55,0,Thursday,541808.78204,4810637.2277,-80.4833,43.447479,Non intersection,2,Non-reportable,Thru lane,unknown,unknown,SMV unattended vehicle,Unknown,Daylight,01 - Daylight,Municipal (excl. Twp. Rd.),No control,unknown,0,0,0,False,False,False,Clear,,True,Road 1: KING ST E; Road 2: CEDAR ST S; Distance: 20.0 M N; Vehicle #1     Make:      Model:      Colour:      Style: ; Vehicle #2     Make: CHEV     Model: ETV     Colour: WHI     Style: CB,3/26/2021 11:53:23 AM,,
48839,19031427,1549614600000,2019,2,8,8,30,0,Friday,544644.47032,4805071.17657,-80.448711,43.397199,Non intersection,2,Non-reportable,Thru lane,unknown,unknown,SMV other,Unknown,Daylight,01 - Daylight,Municipal (excl. Twp. Rd.),No control,unknown,0,0,0,False,False,False,Clear,,True,Road 1: HARCOURT CRESCENT; Road 2: MILLWOOD CRESCENT; Distance: 100.0 M W; Vehicle #1     Make: CHEV     Model: ML     Colour: GRY     Style: 4D,3/26/2021 11:53:09 AM,,
48840,19031528,1549566000000,2019,2,7,19,0,0,Thursday,540995.22144,4806802.53351,-80.493642,43.412996,At/near private drive,2,Non-reportable,Thru lane,unknown,unknown,SMV unattended vehicle,Unknown,Dark,07 - Dark,Private property,No control,unknown,0,0,0,False,False,False,Clear,,True,Road 1: 39 RADCLIFFE DR; Vehicle #1     Make:      Model:      Colour:      Style: ; Vehicle #2     Make: CHEV     Model: SIL     Colour: RED     Style: CW,4/9/2021 4:28:51 PM,,
48841,19031578,1549629720000,2019,2,8,12,42,0,Friday,542484.50209,4809357.33177,-80.475049,43.435916999999996,Other,2,P.D. only,Off highway,unknown,unknown,SMV other,Unknown,Daylight,01 - Daylight,Private property,No control,unknown,0,0,0,False,False,False,Clear,,False,Road 1: 244 SYDNEY ST S; Road 2: SYDNEY ST S; Vehicle #1     Make: TOYT     Model: CXL     Colour: GRY     Style: 4D,4/9/2021 4:30:17 PM,,
48842,19031643,1549630200000,2019,2,8,12,50,0,Friday,542247.25718,4810235.87125,-80.477912,43.443841,Non intersection,2,P.D. only,Thru lane,unknown,unknown,Sideswipe,Unknown,Daylight,01 - Daylight,Municipal (excl. Twp. Rd.),No control,unknown,0,0,0,False,False,False,Clear,,True,Road 1: 32 STIRLING AVE S; Vehicle #1     Make: ACUR     Model: RDX     Colour: BRN     Style: TY; Vehicle #2     Make: MAZD     Model: X3T     Colour: RED     Style: 4W,3/26/2021 11:53:21 AM,,
48843,19031673,1549635600000,2019,2,8,14,20,0,Friday,538921.8746,4810084.29145,-80.51901699999999,43.442656,At/near private drive,2,Non-reportable,Off highway,unknown,unknown,SMV unattended vehicle,Unknown,Daylight,01 - Daylight,Private property,No control,unknown,0,0,0,False,False,False,Clear,,True,Road 1: 12 WEICHEL ST (STREET PARKING); Vehicle #1     Make:      Model:      Colour:      Style: ; Vehicle #2     Make: HOND     Model: CCL     Colour: BLK     Style: 4D,4/9/2021 4:28:52 PM,,
48844,19031779,1549612800000,2019,2,8,8,0,0,Friday,537386.90175,4810286.76524,-80.537971,43.444556999999996,Other,2,Non-reportable,Off highway,unknown,unknown,Angle,Unknown,Daylight,01 - Daylight,Private property,No control,unknown,0,0,0,False,False,False,Clear,,True,Road 1: 754 GLASGOW ST (DRIVE WAY); Vehicle #1     Make: TOYT     Model: HIG     Colour: BLK     Style: TY; Vehicle #2     Make:      Model:      Colour:      Style:,4/9/2021 4:30:17 PM,,
48845,19032405,1549741500000,2019,2,9,19,45,0,Saturday,540360.64171,4806982.26768,-80.50146699999999,43.414649,At/near private drive,2,P.D. only,Thru lane,unknown,unknown,SMV unattended vehicle,Unknown,Dark,07 - Dark,Municipal (excl. Twp. Rd.),No control,unknown,1,0,0,False,False,False,Clear,,False,Road 1: 39 LITTLEFIELD CRES (50 km/h); Road 2: LITTLEFIELD CRES; Distance: 2.0 M S; Vehicle #1     Make: DODG     Model: RPC     Colour: BLK     Style: PK; Vehicle #2     Make: MERZ     Model: E32     Colour: GRN     Style: 4D,4/9/2021 4:29:04 PM,,
48846,19032503,1549723500000,2019,2,9,14,45,0,Saturday,543230.61648,4804478.42513,-80.466216,43.391943999999995,At intersection,2,P.D. only,Within intersection,unknown,unknown,SMV other,Unknown,Daylight,01 - Daylight,Municipal (excl. Twp. Rd.),Stop sign,unknown,0,0,0,False,False,False,Clear,,True,Road 1: HURON RD @; Road 2: STRASBURG RD; Vehicle #1     Make: INFI     Model: Q5S     Colour: BLK     Style: 4D,4/9/2021 4:27:45 PM,,
48847,19032934,1549764480000,2019,2,10,2,8,0,Sunday,542239.26922,4810497.49957,-80.477991,43.446197,Intersection related,2,P.D. only,Off highway,unknown,unknown,SMV other,Unknown,Dark,07 - Dark,Regional municipality,Stop sign,unknown,0,0,0,False,False,False,Clear,,False,Road 1: PANDORA AVE N (50 km/h); Road 2: DUKE ST E (50 km/h); Vehicle #1     Make: DODG     Model: CHS     Colour: RED     Style: 4D,4/9/2021 4:26:50 PM,,
48848,19033078,1549737000000,2019,2,9,18,30,0,Saturday,539059.11964,4806886.2554,-80.51755,43.413852999999996,Intersection related,2,P.D. only,Thru lane,unknown,unknown,Rear end,Unknown,Dark,07 - Dark,Municipal (excl. Twp. Rd.),Stop sign,Functioning,0,0,0,False,False,False,Clear,,True,Road 1: WAKE ROBIN DR; Road 2: INTERNATIONAL PL; Vehicle #1     Make: HYUN     Model: TUC     Colour: GRY     Style: TY; Vehicle #2     Make:      Model:      Colour:      Style:,4/9/2021 4:26:50 PM,,
48849,19033126,1549644900000,2019,2,8,16,55,0,Friday,543584.50196,4808934.60819,-80.461491,43.432047,At/near private drive,2,Non-reportable,Thru lane,unknown,unknown,Other,Unknown,Daylight,01 - Daylight,Municipal (excl. Twp. Rd.),No control,unknown,0,0,0,False,False,False,Clear,,True,Road 1: 197 DIXON ST; Vehicle #1     Make: MAZD     Model: PDS     Colour: BLK     Style: 4D; Vehicle #2     Make:      Model:      Colour:      Style:,4/9/2021 4:29:00 PM,,
48850,19033334,1549735200000,2019,2,9,18,0,0,Saturday,539058.69071,4806885.64092,-80.517555,43.413848,At intersection,2,P.D. only,Within intersection,unknown,unknown,Rear end,Unknown,Dusk,05 - Dusk,Municipal (excl. Twp. Rd.),Stop sign,Functioning,0,0,0,False,False,False,Clear,,True,Road 1: MILFOIL CRESCENT; Road 2: INTERNATIONAL PL; Vehicle #1     Make: HOND     Model: RID     Colour: SIL     Style: PK; Vehicle #2     Make:      Model:      Colour:      Style:,4/9/2021 4:27:49 PM,,
48851,19033391,1549824060000,2019,2,10,18,41,0,Sunday,542793.51645,4811268.88036,-80.471081,43.453111,Non intersection,2,P.D. only,Thru lane,unknown,unknown,SMV unattended vehicle,Unknown,"Dark, artificial","08 - Dark, artificial",Regional municipality,No control,unknown,1,0,0,False,False,False,Clear,,False,Road 1: 250 KRUG ST (50 km/h); Road 2: KRUG ST; Distance: 4.0 M E; Vehicle #1     Make: STRN     Model: SI2     Colour: GRY     Style: 2D; Vehicle #2     Make: MAZD     Model: X3T     Colour: RED     Style: SW,3/26/2021 11:53:08 AM,,
48852,19033873,1549884120000,2019,2,11,11,22,0,Monday,542487.18524,4803863.48445,-80.475443,43.386449999999996,Non intersection,2,P.D. only,Thru lane,unknown,unknown,Turning movement,Unknown,Daylight,01 - Daylight,Municipal (excl. Twp. Rd.),No control,unknown,1,0,0,False,False,False,Clear,,False,Road 1: 655 HURON RD (60 km/h); Road 2: HURON RD; Distance: 2.0 M S; Vehicle #1     Make: KIA     Model: RIL     Colour: SIL     Style: 4D; Vehicle #2     Make: LEXS     Model: A35     Colour: WHI     Style: 4D,3/26/2021 11:53:14 AM,,
48853,19034013,1549894080000,2019,2,11,14,8,0,Monday,542753.25309,4816228.08461,-80.471189,43.497766,Non intersection,2,P.D. only,Thru lane,unknown,unknown,SMV unattended vehicle,Unknown,Daylight,01 - Daylight,Municipal (excl. Twp. Rd.),No control,unknown,1,0,0,False,False,False,Clear,,False,Road 1: EAGLECREST ST (50 km/h); Road 2: KESTREL ST; Distance: 100.0 M N; Vehicle #1     Make: BMW     Model: BX3     Colour: WHI     Style: TY; Vehicle #2     Make: LEXS     Model: IS3     Colour: WHI     Style: 4D,3/26/2021 11:53:08 AM,,
48854,19034516,1549961580000,2019,2,12,8,53,0,Tuesday,538632.63746,4806607.03315,-80.522837,43.411361,At intersection,2,P.D. only,Left turn lane,unknown,unknown,SMV other,Unknown,Daylight,01 - Daylight,Municipal (excl. Twp. Rd.),Stop sign,unknown,0,0,0,False,False,False,Snow,,True,Road 1: WINDFLOWER DR; Road 2: WAKE ROBIN DR; Vehicle #1     Make: FORD     Model: SPE     Colour: SIL     Style: TY,4/9/2021 4:27:52 PM,,
48855,19034608,1549611960000,2019,2,8,7,46,0,Friday,537351.07909,4810268.49044,-80.538415,43.444393999999996,Non intersection,2,Non-reportable,Thru lane,unknown,unknown,Angle,Unknown,Daylight,01 - Daylight,Municipal (excl. Twp. Rd.),No control,unknown,0,0,0,False,False,False,Clear,,True,Road 1: 768 GLASGOW ST; Vehicle #1     Make: MACK     Model: 800     Colour: BLU     Style: CT; Vehicle #2     Make:      Model:      Colour:      Style:,3/26/2021 11:53:10 AM,,
48856,19034645,1548440700000,2019,1,25,18,25,0,Friday,537024.28678,4809365.20768,-80.542515,43.436277,Non intersection,2,P.D. only,Thru lane,unknown,unknown,SMV unattended vehicle,Unknown,Dark,07 - Dark,Municipal (excl. Twp. Rd.),No control,unknown,0,0,0,False,False,False,Clear,,True,Road 1: 48 LYNNVALLEY CRESCENT (ROAD SIDE PARKING); Vehicle #1     Make:      Model:      Colour:      Style: ; Vehicle #2     Make: HOND     Model: UDY     Colour: BLU     Style: TY,4/9/2021 4:26:35 PM,,
48857,19034757,1549984500000,2019,2,12,15,15,0,Tuesday,540796.65964,4809182.9496,-80.49591699999999,43.434439999999995,At intersection,2,P.D. only,Thru lane,unknown,unknown,Rear end,Stop sign,Daylight,01 - Daylight,Municipal (excl. Twp. Rd.),Stop sign,Functioning,1,0,0,False,False,False,Freezing Rain,,False,Road 1: STIRLING AVE S (50 km/h); Road 2: PLEASANT AVE (50 km/h); Distance:  K; Vehicle #1     Make: HOND     Model: ACT     Colour: BLK     Style: TY; Vehicle #2     Make: HOND     Model: UDY     Colour: WHI     Style: TY,4/9/2021 4:27:57 PM,,
48858,19034829,1549964100000,2019,2,12,9,35,0,Tuesday,540571.76145,4812710.15217,-80.49843299999999,43.466212,At intersection,2,Non-reportable,Within intersection,unknown,unknown,SMV other,Stop sign,Daylight,01 - Daylight,Municipal (excl. Twp. Rd.),Stop sign,unknown,0,0,0,False,False,False,Snow,,True,Road 1: MARGARET AVE S; Road 2: UNION ST; Vehicle #1     Make: FORD     Model: FSE     Colour: YEL     Style: 4D,4/9/2021 4:27:57 PM,,
48859,19034855,1549994520000,2019,2,12,18,2,0,Tuesday,544296.67228,4813255.94854,-80.452342,43.470915,Non intersection,2,P.D. only,Not on roadway - right side,unknown,unknown,SMV other,Unknown,Dark,07 - Dark,Municipal (excl. Twp. Rd.),No control,unknown,0,0,0,False,False,False,Freezing Rain,,False,Road 1: 400 BINGEMANS CENTRE DR (50 km/h); Road 2: BINGEMANS CENTRE DR; Distance: 30.0 M E; Vehicle #1     Make: NISS     Model: SML     Colour: BLK     Style: 4D,3/26/2021 11:53:15 AM,,
48860,19034903,1549982400000,2019,2,12,14,40,0,Tuesday,545188.53699,4813354.73623,-80.441307,43.471751,Intersection related,2,Non-reportable,Thru lane,unknown,unknown,Sideswipe,Unknown,Daylight,01 - Daylight,Municipal (excl. Twp. Rd.),Traffic signal,Functioning,0,0,0,False,False,False,Freezing Rain,,True,Road 1: BINGEMANS CENTRE DR; Road 2: VICTORIA ST N; Vehicle #1     Make: TOYT     Model: RG4     Colour: WHI     Style: TY; Vehicle #2     Make:      Model:      Colour:      Style:,4/9/2021 4:26:54 PM,,
48861,19035358,1550059920000,2019,2,13,12,12,0,Wednesday,543248.14135,4804518.95066,-80.465997,43.392308,Intersection related,1,Non-fatal injury,Thru lane,unknown,unknown,Approaching,Unknown,Daylight,01 - Daylight,Regional municipality,Stop sign,Functioning,1,0,0,False,False,False,Snow,,False,Road 1: HURON RD (50 km/h); Road 2: STRASBURG RD (50 km/h); Distance: 20.0 M E; Vehicle #1     Make: VOLK     Model: GLF     Colour: WHI     Style: 2B; Vehicle #2     Make: CHEV     Model: CAV     Colour: RED     Style: 4D,4/9/2021 4:26:48 PM,,
48862,19035443,1550054400000,2019,2,13,10,40,0,Wednesday,540288.29562,4810698.53092,-80.50208599999999,43.448114,Non intersection,2,Non-reportable,Thru lane,unknown,unknown,Rear end,Unknown,Daylight,01 - Daylight,Municipal (excl. Twp. Rd.),No control,unknown,0,0,0,False,False,False,Snow,,True,Road 1: PARK ST; Road 2: VICTORIA ST S; Distance: 50.0 M S; Vehicle #1     Make: FORD     Model: VAN     Colour: WHI     Style: FV; Vehicle #2     Make:      Model:      Colour:      Style:,3/26/2021 11:53:20 AM,,
48863,19035477,1549152000000,2019,2,3,0,0,0,Sunday,538910.80457,4810023.80217,-80.51915799999999,43.442111999999995,At/near private drive,2,P.D. only,Thru lane,unknown,unknown,SMV unattended vehicle,Unknown,Dark,07 - Dark,Municipal (excl. Twp. Rd.),No control,unknown,0,0,0,False,False,False,Clear,,True,Road 1: BELTON DR (IFO 11); Vehicle #1     Make:      Model:      Colour:      Style: ; Vehicle #2     Make: MERZ     Model: MG3     Colour: GRY     Style: TY,4/9/2021 4:29:57 PM,,
48864,19035511,1550074800000,2019,2,13,16,20,0,Wednesday,545146.73986,4807126.13416,-80.44233899999999,43.415670999999996,At intersection,2,Non-reportable,Thru lane,unknown,unknown,Rear end,Unknown,Daylight,01 - Daylight,Municipal (excl. Twp. Rd.),Stop sign,unknown,0,0,0,False,False,False,Snow,,True,Road 1: WILSON AVE; Road 2: GOODRICH DR; Vehicle #1     Make: FORD     Model: FE     Colour: RED     Style: 4D; Vehicle #2     Make: CHEV     Model: SIL     Colour: WHI     Style: CB,4/9/2021 4:27:58 PM,,
48865,19035517,1550074860000,2019,2,13,16,21,0,Wednesday,542116.02666,4811415.59571,-80.479443,43.45447,At/near private drive,2,P.D. only,Thru lane,unknown,unknown,Other,Unknown,Daylight,01 - Daylight,Municipal (excl. Twp. Rd.),No control,unknown,0,0,0,False,False,False,Clear,,True,Road 1: SAMUEL ST (IFO 11 SAMUEL ST); Road 2: FREDERICK ST; Vehicle #1     Make: DODG     Model: CAR     Colour: RED     Style: VN; Vehicle #2     Make:      Model:      Colour:      Style:,4/9/2021 4:28:53 PM,,
48866,19035581,1549999800000,2019,2,12,19,30,0,Tuesday,541548.70206,4811886.68625,-80.486419,43.458743999999996,At intersection,2,P.D. only,Within intersection,unknown,unknown,Angle,Unknown,Dark,07 - Dark,Municipal (excl. Twp. Rd.),Stop sign,Functioning,0,0,0,False,False,False,Freezing Rain,,True,Road 1: BREITHAUPT ST; Road 2: ST LEGER ST; Vehicle #1     Make: MERZ     Model: GL3     Colour: BLK     Style: TY; Vehicle #2     Make:      Model:      Colour:      Style:,4/9/2021 4:27:52 PM,,
48867,19035653,1550084400000,2019,2,13,19,0,0,Wednesday,545274.13117,4806435.40522,-80.440823,43.409444,At intersection,2,P.D. only,Right turn channel,unknown,unknown,Rear end,Stop sign,Dark,07 - Dark,Municipal (excl. Twp. Rd.),Stop sign,Functioning,0,0,0,False,False,False,Snow,,True,Road 1: WILSON AVE; Road 2: WABANAKI DR; Distance: 0.0 M W; Vehicle #1     Make: NISS     Model: SML     Colour: BLK     Style: 4D; Vehicle #2     Make: CHEV     Model: UPL     Colour: GRY     Style: VN,4/9/2021 4:27:48 PM,,
48868,19035659,1553498400000,2019,3,25,7,20,0,Monday,542962.53879,4814157.84227,-80.468764,43.479113,At/near private drive,2,P.D. only,Thru lane,unknown,unknown,Sideswipe,Unknown,Daylight,01 - Daylight,Municipal (excl. Twp. Rd.),No control,unknown,1,0,0,False,False,False,Clear,,False,Road 1: TAGGE ST (50 km/h); Road 2: TAGGE ST; Distance: 1.0 M W; Vehicle #1     Make: GMC     Model: SIE     Colour: RED     Style: PK; Vehicle #2     Make:      Model:      Colour:      Style: 4D,4/9/2021 4:29:17 PM,,