OBJECTID,ACCIDENTNUM,ACCIDENTDATE,ACCIDENT_YEAR,ACCIDENT_MONTH,ACCIDENT_DAY,ACCIDENT_HOUR,ACCIDENT_MINUTE,ACCIDENT_SECOND,ACCIDENT_WEEKDAY,XCOORD,YCOORD,LONGITUDE,LATITUDE,ACCIDENTLOCATION,COLLISIONTYPE,CLASSIFICATIONOFACCIDENT,IMPACTLOCATION,INITIALDIRECTIONOFTRAVELONE,INITIALDIRECTIONOFTRAVELTWO,INITIALIMPACTTYPE,INTTRAFFICCONTROL,LIGHT,LIGHTFORREPORT,ROADJURISDICTION,TRAFFICCONTROL,TRAFFICCONTROLCONDITION,THRULANENO,NORTHBOUNDDISOBEYCOUNT,SOUTHBOUNDDISOBEYCOUNT,PEDESTRIANINVOLVED,CYCLISTINVOLVED,MOTORCYCLISTINVOLVED,ENVIRONMENTCONDITION1,ENVIRONMENTCONDITION2,SELFREPORTED,XMLIMPORTNOTES,LASTEDITEDDATE,CREATE_BY,CREATE_DATE
48965,19053865,1552060800000,2019,3,8,16,0,0,Friday,539832.91083,4808044.94286,-80.507908,43.424246,Non intersection,2,Non-reportable,Thru lane,unknown,unknown,SMV unattended vehicle,Unknown,Daylight,01 - Daylight,Municipal (excl. Twp. Rd.),No control,unknown,0,0,0,False,False,False,Clear,,True,Road 1: 260 STONYBROOK DR; Vehicle #1     Make:      Model:      Colour:      Style: ; Vehicle #2     Make: TOYT     Model: SIE     Colour: BLK     Style: VN,4/9/2021 4:26:11 PM,,
48966,19054047,1551639300000,2019,3,3,18,55,0,Sunday,540500.83309,4805821.74711,-80.499821,43.404191999999995,Non intersection,2,Non-reportable,Thru lane,unknown,unknown,SMV unattended vehicle,Unknown,Dark,07 - Dark,Municipal (excl. Twp. Rd.),No control,unknown,0,0,0,False,False,False,Clear,,True,Road 1: 146 HARDING ST; Vehicle #1     Make:      Model:      Colour:      Style: ; Vehicle #2     Make: TOYT     Model: RG4     Colour: GRY     Style: TY,4/9/2021 4:26:09 PM,,
48967,19054678,1552147200000,2019,3,9,16,0,0,Saturday,541878.7762,4803490.41099,-80.48298299999999,43.383125,Intersection related,2,P.D. only,Thru lane,unknown,unknown,Sideswipe,Unknown,Daylight,01 - Daylight,Municipal (excl. Twp. Rd.),Stop sign,Functioning,0,0,0,False,False,False,Clear,,True,Road 1: HURON RD KITCHENER; Road 2: WOODBINE AVE KITCHENER; Vehicle #1     Make: HYUN     Model: SON     Colour: BLK     Style: 4D; Vehicle #2     Make: GMC     Model: SIE     Colour: WHI     Style: CW,4/9/2021 4:27:22 PM,,
48968,19055269,1552138200000,2019,3,9,13,30,0,Saturday,538040.05355,4807202.52304,-80.530115,43.416754,Non intersection,2,P.D. only,Thru lane,unknown,unknown,SMV unattended vehicle,Unknown,Daylight,01 - Daylight,Municipal (excl. Twp. Rd.),No control,unknown,0,0,0,False,False,False,Clear,,True,Road 1: 11 RED MAPLE PLACE; Vehicle #1     Make:      Model:      Colour:      Style: ; Vehicle #2     Make: CHEV     Model: CZS     Colour: RED     Style: 4D,4/9/2021 4:27:02 PM,,
48969,19055274,1552257000000,2019,3,10,22,30,0,Sunday,542060.77123,4804481.89665,-80.48066,43.392042,At/near private drive,2,Non-reportable,Off highway,unknown,unknown,SMV unattended vehicle,Unknown,"Dark, artificial","08 - Dark, artificial",Private property,No control,unknown,0,0,0,False,False,False,Clear,,True,Road 1: 425 WOODBINE AVE; Vehicle #1     Make:      Model:      Colour:      Style: ; Vehicle #2     Make: HYUN     Model: SGL     Colour: BRN     Style: 4D,4/9/2021 4:29:50 PM,,
48970,19055641,1552251600000,2019,3,10,21,0,0,Sunday,543545.93244,4809138.74124,-80.461952,43.433887999999996,Non intersection,2,P.D. only,Right shoulder,unknown,unknown,SMV unattended vehicle,Unknown,Dark,07 - Dark,Municipal (excl. Twp. Rd.),No control,unknown,0,0,0,False,False,False,Clear,,False,Road 1: 75 CORNELL AVE (50 km/h); Road 2: CORNELL AVE; Distance: 7.0 M S; Vehicle #1     Make: SUBA     Model: FOR     Colour: WHI     Style: TY; Vehicle #2     Make: CHEV     Model: CZZ     Colour: BLK     Style: 4D,4/9/2021 4:25:36 PM,,
48971,19056159,1552307400000,2019,3,11,12,30,0,Monday,543040.06924,4812843.38401,-80.46790899999999,43.467273,Non intersection,2,Non-reportable,Thru lane,unknown,unknown,Rear end,Unknown,Daylight,01 - Daylight,Municipal (excl. Twp. Rd.),No control,unknown,0,0,0,False,False,False,Clear,,True,Road 1: RIVERBEND DR; Road 2: WELLINGTON ST N; Vehicle #1     Make: MERZ     Model: CSP     Colour: WHI     Style: FV; Vehicle #2     Make: MAZD     Model: CX5     Colour: GRY     Style: TY,4/9/2021 4:26:15 PM,,
48972,19056289,1552856400000,2019,3,17,21,0,0,Sunday,540655.29695,4807978.1273,-80.497753,43.4236,At/near private drive,2,P.D. only,Thru lane,unknown,unknown,SMV unattended vehicle,Unknown,Dark,07 - Dark,Municipal (excl. Twp. Rd.),No control,unknown,0,0,0,False,False,False,Clear,,True,Road 1: CHANDLER DR; Road 2: ELMSDALE DR; Distance: 100.0 M S; Vehicle #1     Make:      Model:      Colour:      Style: ; Vehicle #2     Make: FORD     Model: SPE     Colour: BLK     Style: TY,4/9/2021 4:29:54 PM,,
48973,19056993,1553235000000,2019,3,22,6,10,0,Friday,545342.33641,4802519.43275,-80.440305,43.374181,Non intersection,2,Non-reportable,Thru lane,unknown,unknown,SMV unattended vehicle,Unknown,Dark,07 - Dark,Municipal (excl. Twp. Rd.),No control,unknown,0,0,0,False,False,False,Clear,,True,Road 1: 16 MEDOWRIDGE ST KITCHENER; Vehicle #1     Make:      Model:      Colour:      Style: ; Vehicle #2     Make: TOYT     Model: UCS     Colour: GRY     Style: 4D,4/9/2021 4:25:44 PM,,
48974,19057178,1552412400000,2019,3,12,17,40,0,Tuesday,545300.26799,4811279.89857,-80.44009799999999,43.453061999999996,At/near private drive,2,Non-reportable,Thru lane,unknown,unknown,SMV unattended vehicle,Unknown,Daylight,01 - Daylight,Municipal (excl. Twp. Rd.),No control,unknown,0,0,0,False,False,False,Clear,,True,Road 1: BISHOP COURT (IFO 12); Vehicle #1     Make:      Model:      Colour:      Style: ; Vehicle #2     Make: HOND     Model: UCS     Colour: GRY     Style: 2D,4/9/2021 4:29:39 PM,,
48975,19057726,1552080600000,2019,3,8,21,30,0,Friday,543982.8614,4803441.65508,-80.45701199999999,43.382565,At/near private drive,2,P.D. only,Thru lane,unknown,unknown,SMV unattended vehicle,Unknown,Dark,07 - Dark,Municipal (excl. Twp. Rd.),No control,unknown,0,0,0,False,False,False,Clear,,True,Road 1: HEARTHBRIDGE ST (IFO 23); Vehicle #1     Make:      Model:      Colour:      Style: ; Vehicle #2     Make: FORD     Model: COF     Colour: GRY     Style: PK,4/9/2021 4:29:37 PM,,
48976,19057956,1548709200000,2019,1,28,21,0,0,Monday,544250.73543,4809096.51008,-80.45324699999999,43.433465999999996,Non intersection,2,Non-reportable,Thru lane,unknown,unknown,SMV unattended vehicle,Unknown,Dark,07 - Dark,Municipal (excl. Twp. Rd.),No control,unknown,0,0,0,False,False,False,Clear,,True,Road 1: 47 4TH AVE; Vehicle #1     Make:      Model:      Colour:      Style: ; Vehicle #2     Make: TOYT     Model: YAR     Colour: GRY     Style: 4D,4/9/2021 4:26:03 PM,,
48977,19058605,1552316400000,2019,3,11,15,0,0,Monday,540150.30471,4808613.2572,-80.503945,43.429345999999995,At/near private drive,2,P.D. only,Off highway,unknown,unknown,SMV unattended vehicle,Unknown,Daylight,01 - Daylight,Private property,No control,unknown,0,0,0,False,False,False,Clear,,True,Road 1: 96 SHADYWOOD CRESCENT; Vehicle #1     Make:      Model:      Colour:      Style: ; Vehicle #2     Make: TOYT     Model: RV4     Colour: GRY     Style: TY,4/9/2021 4:29:22 PM,,
48978,19059281,1552569300000,2019,3,14,13,15,0,Thursday,544860.2801,4806308.59713,-80.445945,43.408327,Non intersection,2,Non-reportable,Thru lane,unknown,unknown,Turning movement,Unknown,Daylight,01 - Daylight,Municipal (excl. Twp. Rd.),No control,unknown,0,0,0,False,False,False,Clear,,True,Road 1: WABANAKI DR (IFO 610); Vehicle #1     Make: NISS     Model: VSL     Colour: RED     Style: 4B; Vehicle #2     Make: ACUR     Model: CSX     Colour: GRY     Style: 4D,4/9/2021 4:26:23 PM,,
48979,19059312,1552555800000,2019,3,14,9,30,0,Thursday,537045.26012,4807738.6085,-80.542366,43.42163,At/near private drive,2,Non-reportable,Thru lane,unknown,unknown,SMV unattended vehicle,Unknown,Daylight,01 - Daylight,Municipal (excl. Twp. Rd.),No control,unknown,0,0,0,False,False,False,Clear,,True,Road 1: WESTVIEW COURT (IFO 210); Vehicle #1     Make: DODG     Model: CAR     Colour: GRY     Style: VN; Vehicle #2     Make: CHEV     Model: EXP     Colour: WHI     Style: VN,4/9/2021 4:29:53 PM,,
48980,19059883,1552688640000,2019,3,15,22,24,0,Friday,542760.71852,4811005.06251,-80.471507,43.450737,At intersection,2,P.D. only,Thru lane,unknown,unknown,Rear end,Unknown,Dark,07 - Dark,Municipal (excl. Twp. Rd.),Traffic signal,Functioning,1,0,0,False,False,False,Snow,,False,Road 1: EAST AVE (50 km/h); Road 2: CAMERON ST N (50 km/h); Vehicle #1     Make: OLDS     Model: AG     Colour: WHI     Style: 4D; Vehicle #2     Make: TOYT     Model: CTX     Colour: GRY     Style: 4B; Vehicle #3     Make: JEEP     Model: CHK     Colour:,4/9/2021 4:28:03 PM,,
48981,19060019,1555983000000,2019,4,23,1,30,0,Tuesday,544046.58334,4808883.97074,-80.455786,43.431563999999995,Intersection related,2,P.D. only,Off highway,unknown,unknown,SMV other,Unknown,Dark,07 - Dark,Municipal (excl. Twp. Rd.),Stop sign,Functioning,0,0,0,False,False,False,Snow,,False,Road 1: 207 CONNAUGHT ST (50 km/h); Road 2: CONNAUGHT ST (50 km/h); Distance:  K; Vehicle #1     Make: HOND     Model: PILO     Colour:      Style:,4/9/2021 4:27:15 PM,,
48982,19060349,1552738080000,2019,3,16,12,8,0,Saturday,541651.41262,4809314.49374,-80.48534599999999,43.435578,At intersection,2,P.D. only,Within intersection,unknown,unknown,Angle,Unknown,Daylight,01 - Daylight,Regional municipality,Stop sign,Functioning,0,1,0,False,False,False,Clear,,False,Road 1: MILL ST (50 km/h); Road 2: HEIMAN ST (50 km/h); Vehicle #1     Make: BMW     Model: 43X     Colour: BLK     Style: 2D; Vehicle #2     Make: VOLK     Model: ATL     Colour: SIL     Style: TY,4/9/2021 4:28:21 PM,,
48983,19060431,1552745220000,2019,3,16,14,7,0,Saturday,544761.57867,4811448.00799,-80.446742,43.454609,At intersection,2,P.D. only,Thru lane,unknown,unknown,Rear end,Unknown,Daylight,01 - Daylight,Municipal (excl. Twp. Rd.),Traffic signal,Functioning,1,0,0,False,False,False,Clear,,False,Road 1: RIVER RD E (60 km/h); Road 2: HICKSON DR (40 km/h); Vehicle #1     Make: HOND     Model: UCL     Colour: BLU     Style: 4D; Vehicle #2     Make: TOYT     Model: UCS     Colour: GRY     Style: 4D; Vehicle #3     Make: GMC     Model: DEN     Colour:,4/9/2021 4:28:13 PM,,
48984,19062187,1552847280000,2019,3,17,18,28,0,Sunday,540016.33247,4811011.45105,-80.50542399999999,43.450945999999995,At/near private drive,2,P.D. only,Thru lane,unknown,unknown,Angle,Unknown,Dark,07 - Dark,Municipal (excl. Twp. Rd.),No control,unknown,1,0,0,False,False,False,Clear,,False,Road 1: STEWART ST (50 km/h); Road 2: PARK ST; Distance: 50.0 M W; Vehicle #1     Make: NISS     Model: PFI     Colour: BLK     Style: TY; Vehicle #2     Make: TOYT     Model: RV4     Colour: WHI     Style: TY,4/9/2021 4:29:04 PM,,
48985,19062391,1552860780000,2019,3,17,22,13,0,Sunday,542581.96547,4810126.06578,-80.47378499999999,43.442833,Intersection related,2,P.D. only,Within intersection,unknown,unknown,Angle,Unknown,Dark,07 - Dark,Regional municipality,Traffic signal,Functioning,0,0,0,False,True,False,Clear,,False,Road 1: BORDEN AVE N (50 km/h); Road 2: KING ST E (50 km/h); Distance:  K; Vehicle #1     Make: PETE     Model:      Colour:      Style: BIC; Vehicle #2     Make: DODG     Model: DAS     Colour: BLK     Style: 4D,4/9/2021 4:26:57 PM,,
48986,19063034,1552922100000,2019,3,18,15,15,0,Monday,541687.52853,4811102.49656,-80.484763,43.451674999999994,Non intersection,2,Non-reportable,Thru lane,unknown,unknown,Other,Unknown,Daylight,01 - Daylight,Municipal (excl. Twp. Rd.),No control,unknown,0,0,0,False,False,False,Clear,,True,Road 1: SPETZ ST; Road 2: FREDERICK ST; Distance: 40.0 M S; Vehicle #1     Make: HYUN     Model: ESS     Colour: BLU     Style: 4D; Vehicle #2     Make: SUBA     Model: ITS     Colour: GRN     Style: 4W,4/9/2021 4:26:25 PM,,
48987,19063614,1552989600000,2019,3,19,10,0,0,Tuesday,541603.92062,4810793.49569,-80.48581999999999,43.448896999999995,Non intersection,2,P.D. only,Thru lane,unknown,unknown,SMV unattended vehicle,Unknown,Daylight,01 - Daylight,Municipal (excl. Twp. Rd.),No control,unknown,0,0,0,False,False,False,Clear,,True,Road 1: SCOTT ST; Road 2: MARKET LN; Distance: 30.0 M S; Vehicle #1     Make: DODG     Model: RPC     Colour: WHI     Style: PK; Vehicle #2     Make: HOND     Model: UCD     Colour: BGE     Style: 4D,4/9/2021 4:26:08 PM,,
48988,19063698,1552991400000,2019,3,19,10,30,0,Tuesday,541637.85754,4810719.34575,-80.485406,43.448228,Non intersection,2,P.D. only,Thru lane,unknown,unknown,Rear end,Unknown,Daylight,01 - Daylight,Municipal (excl. Twp. Rd.),No control,unknown,0,0,0,False,False,False,Clear,,True,Road 1: 235 KING ST EAST KITCHENER; Vehicle #1     Make: TOYT     Model: CBS     Colour: GRY     Style: 4D; Vehicle #2     Make: HOND     Model: UCL     Colour: WHI     Style: 2D,4/27/2022 10:40:08 AM,,
48989,19063857,1553009040000,2019,3,19,15,24,0,Tuesday,546468.16831,4808919.2824,-80.425865,43.431736,Non intersection,2,P.D. only,Not on roadway - right side,unknown,unknown,SMV other,Unknown,Daylight,01 - Daylight,Regional municipality,No control,unknown,0,0,0,False,False,False,Clear,,False,Road 1: RIVER RD E (50 km/h); Road 2: SCENIC DR; Distance: 100.0 M S; Vehicle #1     Make: HYUN     Model: CSN     Colour: WHI     Style: 4D,3/26/2021 11:53:25 AM,,
48990,19064694,1553093400000,2019,3,20,14,50,0,Wednesday,544861.42613,4804898.5102,-80.446046,43.395630999999995,Non intersection,2,Non-reportable,Thru lane,unknown,unknown,Rear end,Unknown,Daylight,01 - Daylight,Regional municipality,No control,unknown,0,0,0,False,False,False,Clear,,True,Road 1: DOON VILLAGE RD; Road 2: PIONEER DR; Distance:  K N; Vehicle #1     Make: KIA     Model: FLX     Colour: WHI     Style: 4D; Vehicle #2     Make: CHEV     Model: RAX     Colour: BLK     Style: TY,4/9/2021 4:25:40 PM,,
48991,19064729,1553080200000,2019,3,20,11,10,0,Wednesday,539828.43774,4809154.93925,-80.507882,43.434239999999996,At/near private drive,2,P.D. only,Thru lane,unknown,unknown,Angle,Unknown,Daylight,01 - Daylight,Municipal (excl. Twp. Rd.),No control,unknown,0,0,0,False,False,False,Clear,,True,Road 1: QUEEN'S BLVD; Road 2: WESTMOUNT RD; Distance: 200.0 M E; Vehicle #1     Make: KIA     Model: SPO     Colour: BLU     Style: TY; Vehicle #2     Make: HOND     Model: UDY     Colour: BLU     Style: VN,4/9/2021 4:29:26 PM,,
48992,19064915,1553111760000,2019,3,20,19,56,0,Wednesday,542241.29407,4809511.59822,-80.478042,43.43732,Non intersection,2,P.D. only,Thru lane,unknown,unknown,Rear end,Unknown,Dark,07 - Dark,Regional municipality,No control,unknown,1,0,0,False,False,False,Rain,,False,Road 1: GRENVILLE AVE (50 km/h); Road 2: COURTLAND AVE E; Distance: 15.0 M W; Vehicle #1     Make: MAZD     Model: 3SP     Colour: GRY     Style: 4D; Vehicle #2     Make: TESL     Model: 3     Colour: GRY     Style: 4D,4/9/2021 4:25:35 PM,,
48993,19064973,1553116500000,2019,3,20,21,15,0,Wednesday,543074.85343,4812800.02532,-80.467483,43.466881,At intersection,2,P.D. only,Within intersection,unknown,unknown,Turning movement,Unknown,"Dark, artificial","08 - Dark, artificial",Municipal (excl. Twp. Rd.),unknown,Functioning,0,0,0,False,False,False,Rain,,False,Road 1: WELLINGTON ST N (50 km/h); Road 2: RIVERBEND DR (50 km/h); Vehicle #1     Make: DODG     Model: CXA     Colour: GRY     Style: 4D; Vehicle #2     Make: HOND     Model: UDY     Colour: SIL     Style: VN,4/9/2021 4:28:03 PM,,
48994,19065393,1553170500000,2019,3,21,12,15,0,Thursday,540938.59439,4811216.85107,-80.494011,43.452746,At intersection,1,Non-fatal injury,Within intersection,unknown,unknown,SMV other,Unknown,Daylight,01 - Daylight,Regional municipality,Traffic signal,Functioning,0,0,0,True,False,False,Clear,,False,Road 1: WATER ST N (50 km/h); Road 2: DUKE ST W (50 km/h); Distance:  K; Vehicle #1     Make: KIA     Model: FEX     Colour: SIL     Style: 4D,4/9/2021 4:28:01 PM,,
48995,19065581,1553186040000,2019,3,21,16,34,0,Thursday,539079.70231,4811110.25843,-80.516993,43.451885999999995,At intersection,2,P.D. only,Within intersection,unknown,unknown,Angle,Unknown,Daylight,01 - Daylight,Regional municipality,Traffic signal,Functioning,0,0,1,False,False,False,Clear,,False,Road 1: GLASGOW ST (40 km/h); Road 2: BELMONT AVE W (50 km/h); Distance: 0.0 K; Vehicle #1     Make: NISS     Model: ROG     Colour: BLK     Style: TY; Vehicle #2     Make: HOND     Model: CCL     Colour: BLK     Style: 4D,4/9/2021 4:28:19 PM,,
48996,19066386,1553256900000,2019,3,22,12,15,0,Friday,538413.95171,4810448.21537,-80.525268,43.445958999999995,Non intersection,2,Non-reportable,Other,unknown,unknown,SMV unattended vehicle,Unknown,Daylight,01 - Daylight,Private property,No control,unknown,0,0,0,False,False,False,Clear,,True,Road 1: 57 WESTWOOD DR WESTMOUNT; Vehicle #1     Make: KIA     Model: RBL     Colour: BLK     Style: 4D; Vehicle #2     Make: MAZD     Model: MCX     Colour: BLK     Style: TY,4/9/2021 4:25:37 PM,,
48997,19066569,1553279400000,2019,3,22,18,30,0,Friday,545034.35112,4802589.46585,-80.444101,43.374829999999996,At/near private drive,2,P.D. only,Thru lane,unknown,unknown,SMV unattended vehicle,Unknown,Dark,07 - Dark,Municipal (excl. Twp. Rd.),No control,unknown,0,0,0,False,False,False,Clear,,True,Road 1: 274 MOORLANDS CRESCENT; Vehicle #1     Make: KIA     Model: RIE     Colour: WHI     Style: 4B; Vehicle #2     Make: HYUN     Model: EGM     Colour: BLK     Style: 4D,4/9/2021 4:29:30 PM,,
48998,19067175,1553349600000,2019,3,23,14,0,0,Saturday,545998.77918,4805181.72557,-80.431979,43.398112,At/near private drive,2,P.D. only,Thru lane,unknown,unknown,Sideswipe,Unknown,Daylight,01 - Daylight,Municipal (excl. Twp. Rd.),No control,unknown,0,0,0,False,False,False,Clear,,True,Road 1: 35 GREEN VALLEY DR; Vehicle #1     Make: HYUN     Model: ASE     Colour: GRY     Style: 2B; Vehicle #2     Make: BMW     Model: 28X     Colour: SIL     Style: 4D,4/9/2021 4:29:33 PM,,
48999,19067252,1553348400000,2019,3,23,13,40,0,Saturday,538797.66114,4808844.05507,-80.52064,43.431495,At/near private drive,2,Non-reportable,Thru lane,unknown,unknown,SMV unattended vehicle,Unknown,Daylight,01 - Daylight,Municipal (excl. Twp. Rd.),No control,unknown,0,0,0,False,False,False,Clear,,True,Road 1: 55 EAGEN DR; Vehicle #1     Make: DODG     Model: CAR     Colour: BGE     Style: VN; Vehicle #2     Make:      Model:      Colour:      Style:,4/9/2021 4:29:33 PM,,
49000,19067278,1553356800000,2019,3,23,16,0,0,Saturday,543569.65894,4804977.84504,-80.46199,43.396421,Intersection related,2,P.D. only,Thru lane,unknown,unknown,Sideswipe,Unknown,Daylight,01 - Daylight,Municipal (excl. Twp. Rd.),Traffic signal,Functioning,0,0,0,False,False,False,Clear,,True,Road 1: HURON RD; Road 2: BATTLER RD; Vehicle #1     Make: HYUN     Model: ESM     Colour: WHI     Style: 4D; Vehicle #2     Make: BUIC     Model: ENR     Colour: BLK     Style: TY,4/9/2021 4:27:22 PM,,
49001,19067395,1553369400000,2019,3,23,19,30,0,Saturday,548539.54431,4806589.45708,-80.40048,43.410627,Non intersection,2,P.D. only,Thru lane,unknown,unknown,Sideswipe,Unknown,Dark,07 - Dark,Municipal (excl. Twp. Rd.),No control,unknown,0,0,0,False,False,False,Clear,,True,Road 1: DEER RIDGE DR; Road 2: KING ST E; Vehicle #1     Make: HOND     Model: UCL     Colour: WHI     Style: 2D; Vehicle #2     Make: MERZ     Model: M35     Colour: SIL     Style: TY,4/9/2021 4:25:52 PM,,
49002,19067861,1553335200000,2019,3,23,10,0,0,Saturday,540888.93315,4808512.83478,-80.494827,43.428402,At/near private drive,2,P.D. only,Thru lane,unknown,unknown,SMV unattended vehicle,Unknown,Daylight,01 - Daylight,Municipal (excl. Twp. Rd.),No control,unknown,0,0,0,False,False,False,Clear,,True,Road 1: SOUTHMOOR DR (IN FRONT OF 23 SOUTHMOOR DR); Road 2: YAGER AVE; Distance:  N; Vehicle #1     Make: FORD     Model: FSE     Colour: BLK     Style: 4B; Vehicle #2     Make: HYUN     Model: SAN     Colour: BLK     Style: TY,4/9/2021 4:29:30 PM,,
49003,19068501,1553507100000,2019,3,25,9,45,0,Monday,541296.80118,4811068.46911,-80.489595,43.451389999999996,Intersection related,2,P.D. only,Thru lane,unknown,unknown,Rear end,Unknown,Daylight,01 - Daylight,Municipal (excl. Twp. Rd.),Traffic signal,Functioning,0,0,0,False,False,False,Clear,,True,Road 1: DUKE ST W; Road 2: ONTARIO ST N; Vehicle #1     Make: VOLK     Model: JBS     Colour: WHI     Style: 4D; Vehicle #2     Make: TOYT     Model: UCS     Colour: RED     Style: 4D,4/9/2021 4:27:35 PM,,
49004,19068778,1553527800000,2019,3,25,15,30,0,Monday,541073.08156,4811028.79887,-80.492363,43.451045,Non intersection,2,P.D. only,Thru lane,unknown,unknown,Rear end,Unknown,Daylight,01 - Daylight,Municipal (excl. Twp. Rd.),No control,unknown,0,0,0,False,False,False,Clear,,True,Road 1: KING ST W; Road 2: YOUNG ST; Distance:  K W; Vehicle #1     Make:      Model:      Colour:      Style: ; Vehicle #2     Make: CHEV     Model: EXP     Colour: WHI     Style: FV,4/9/2021 4:26:10 PM,,
49005,19068906,1553536500000,2019,3,25,17,55,0,Monday,540642.67972,4811703.75146,-80.497632,43.457145999999995,At intersection,2,P.D. only,Within intersection,unknown,unknown,Angle,Unknown,Daylight,01 - Daylight,Municipal (excl. Twp. Rd.),Stop sign,Functioning,0,0,0,False,False,False,Clear,,False,Road 1: DUKE ST W (50 km/h); Road 2: LOUISA ST (50 km/h); Vehicle #1     Make: FORD     Model: FSE     Colour: WHI     Style: 4D; Vehicle #2     Make: TOYT     Model: YAR     Colour: BLU     Style: 2B,4/9/2021 4:28:09 PM,,
49006,19068981,1553544000000,2019,3,25,20,0,0,Monday,545136.77807,4804513.7551,-80.442678,43.39215,At/near private drive,2,P.D. only,Thru lane,unknown,unknown,SMV unattended vehicle,Unknown,Dark,07 - Dark,Municipal (excl. Twp. Rd.),No control,unknown,0,0,0,False,False,False,Clear,,True,Road 1: HARVEST COURT (PULLING OUT OF DRIVEWAY); Vehicle #1     Make: CHEV     Model: BLT     Colour: RED     Style: 4D; Vehicle #2     Make: VOLK     Model: RAB     Colour: BLK     Style: 4B,4/9/2021 4:29:51 PM,,
49007,19068991,1553520000000,2019,3,25,13,20,0,Monday,540920.66808,4810497.31982,-80.494286,43.446267999999996,Non intersection,2,Non-reportable,Thru lane,unknown,unknown,SMV unattended vehicle,Unknown,Daylight,01 - Daylight,Municipal (excl. Twp. Rd.),No control,unknown,0,0,0,False,False,False,Clear,,True,Road 1: HILDA PL; Road 2: DAVID ST; Distance:  K E; Vehicle #1     Make: DODG     Model: DAK     Colour: GRY     Style: PK; Vehicle #2     Make:      Model:      Colour:      Style:,4/9/2021 4:26:09 PM,,
49008,19069190,1553605200000,2019,3,26,13,0,0,Tuesday,549172.9448,4806309.88043,-80.39268299999999,43.408069,Non intersection,2,P.D. only,Thru lane,unknown,unknown,Sideswipe,Unknown,Daylight,01 - Daylight,Municipal (excl. Twp. Rd.),No control,unknown,0,0,0,False,False,False,Clear,,True,Road 1: GATEWAY DRIVE KITCHENER; Road 2: SPORTSWORLD DRIVE KITCHENER; Vehicle #1     Make: FORD     Model: FE     Colour: GRY     Style: 4D; Vehicle #2     Make: CHEV     Model: VKG     Colour: GRY     Style: PK,4/9/2021 4:26:21 PM,,
49009,19069237,1553587740000,2019,3,26,8,9,0,Tuesday,548583.46281,4806119.93632,-80.39998,43.406397,Non intersection,2,P.D. only,Thru lane,unknown,unknown,Rear end,Unknown,Daylight,01 - Daylight,Municipal (excl. Twp. Rd.),No control,unknown,1,0,0,False,False,False,Clear,,False,Road 1: 98 PIONEER TOWER RD (50 km/h); Road 2: PIONEER TOWER RD; Distance: 2.0 M N; Vehicle #1     Make: KIA     Model: FLX     Colour: SIL     Style: 4D; Vehicle #2     Make: ACUR     Model: RDX     Colour: WHI     Style: TY,4/9/2021 4:25:26 PM,,
49010,19069545,1553014800000,2019,3,19,17,0,0,Tuesday,547623.9633,4803949.84887,-80.412018,43.386919,Intersection related,2,P.D. only,Right turn channel,unknown,unknown,Rear end,Unknown,Daylight,01 - Daylight,Regional municipality,Traffic signal,Functioning,0,0,0,False,False,False,Clear,,True,Road 1: CONESTOGA COLLEGE BLVD; Road 2: HOMER WATSON BLVD; Distance: 0.0 M W; Vehicle #1     Make: KIA     Model: OLX     Colour: SIL     Style: 4D; Vehicle #2     Make: MAZD     Model: 3TR     Colour: GRY     Style: 4D,4/9/2021 4:27:28 PM,,
49011,19069854,1553634120000,2019,3,26,21,2,0,Tuesday,542313.84533,4810287.45096,-80.477086,43.444300999999996,Intersection related,2,P.D. only,Within intersection,unknown,unknown,Angle,Unknown,"Dark, artificial","08 - Dark, artificial",Regional municipality,Traffic signal,Functioning,0,1,0,False,False,False,Clear,,False,Road 1: KING ST E (50 km/h); Road 2: STIRLING AVE N (50 km/h); Vehicle #1     Make: KIA     Model: OLX     Colour: SIL     Style: 4D; Vehicle #2     Make: TOYT     Model: CBS     Colour: BLU     Style: 4D,4/9/2021 4:26:59 PM,,