OBJECTID,ACCIDENTNUM,ACCIDENTDATE,ACCIDENT_YEAR,ACCIDENT_MONTH,ACCIDENT_DAY,ACCIDENT_HOUR,ACCIDENT_MINUTE,ACCIDENT_SECOND,ACCIDENT_WEEKDAY,XCOORD,YCOORD,LONGITUDE,LATITUDE,ACCIDENTLOCATION,COLLISIONTYPE,CLASSIFICATIONOFACCIDENT,IMPACTLOCATION,INITIALDIRECTIONOFTRAVELONE,INITIALDIRECTIONOFTRAVELTWO,INITIALIMPACTTYPE,INTTRAFFICCONTROL,LIGHT,LIGHTFORREPORT,ROADJURISDICTION,TRAFFICCONTROL,TRAFFICCONTROLCONDITION,THRULANENO,NORTHBOUNDDISOBEYCOUNT,SOUTHBOUNDDISOBEYCOUNT,PEDESTRIANINVOLVED,CYCLISTINVOLVED,MOTORCYCLISTINVOLVED,ENVIRONMENTCONDITION1,ENVIRONMENTCONDITION2,SELFREPORTED,XMLIMPORTNOTES,LASTEDITEDDATE,CREATE_BY,CREATE_DATE
49012,19070225,1553682600000,2019,3,27,10,30,0,Wednesday,541874.86617,4810744.0254,-80.482475,43.448437,At intersection,2,P.D. only,Within intersection,unknown,unknown,Angle,Unknown,Daylight,01 - Daylight,Municipal (excl. Twp. Rd.),unknown,Functioning,0,0,0,False,False,False,Clear,,True,Road 1: CEDAR ST N; Road 2: DUKE ST E; Vehicle #1     Make: KIA     Model: RIL     Colour: SIL     Style: 4B; Vehicle #2     Make: NISS     Model: ASL     Colour: BRN     Style: 4D,4/9/2021 4:28:37 PM,,
49013,19070377,1553695440000,2019,3,27,14,4,0,Wednesday,541797.87785,4810621.53602,-80.483436,43.447337999999995,At intersection,1,Non-fatal injury,Within intersection,unknown,unknown,Angle,Unknown,Daylight,01 - Daylight,Regional municipality,Traffic signal,Functioning,0,1,0,False,False,False,Clear,,False,Road 1: KING ST E (50 km/h); Road 2: CEDAR ST N (50 km/h); Distance:  K; Vehicle #1     Make: RAM     Model: RTR     Colour: WHI     Style: PK; Vehicle #2     Make: HOND     Model: UDY     Colour: BLU     Style: TY,4/9/2021 4:28:25 PM,,
49014,19071177,1552555200000,2019,3,14,9,20,0,Thursday,544865.56699,4809190.82246,-80.44564299999999,43.434279,Non intersection,2,Non-reportable,Off highway,unknown,unknown,SMV unattended vehicle,Unknown,Daylight,01 - Daylight,Municipal (excl. Twp. Rd.),No control,unknown,0,0,0,False,False,False,Clear,,True,Road 1: ARLINGTON BLVD (IFO 50); Vehicle #1     Make:      Model:      Colour:      Style: ; Vehicle #2     Make: CHEV     Model: CZS     Colour: BLK     Style: 4D,3/26/2021 11:53:23 AM,,
49015,19071196,1553700600000,2019,3,27,15,30,0,Wednesday,539279.72532,4802875.41083,-80.515113,43.377728,Non intersection,2,Non-reportable,Thru lane,unknown,unknown,Rear end,Unknown,Daylight,01 - Daylight,Municipal (excl. Twp. Rd.),No control,unknown,0,0,0,False,False,False,Clear,,True,Road 1: HURON RD; Road 2: TRUSSLER RD; Distance: 30.0 M E; Vehicle #1     Make: FORD     Model: TST     Colour: WHI     Style: FV; Vehicle #2     Make:      Model:      Colour:      Style:,4/9/2021 4:26:06 PM,,
49016,19071240,1553781960000,2019,3,28,14,6,0,Thursday,541922.3574,4810539.67725,-80.481904,43.446594,At/near private drive,2,P.D. only,Not on roadway - right side,unknown,unknown,Angle,Unknown,Daylight,01 - Daylight,Regional municipality,No control,unknown,0,0,0,False,True,False,Clear,,False,Road 1: waterloo regional road 15 (IFO 450) (50 km/h); Road 2: MADISON AVE NORTH; Distance: 3.0 M E; Vehicle #1     Make: BICY     Model:      Colour:      Style: ; Vehicle #2     Make:      Model:      Colour:      Style: BK,4/27/2022 10:42:27 AM,,
49017,19072022,1553857200000,2019,3,29,11,0,0,Friday,539946.70608,4811684.79947,-80.50623499999999,43.457012999999996,Non intersection,2,P.D. only,Thru lane,unknown,unknown,SMV unattended vehicle,Unknown,Daylight,01 - Daylight,Municipal (excl. Twp. Rd.),No control,unknown,0,0,0,False,False,False,Clear,,True,Road 1: 53 BRAUN ST; Vehicle #1     Make: BUIC     Model: AXL     Colour: GRY     Style: 4D; Vehicle #2     Make: NISS     Model: USE     Colour: BLU     Style: 4D,4/9/2021 4:26:01 PM,,
49018,19072274,1553535000000,2019,3,25,17,30,0,Monday,540140.41708,4808330.05702,-80.504088,43.426795999999996,At/near private drive,2,Non-reportable,Thru lane,unknown,unknown,SMV unattended vehicle,Unknown,Daylight,01 - Daylight,Municipal (excl. Twp. Rd.),No control,unknown,0,0,0,False,False,False,Clear,,True,Road 1: 114 VILLAGE RD; Vehicle #1     Make:      Model:      Colour:      Style: ; Vehicle #2     Make: FORD     Model: MUS     Colour: GRY     Style: CV,4/9/2021 4:29:12 PM,,
49019,19072314,1553881500000,2019,3,29,17,45,0,Friday,545547.96757,4804672.68561,-80.43758799999999,43.393556,Intersection related,2,P.D. only,Thru lane,unknown,unknown,Rear end,Stop sign,Daylight,01 - Daylight,unknown,Stop sign,Functioning,0,0,0,False,False,False,Clear,,True,Road 1: PIONEER DR; Road 2: BECHTEL DR; Vehicle #1     Make: TOYT     Model: MTL     Colour: WHI     Style: 4D; Vehicle #2     Make: TOYT     Model: RV4     Colour: GRY     Style: TY,4/9/2021 4:27:09 PM,,
49020,19072862,1553948760000,2019,3,30,12,26,0,Saturday,544925.86001,4811105.67736,-80.44474,43.451516,At/near private drive,1,Non-fatal injury,Thru lane,unknown,unknown,Angle,Unknown,Daylight,01 - Daylight,Municipal (excl. Twp. Rd.),No control,unknown,1,0,0,False,False,False,Rain,,False,Road 1: 1020 RIVER RD E (50 km/h); Road 2: OTTAWA ST N; Distance: 3.0 K W; Vehicle #1     Make: TOYT     Model: MTL     Colour: GRY     Style: 4D; Vehicle #2     Make: TOYT     Model: HIG     Colour: GRY     Style: TY,4/9/2021 4:29:15 PM,,
49021,19072924,1553943600000,2019,3,30,11,0,0,Saturday,539772.87769,4805748.71592,-80.508816,43.403573,Non intersection,2,Non-reportable,Thru lane,unknown,unknown,SMV unattended vehicle,Unknown,Daylight,01 - Daylight,Municipal (excl. Twp. Rd.),No control,unknown,0,0,0,False,False,False,Rain,,True,Road 1: MAX BECKER DR; Road 2: ACTIVA AVE; Vehicle #1     Make:      Model:      Colour:      Style: ; Vehicle #2     Make: MAZD     Model: M3I     Colour: RED     Style: 4B,4/9/2021 4:26:01 PM,,
49022,19072945,1553952840000,2019,3,30,13,34,0,Saturday,541402.22077,4809503.9226,-80.488411,43.437297,Non intersection,2,P.D. only,Thru lane,unknown,unknown,Rear end,Unknown,Daylight,01 - Daylight,Regional municipality,No control,unknown,0,0,0,False,False,False,Rain,,True,Road 1: STIRLING (COURTLAND); Vehicle #1     Make: NISS     Model: ROG     Colour: WHI     Style: TY; Vehicle #2     Make: TOYT     Model: HIG     Colour: BRN     Style: TY,4/9/2021 4:26:05 PM,,
49023,19073386,1553991840000,2019,3,31,0,24,0,Sunday,539483.33236,4805583.24243,-80.51240399999999,43.402099,Non intersection,2,P.D. only,Right shoulder,unknown,unknown,SMV unattended vehicle,Unknown,Dark,07 - Dark,Municipal (excl. Twp. Rd.),No control,unknown,0,0,0,False,False,False,Snow,,False,Road 1: activa ave (50 km/h); Road 2: PERIWINKLE ST; Distance: 25.0 K S; Vehicle #1     Make: VOLK     Model: JES     Colour: WHI     Style: 4D; Vehicle #2     Make: HYUN     Model: SFT     Colour: GRY     Style: TY,4/9/2021 4:25:32 PM,,
49024,19073440,1553998140000,2019,3,31,2,9,0,Sunday,536583.2795,4809634.79337,-80.547946,43.438727,Non intersection,2,P.D. only,Thru lane,unknown,unknown,SMV other,Unknown,"Dark, artificial","08 - Dark, artificial",Municipal (excl. Twp. Rd.),No control,unknown,1,0,0,False,False,False,Snow,,False,Road 1: RESURRECTION DR (50 km/h); Road 2: NORTHMANOR CRESCENT; Distance: 150.0 M E; Vehicle #1     Make: MERZ     Model: 24M     Colour: GRY     Style: 4D,3/26/2021 11:53:27 AM,,
49025,19073528,1553995800000,2019,3,31,1,30,0,Sunday,545223.87623,4810435.26773,-80.441113,43.445462,Non intersection,2,P.D. only,Not on roadway - left side,unknown,unknown,SMV other,Unknown,Dark,07 - Dark,Regional municipality,No control,unknown,0,0,0,False,False,False,Snow,,False,Road 1: RIVER RD E (60 km/h); Road 2: BRADLEY DR; Distance: 18.0 M E; Vehicle #1     Make: MAZD     Model: M3I     Colour: BLU     Style: 4D,3/26/2021 11:53:26 AM,,
49026,19073585,1554024600000,2019,3,31,9,30,0,Sunday,536819.04602,4807483.20228,-80.54517799999999,43.419342,At/near private drive,2,Non-reportable,Thru lane,unknown,unknown,Other,Unknown,Daylight,01 - Daylight,Municipal (excl. Twp. Rd.),No control,unknown,0,0,0,False,False,False,Snow,,True,Road 1: TIMBERLANE CRESCENT (AT DRIVEWAY OF 84 TIMBERLANE CRES); Road 2: ROLLING MEADOWS DR; Distance: 50.0 M N; Vehicle #1     Make: STRN     Model: SI2     Colour: WHI     Style: 4D; Vehicle #2     Make: DODG     Model: DAK     Colour: RED     Style: PK,4/9/2021 4:29:11 PM,,
49027,19073629,1553961600000,2019,3,30,16,0,0,Saturday,540335.25624,4805885.20062,-80.50186099999999,43.404772,Intersection related,2,P.D. only,Thru lane,unknown,unknown,Rear end,Unknown,Daylight,01 - Daylight,Municipal (excl. Twp. Rd.),Stop sign,Functioning,0,0,0,False,False,False,Clear,,True,Road 1: HELENA FEASBY ST; Road 2: MAX BECKER DR; Vehicle #1     Make: NISS     Model: SML     Colour: GRY     Style: 4D; Vehicle #2     Make:      Model:      Colour:      Style:,4/9/2021 4:27:44 PM,,
49028,19073682,1554034500000,2019,3,31,12,15,0,Sunday,540228.0055,4809505.12552,-80.50291899999999,43.437371999999996,Intersection related,2,P.D. only,Thru lane,unknown,unknown,Angle,Unknown,Daylight,01 - Daylight,Municipal (excl. Twp. Rd.),Stop sign,unknown,0,0,0,False,False,False,Clear,,True,Road 1: QUEEN'S BLVD; Road 2: NORTH DR; Vehicle #1     Make: MAZD     Model: M3I     Colour: BLK     Style: 4D; Vehicle #2     Make:      Model:      Colour:      Style:,4/9/2021 4:27:02 PM,,
49029,19074154,1554099900000,2019,4,1,6,25,0,Monday,536912.59041,4807920.60526,-80.543993,43.423276,Non intersection,2,P.D. only,Thru lane,unknown,unknown,Other,Unknown,Dawn,03 - Dawn,Municipal (excl. Twp. Rd.),No control,unknown,1,0,0,False,False,False,Clear,,False,Road 1: CONNELLY DR (50 km/h); Road 2: WESTHEIGHTS DR; Distance: 81.0 K E; Vehicle #1     Make: FRHT     Model: FM2     Colour: WHI     Style: DP; Vehicle #2     Make: CHEV     Model: CZT     Colour: RED     Style: 4D,4/9/2021 4:25:27 PM,,
49030,19074211,1554106140000,2019,4,1,8,9,0,Monday,541185.92562,4810971.50585,-80.490972,43.450523,Non intersection,2,P.D. only,Thru lane,unknown,unknown,Other,Unknown,Daylight,01 - Daylight,Regional municipality,No control,unknown,1,0,0,False,False,False,Clear,,False,Road 1: KING ST W (50 km/h); Road 2: ONTARIO ST N; Distance: 50.0 M W; Vehicle #1     Make: STRN     Model: AXR     Colour: BLK     Style: 4D; Vehicle #2     Make: NOVA     Model: LFS     Colour: WHI     Style: BU,4/27/2022 10:39:33 AM,,
49031,19074314,1553874000000,2019,3,29,15,40,0,Friday,539567.90126,4811425.14271,-80.510936,43.454695,Intersection related,2,P.D. only,Thru lane,unknown,unknown,Sideswipe,Unknown,Daylight,01 - Daylight,Municipal (excl. Twp. Rd.),Stop sign,Functioning,0,0,0,False,False,False,Clear,,True,Road 1: PARK ST KITCHENER WATERLOO REGIONAL MUNICIPALITY; Road 2: GREEN ST; Vehicle #1     Make: TOYT     Model: CBL     Colour: GRY     Style: 4D; Vehicle #2     Make: KIA     Model: SOU     Colour: WHI     Style: TY,4/9/2021 4:27:01 PM,,
49032,19074533,1554130320000,2019,4,1,14,52,0,Monday,540417.05813,4810595.08004,-80.500503,43.447176,Non intersection,2,P.D. only,Right shoulder,unknown,unknown,SMV other,Unknown,Daylight,01 - Daylight,Municipal (excl. Twp. Rd.),No control,unknown,0,0,0,False,False,False,Clear,,False,Road 1: PARK ST (50 km/h); Road 2: JUBILEE DR; Distance: 1.0 K W; Vehicle #1     Make:      Model:      Colour:      Style:,4/9/2021 4:25:27 PM,,
49033,19074575,1554133500000,2019,4,1,15,45,0,Monday,538492.43692,4810824.02371,-80.524271,43.449338999999995,Non intersection,2,P.D. only,Thru lane,unknown,unknown,Rear end,Unknown,Daylight,01 - Daylight,Regional municipality,No control,unknown,0,0,0,False,False,False,Clear,,True,Road 1: GLASGOW ST; Road 2: WESTMOUNT RD W; Vehicle #1     Make: DODG     Model: CAR     Colour: BLU     Style: VN; Vehicle #2     Make: CHEV     Model: SIL     Colour: BLK     Style: PK,4/9/2021 4:25:28 PM,,
49034,19074586,1554133980000,2019,4,1,15,53,0,Monday,546042.17564,4803281.7381,-80.431603,43.381001999999995,Other,2,P.D. only,Off highway,unknown,unknown,SMV other,Unknown,Daylight,01 - Daylight,Regional municipality,No control,unknown,0,0,0,False,False,False,Clear,,False,Road 1: 412 DOON SOUTH DR; Road 2: DOON SOUTH DR; Vehicle #1     Make: TOYT     Model: UCS     Colour: GRN     Style: 4D,4/9/2021 4:30:19 PM,,
49035,19074907,1554163620000,2019,4,2,0,7,0,Tuesday,545671.58985,4811895.79488,-80.435457,43.458585,At/near private drive,2,P.D. only,Not on roadway - right side,unknown,unknown,SMV other,Unknown,Dark,07 - Dark,Municipal (excl. Twp. Rd.),No control,unknown,0,0,0,False,False,False,Clear,,False,Road 1: 124 OAKHURST CRESCENT (50 km/h); Road 2: OAKHURST CRES; Distance: 0.0 K N; Vehicle #1     Make: FORD     Model: SPE     Colour: BLU     Style: TY,4/9/2021 4:29:55 PM,,
49036,19075464,1554119100000,2019,4,1,11,45,0,Monday,540431.53005,4809652.2872,-80.500394,43.438686,At intersection,2,P.D. only,Within intersection,unknown,unknown,Angle,Unknown,Daylight,01 - Daylight,Municipal (excl. Twp. Rd.),Stop sign,Functioning,0,0,0,False,False,False,Clear,,True,Road 1: QUEEN'S BLVD; Road 2: REX DR; Vehicle #1     Make: CHEV     Model: CZT     Colour: BLU     Style: 4D; Vehicle #2     Make: GMC     Model: ACA     Colour: BLK     Style: TY,4/9/2021 4:28:51 PM,,
49037,19076278,1551426300000,2019,3,1,7,45,0,Friday,543418.08029,4810298.25444,-80.463439,43.444334999999995,At/near private drive,2,P.D. only,Thru lane,unknown,unknown,SMV unattended vehicle,Unknown,Daylight,01 - Daylight,Municipal (excl. Twp. Rd.),No control,unknown,0,0,0,False,False,False,Clear,,True,Road 1: 51 RANDERSON AVE; Vehicle #1     Make:      Model:      Colour:      Style: ; Vehicle #2     Make: HOND     Model: UCL     Colour: BLK     Style: 4D,4/9/2021 4:29:27 PM,,
49038,19076320,1550934000000,2019,2,23,15,0,0,Saturday,546115.77921,4809538.11185,-80.430166,43.437329999999996,Intersection related,2,Non-reportable,Within intersection,unknown,unknown,Rear end,Unknown,Daylight,01 - Daylight,Municipal (excl. Twp. Rd.),Stop sign,Functioning,0,0,0,False,False,False,Clear,,True,Road 1: VERONICA DR; Road 2: KINZIE AVE; Vehicle #1     Make: TOYT     Model: HIG     Colour: GRY     Style: TY; Vehicle #2     Make:      Model:      Colour:      Style:,4/9/2021 4:26:49 PM,,
49039,19076417,1550934000000,2019,2,23,15,0,0,Saturday,541358.0631,4813265.06694,-80.488671,43.471165,Intersection related,2,P.D. only,Thru lane,unknown,unknown,Rear end,Stop sign,Daylight,01 - Daylight,Municipal (excl. Twp. Rd.),Stop sign,Functioning,0,0,0,False,False,False,Clear,,True,Road 1: UNION ST; Road 2: EDWIN ST; Vehicle #1     Make: CHRY     Model: 3TR     Colour: BLK     Style: 4D; Vehicle #2     Make:      Model:      Colour:      Style:,4/9/2021 4:26:52 PM,,
49040,19076459,1554209100000,2019,4,2,12,45,0,Tuesday,542406.55781,4806619.66436,-80.476225,43.411271,Intersection related,2,P.D. only,Thru lane,unknown,unknown,Other,Unknown,Daylight,01 - Daylight,Municipal (excl. Twp. Rd.),unknown,Functioning,0,0,0,False,False,False,Clear,,True,Road 1: OLD COUNTRY DR; Road 2: STRASBURG; Distance: 25.0 M S; Vehicle #1     Make: KIA     Model: FNG     Colour: BLK     Style: 4D; Vehicle #2     Make: SUBA     Model: ISP     Colour: WHI     Style: 2D,4/9/2021 4:27:25 PM,,
49041,19076481,1550873700000,2019,2,22,22,15,0,Friday,545191.6653,4811620.67167,-80.441412,43.456137,At/near private drive,2,P.D. only,Thru lane,unknown,unknown,SMV unattended vehicle,Unknown,Dark,07 - Dark,Municipal (excl. Twp. Rd.),No control,unknown,0,0,0,False,False,False,Clear,,True,Road 1: 59 TECUMSEH CRESCENT; Vehicle #1     Make:      Model:      Colour:      Style: ; Vehicle #2     Make: VOLK     Model: JSA     Colour: BLK     Style: 4D,4/9/2021 4:28:58 PM,,
49042,19077054,1554298200000,2019,4,3,13,30,0,Wednesday,547945.41369,4810758.59675,-80.40745199999999,43.448204,At/near private drive,2,Non-reportable,Thru lane,unknown,unknown,SMV unattended vehicle,Unknown,Daylight,01 - Daylight,Municipal (excl. Twp. Rd.),No control,unknown,0,0,0,False,False,False,Clear,,True,Road 1: 66 COLTON CIRCLE; Vehicle #1     Make: FORD     Model: VAN     Colour: WHI     Style: VN; Vehicle #2     Make: INFI     Model: G3S     Colour: BLK     Style: 2D,4/9/2021 4:29:40 PM,,
49043,19077433,1554503880000,2019,4,5,22,38,0,Friday,545657.89377,4813286.48227,-80.43551,43.471108,At intersection,1,Non-fatal injury,Within intersection,unknown,unknown,Angle,Unknown,Dark,07 - Dark,Municipal (excl. Twp. Rd.),Stop sign,Functioning,0,0,0,False,False,False,Clear,,False,Road 1: FORWELL RD (50 km/h); Road 2: CENTENNIAL RD (50 km/h); Distance:  K; Vehicle #1     Make: TOYT     Model: CSM     Colour: BLU     Style: 4B; Vehicle #2     Make: TOYT     Model: RV4     Colour: RED     Style: TY,4/9/2021 4:28:13 PM,,
49044,19077890,1554455700000,2019,4,5,9,15,0,Friday,542333.34708,4810987.10729,-80.47679,43.4506,At/near private drive,2,Non-reportable,Thru lane,unknown,unknown,Angle,Unknown,Daylight,01 - Daylight,Municipal (excl. Twp. Rd.),No control,unknown,0,0,0,False,False,False,Clear,,True,Road 1: 127 SAMUEL ST KITCHNER; Road 2: KRUG ST; Distance: 50.0 M W; Vehicle #1     Make: FORD     Model: 5LM     Colour: WHI     Style: 4D; Vehicle #2     Make:      Model:      Colour:      Style:,4/9/2021 4:29:42 PM,,
49045,19077992,1554476160000,2019,4,5,14,56,0,Friday,545754.79867,4808642.1692,-80.434702,43.429285,Non intersection,2,P.D. only,Thru lane,unknown,unknown,Sideswipe,Unknown,Daylight,01 - Daylight,Municipal (excl. Twp. Rd.),No control,unknown,0,0,0,False,False,False,Clear,,True,Road 1: 2934 KING ST E; Vehicle #1     Make: INTL     Model: PRO     Colour: RED     Style: CT; Vehicle #2     Make: VOLK     Model: JES     Colour: BLK     Style: 4D,4/9/2021 4:26:12 PM,,
49046,19078109,1554264000000,2019,4,3,4,0,0,Wednesday,541021.18959,4813526.67922,-80.49281599999999,43.473538999999995,Non intersection,2,P.D. only,Thru lane,unknown,unknown,Other,Unknown,Dark,07 - Dark,Municipal (excl. Twp. Rd.),No control,unknown,0,0,0,False,False,False,Clear,,True,Road 1: CONESTOGA PKWY (HIGHWAY 85); Road 2: WELLINGTON ST N (OVERPASS); Vehicle #1     Make: TOYT     Model: RG4     Colour: BRN     Style: TY; Vehicle #2     Make:      Model:      Colour:      Style:,4/9/2021 4:25:51 PM,,
49047,19078595,1554541080000,2019,4,6,8,58,0,Saturday,542489.18365,4811125.06842,-80.474854,43.451833,At intersection,2,Non-reportable,Within intersection,unknown,unknown,Angle,Unknown,Daylight,01 - Daylight,Municipal (excl. Twp. Rd.),Stop sign,Functioning,0,0,0,False,False,False,Clear,,True,Road 1: KRUG ST; Road 2: LYDIA ST; Distance: 0.0 M E; Vehicle #1     Make: TOYT     Model: CBS     Colour: BLU     Style: 4D; Vehicle #2     Make:      Model:      Colour:      Style:,4/9/2021 4:28:36 PM,,
49048,19078812,1554544800000,2019,4,6,10,0,0,Saturday,543467.5425,4807315.41396,-80.463065,43.417474999999996,At/near private drive,2,P.D. only,Thru lane,unknown,unknown,Sideswipe,Unknown,Daylight,01 - Daylight,Municipal (excl. Twp. Rd.),No control,unknown,0,0,0,False,False,False,Clear,,True,Road 1: 141 FALLOWFIELD DR; Vehicle #1     Make: ACUR     Model: AWT     Colour: WHI     Style: 4D; Vehicle #2     Make: CHEV     Model: EQU     Colour: BLU     Style: TY,4/9/2021 4:29:37 PM,,
49049,19080145,1554712200000,2019,4,8,8,30,0,Monday,541362.38775,4808641.52982,-80.488968,43.429534,At intersection,2,P.D. only,Within intersection,unknown,unknown,Turning movement,Unknown,Daylight,01 - Daylight,Municipal (excl. Twp. Rd.),Traffic signal,Functioning,0,0,0,False,False,False,Clear,,True,Road 1: HOMER WATSON BLVD KITCHENER; Road 2: HOFFMAN ST KITCHENER; Vehicle #1     Make: NISS     Model: NNV     Colour: WHI     Style: FV; Vehicle #2     Make: TOYT     Model: MTL     Colour: GRY     Style: 4D,4/9/2021 4:28:48 PM,,
49050,19080218,1554120000000,2019,4,1,12,0,0,Monday,544140.5341,4808844.28487,-80.454629,43.431202,At intersection,2,Non-reportable,Within intersection,unknown,unknown,Angle,Unknown,Daylight,01 - Daylight,Municipal (excl. Twp. Rd.),Stop sign,Functioning,0,0,0,False,False,False,Clear,,True,Road 1: CONNAUGHT ST; Road 2: 4TH AVE; Distance: 0.0 M N; Vehicle #1     Make: VOLK     Model: 25P     Colour: SIL     Style: 4D; Vehicle #2     Make:      Model:      Colour:      Style:,4/9/2021 4:28:40 PM,,
49051,19080227,1554132600000,2019,4,1,15,30,0,Monday,540171.89636,4809415.29047,-80.503619,43.436566,Intersection related,2,Non-reportable,Within intersection,unknown,unknown,Sideswipe,Unknown,Daylight,01 - Daylight,Municipal (excl. Twp. Rd.),Traffic signal,Functioning,0,0,0,False,False,False,Clear,,True,Road 1: QUEEN'S BLVD; Road 2: BELMONT AVE W; Vehicle #1     Make: FORD     Model: EDG     Colour: WHI     Style: TY; Vehicle #2     Make: TOYT     Model: HIG     Colour: MRN     Style: TY,4/9/2021 4:27:26 PM,,
49052,19080305,1554232800000,2019,4,2,19,20,0,Tuesday,542263.79669,4811648.3934,-80.477599,43.456558,Non intersection,2,P.D. only,Thru lane,unknown,unknown,SMV unattended vehicle,Unknown,Daylight,01 - Daylight,Municipal (excl. Twp. Rd.),No control,unknown,0,0,0,False,False,False,Clear,,True,Road 1: LOCUST ST; Road 2: FREDERICK ST; Vehicle #1     Make:      Model:      Colour:      Style: ; Vehicle #2     Make: TOYT     Model: MTL     Colour: BLK     Style: 4D,4/9/2021 4:26:12 PM,,
49053,19080584,1554740700000,2019,4,8,16,25,0,Monday,545832.67818,4802616.67824,-80.43424499999999,43.375026,At intersection,2,P.D. only,Within intersection,unknown,unknown,Angle,Unknown,Daylight,01 - Daylight,Regional municipality,unknown,Functioning,0,1,0,False,False,False,Clear,,False,Road 1: THOMAS SLEE DR (50 km/h); Road 2: DOON SOUTH DR (50 km/h); Vehicle #1     Make: JEEP     Model: CMP     Colour: RED     Style: TY; Vehicle #2     Make: HYUN     Model: SFT     Colour: GRY     Style: TY,4/9/2021 4:28:10 PM,,
49054,19080630,1551079800000,2019,2,25,7,30,0,Monday,539690.20931,4806563.79003,-80.509778,43.410917,Intersection related,2,Non-reportable,Thru lane,unknown,unknown,Sideswipe,Unknown,Daylight,01 - Daylight,Municipal (excl. Twp. Rd.),Stop sign,unknown,0,0,0,False,False,False,Snow,,True,Road 1: ACTIVA AVE; Road 2: BUSH CLOVER CRESCENT; Vehicle #1     Make: KIA     Model: ROE     Colour: SIL     Style: SW; Vehicle #2     Make:      Model:      Colour:      Style:,4/9/2021 4:26:54 PM,,
49055,19080659,1555404420000,2019,4,16,8,47,0,Tuesday,541468.27568,4810562.16715,-80.48751399999999,43.446822,At/near private drive,2,P.D. only,Thru lane,unknown,unknown,SMV unattended vehicle,Unknown,Daylight,01 - Daylight,Municipal (excl. Twp. Rd.),No control,unknown,1,0,0,False,False,False,Clear,,False,Road 1: 81 CHURCH ST (50 km/h); Road 2: CHURCH ST; Distance: 3.0 M N; Vehicle #1     Make: INTL     Model: PB1     Colour: YEL     Style: BU; Vehicle #2     Make: FORD     Model: MUS     Colour: BLK     Style: 2D,4/9/2021 4:29:13 PM,,
49056,19080665,1550651400000,2019,2,20,8,30,0,Wednesday,539079.52831,4811110.75648,-80.516995,43.45189,At intersection,2,Non-reportable,Thru lane,unknown,unknown,Rear end,Unknown,Daylight,01 - Daylight,Municipal (excl. Twp. Rd.),Traffic signal,Functioning,0,0,0,False,False,False,Clear,,True,Road 1: GLASGOW; Road 2: BELMONT; Vehicle #1     Make: NISS     Model: SBL     Colour: BRN     Style: 4D; Vehicle #2     Make:      Model:      Colour:      Style:,4/9/2021 4:27:53 PM,,
49057,19080693,1554749220000,2019,4,8,18,47,0,Monday,540715.87863,4800931.02895,-80.497529,43.360144,Non intersection,2,P.D. only,Not on roadway - left side,unknown,unknown,SMV other,Unknown,Daylight,01 - Daylight,Regional municipality,No control,unknown,0,0,0,False,False,False,Clear,,False,Road 1: 836 PLAINS RD (60 km/h); Road 2: PLAINS RD; Distance: 10.0 M W; Vehicle #1     Make: TOYT     Model: VEN     Colour: BLK     Style: TY,3/26/2021 11:53:26 AM,,
49058,19080779,1554742800000,2019,4,8,17,0,0,Monday,541973.46116,4806537.53237,-80.48158,43.410556,Other,2,Non-reportable,Other,unknown,unknown,SMV unattended vehicle,Unknown,Daylight,01 - Daylight,Municipal (excl. Twp. Rd.),No control,unknown,0,0,0,False,False,False,Clear,,True,Road 1: 101 TUERR DR; Vehicle #1     Make:      Model:      Colour:      Style: ; Vehicle #2     Make: TOYT     Model: AXP     Colour: GRY     Style: 4D,4/9/2021 4:30:20 PM,,
49059,19081006,1554796620000,2019,4,9,7,57,0,Tuesday,539910.62435,4808493.84639,-80.50691499999999,43.428283,Intersection related,2,P.D. only,Left turn lane,unknown,unknown,Angle,Unknown,Daylight,01 - Daylight,Private property,Traffic signal,Functioning,0,0,0,False,False,False,Clear,,False,Road 1: 219 GREENBROOK DR (50 km/h); Road 2: GREENBROOK DR (50 km/h); Distance:  K E; Vehicle #1     Make: FRHT     Model: FM2     Colour: WHI     Style: CT; Vehicle #2     Make: CHEV     Model: ETV     Colour: YEL     Style: BU,4/9/2021 4:27:16 PM,,
49060,19081058,1554707100000,2019,4,8,7,5,0,Monday,540488.2222,4809736.8826,-80.499687,43.439445,At intersection,2,Non-reportable,Within intersection,unknown,unknown,Turning movement,Unknown,Daylight,01 - Daylight,Regional municipality,Stop sign,Functioning,0,0,0,False,False,False,Clear,,True,Road 1: SPADINA RD E; Road 2: QUEEN'S BLVD; Vehicle #1     Make: SUBA     Model: I25     Colour: BLK     Style: 4D; Vehicle #2     Make:      Model:      Colour:      Style:,4/9/2021 4:28:37 PM,,