OBJECTID,ACCIDENTNUM,ACCIDENTDATE,ACCIDENT_YEAR,ACCIDENT_MONTH,ACCIDENT_DAY,ACCIDENT_HOUR,ACCIDENT_MINUTE,ACCIDENT_SECOND,ACCIDENT_WEEKDAY,XCOORD,YCOORD,LONGITUDE,LATITUDE,ACCIDENTLOCATION,COLLISIONTYPE,CLASSIFICATIONOFACCIDENT,IMPACTLOCATION,INITIALDIRECTIONOFTRAVELONE,INITIALDIRECTIONOFTRAVELTWO,INITIALIMPACTTYPE,INTTRAFFICCONTROL,LIGHT,LIGHTFORREPORT,ROADJURISDICTION,TRAFFICCONTROL,TRAFFICCONTROLCONDITION,THRULANENO,NORTHBOUNDDISOBEYCOUNT,SOUTHBOUNDDISOBEYCOUNT,PEDESTRIANINVOLVED,CYCLISTINVOLVED,MOTORCYCLISTINVOLVED,ENVIRONMENTCONDITION1,ENVIRONMENTCONDITION2,SELFREPORTED,XMLIMPORTNOTES,LASTEDITEDDATE,CREATE_BY,CREATE_DATE
49110,19091461,1555781400000,2019,4,20,17,30,0,Saturday,542108.47974,4807131.54808,-80.479867,43.415897,Intersection related,2,P.D. only,Thru lane,unknown,unknown,Sideswipe,Unknown,Daylight,01 - Daylight,Municipal (excl. Twp. Rd.),Traffic signal,Functioning,0,0,0,False,False,False,Rain,,True,Road 1: BLOCK LINE RD; Road 2: STRASBURG RD; Vehicle #1     Make: CHEV     Model: EQU     Colour: RED     Style: TY; Vehicle #2     Make:      Model:      Colour:      Style: ; Vehicle #3     Make: TOYT     Model: MTL     Colour: GRY     Style: 4D,4/9/2021 4:27:44 PM,,
49111,19091482,1555858800000,2019,4,21,15,0,0,Sunday,539353.85111,4811707.41164,-80.513562,43.457248,Non intersection,2,Non-reportable,Thru lane,unknown,unknown,SMV unattended vehicle,Unknown,Daylight,01 - Daylight,Municipal (excl. Twp. Rd.),No control,unknown,0,0,0,False,False,False,Clear,,True,Road 1: MT HOPE ST; Road 2: KING ST W; Vehicle #1     Make:      Model:      Colour:      Style: ; Vehicle #2     Make: TOYT     Model: CBL     Colour: GRY     Style: 4D,4/9/2021 4:25:52 PM,,
49112,19092076,1555624800000,2019,4,18,22,0,0,Thursday,546026.3044,4808907.06933,-80.431325,43.431653,At/near private drive,2,P.D. only,Thru lane,unknown,unknown,SMV unattended vehicle,Unknown,Dark,07 - Dark,Regional municipality,No control,unknown,0,0,0,False,False,False,Clear,,True,Road 1: JANSEN AVE; Road 2: FAIRWAY RD N; Vehicle #1     Make:      Model:      Colour:      Style: ; Vehicle #2     Make: TOYT     Model: UCS     Colour: RED     Style: 4D,4/9/2021 4:30:14 PM,,
49113,19092743,1555948200000,2019,4,22,15,50,0,Monday,540922.29116,4810569.82929,-80.494261,43.446920999999996,At intersection,2,P.D. only,Thru lane,unknown,unknown,Rear end,Unknown,Daylight,01 - Daylight,Municipal (excl. Twp. Rd.),unknown,Functioning,0,0,0,False,False,False,Clear,,True,Road 1: JUBILEE DR; Road 2: DAVID ST; Vehicle #1     Make: MAZD     Model: M3I     Colour: SIL     Style: 4D; Vehicle #2     Make: HYUN     Model: ESM     Colour: RED     Style: 4D,4/9/2021 4:28:42 PM,,
49114,19092762,1556011200000,2019,4,23,9,20,0,Tuesday,544780.66495,4805276.95288,-80.447013,43.399043,Intersection related,2,P.D. only,Thru lane,unknown,unknown,Turning movement,Unknown,Daylight,01 - Daylight,Regional municipality,Traffic signal,Functioning,0,0,0,False,False,False,Clear,,True,Road 1: DOON VILLAGE RD; Road 2: HOMER WATSON BLVD; Vehicle #1     Make: TOYT     Model: CBL     Colour: RED     Style: 4D; Vehicle #2     Make:      Model:      Colour:      Style:,4/9/2021 4:27:32 PM,,
49115,19092803,1554302700000,2019,4,3,14,45,0,Wednesday,541695.7033,4810228.05912,-80.484729,43.443801,At/near private drive,2,Non-reportable,Thru lane,unknown,unknown,SMV unattended vehicle,Unknown,Daylight,01 - Daylight,Municipal (excl. Twp. Rd.),No control,unknown,0,0,0,False,False,False,Clear,,True,Road 1: 111 MADISON AVE S; Vehicle #1     Make: CHEV     Model: EQU     Colour: BLU     Style: TY; Vehicle #2     Make:      Model:      Colour:      Style:,4/9/2021 4:29:38 PM,,
49116,19092878,1556019000000,2019,4,23,11,30,0,Tuesday,542582.16601,4810126.09239,-80.473782,43.442833,At intersection,1,Non-fatal injury,Within intersection,unknown,unknown,SMV other,Unknown,Daylight,01 - Daylight,Regional municipality,Traffic signal,Functioning,0,0,0,True,False,False,Rain,,False,Road 1: KING ST E (50 km/h); Road 2: BORDEN AVE S (50 km/h); Vehicle #1     Make: HOND     Model: UCL     Colour: BLU     Style: 2D,4/9/2021 4:28:08 PM,,
49117,19093012,1556026800000,2019,4,23,13,40,0,Tuesday,539652.15602,4811392.4726,-80.509897,43.454397,Non intersection,2,P.D. only,Thru lane,unknown,unknown,Other,Unknown,Daylight,01 - Daylight,Municipal (excl. Twp. Rd.),No control,unknown,0,0,0,False,False,False,Clear,,True,Road 1: GLASGOW ST; Road 2: GRUHN ST; Vehicle #1     Make: HOND     Model: CCL     Colour: BLK     Style: 4D; Vehicle #2     Make: INTL     Model: PRO     Colour: WHI     Style: CT,4/9/2021 4:27:04 PM,,
49118,19093247,1556031960000,2019,4,23,15,6,0,Tuesday,545035.23425,4807869.06897,-80.44365499999999,43.422367,Intersection related,2,Non-reportable,Thru lane,unknown,unknown,Rear end,Unknown,Daylight,01 - Daylight,Municipal (excl. Twp. Rd.),Traffic signal,Functioning,0,0,0,False,False,False,Clear,,True,Road 1: WILSON AVE; Road 2: KINGS WAY DRIVE; Vehicle #1     Make: STRN     Model: AXR     Colour: BRN     Style: 4D; Vehicle #2     Make: CHRY     Model: 3TR     Colour: BLU     Style: 4D,4/9/2021 4:27:19 PM,,
49119,19093583,1556091000000,2019,4,24,7,30,0,Wednesday,546993.45558,4808375.49904,-80.419422,43.426807,At intersection,2,P.D. only,Thru lane,unknown,unknown,Sideswipe,Unknown,Daylight,01 - Daylight,Municipal (excl. Twp. Rd.),Stop sign,unknown,0,0,0,False,False,False,Clear,,True,Road 1: RIVER RD E; Road 2: GRAND RIVER BLVD; Distance: 10.0 M S; Vehicle #1     Make: HOND     Model: HRV     Colour: WHI     Style: TY; Vehicle #2     Make: HOND     Model: CRV     Colour: BRN     Style: TY,4/9/2021 4:28:50 PM,,
49120,19093998,1556119800000,2019,4,24,15,30,0,Wednesday,542387.9826,4806692.15776,-80.476449,43.411925,Non intersection,2,Non-reportable,Thru lane,unknown,unknown,Turning movement,Unknown,Daylight,01 - Daylight,Municipal (excl. Twp. Rd.),No control,unknown,0,0,0,False,False,False,Clear,,True,Road 1: 842 STRASBURG RD (IFO); Vehicle #1     Make: TOYT     Model: RG4     Colour: GRY     Style: TY; Vehicle #2     Make:      Model:      Colour:      Style:,4/9/2021 4:25:52 PM,,
49121,19094073,1555858800000,2019,4,21,15,0,0,Sunday,541027.15749,4813044.68265,-80.492778,43.469198999999996,At/near private drive,2,P.D. only,Thru lane,unknown,unknown,SMV unattended vehicle,Unknown,Daylight,01 - Daylight,Municipal (excl. Twp. Rd.),No control,unknown,0,0,0,False,False,False,Clear,,True,Road 1: SAINT LEGER ST (IFO 468); Vehicle #1     Make: HOND     Model: UEX     Colour: GRY     Style: 4D; Vehicle #2     Make: HYUN     Model: ESS     Colour: RED     Style: 4D,4/9/2021 4:29:35 PM,,
49122,19094104,1556124600000,2019,4,24,16,50,0,Wednesday,543074.85343,4812800.02532,-80.467483,43.466881,At intersection,2,P.D. only,Within intersection,unknown,unknown,Angle,Unknown,Daylight,01 - Daylight,Municipal (excl. Twp. Rd.),unknown,Functioning,0,0,0,False,False,False,Clear,,True,Road 1: SHIRLEY AVE; Road 2: RIVERBEND DR; Vehicle #1     Make: DODG     Model: CAR     Colour: BLU     Style: VN; Vehicle #2     Make: HYUN     Model: SFT     Colour: GRY     Style: TY,4/9/2021 4:28:49 PM,,
49123,19094665,1552843980000,2019,3,17,17,33,0,Sunday,540134.99956,4809513.88095,-80.50406799999999,43.437456,At/near private drive,2,P.D. only,Thru lane,unknown,unknown,SMV unattended vehicle,Unknown,Daylight,01 - Daylight,Municipal (excl. Twp. Rd.),No control,unknown,0,0,0,False,False,False,Clear,,True,Road 1: SPADINA RD W; Road 2: NORTH DR; Vehicle #1     Make:      Model:      Colour:      Style: ; Vehicle #2     Make: TOYT     Model: CEP     Colour: GRY     Style: 4D,4/9/2021 4:29:39 PM,,
49124,19094684,1551456900000,2019,3,1,16,15,0,Friday,536472.45444,4809555.74355,-80.54932099999999,43.438019999999995,At/near private drive,2,Non-reportable,Thru lane,unknown,unknown,SMV unattended vehicle,Unknown,Daylight,01 - Daylight,Municipal (excl. Twp. Rd.),No control,unknown,0,0,0,False,False,False,Clear,,True,Road 1: 229 NORTHMANOR CRESCENT; Vehicle #1     Make:      Model:      Colour:      Style: ; Vehicle #2     Make: DODG     Model: CAR     Colour: GRY     Style: VN,4/9/2021 4:29:51 PM,,
49125,19094688,1551454200000,2019,3,1,15,30,0,Friday,539618.62387,4811375.85285,-80.510313,43.454249,At intersection,2,P.D. only,Thru lane,unknown,unknown,Rear end,Unknown,Daylight,01 - Daylight,Municipal (excl. Twp. Rd.),Traffic signal,Functioning,0,0,0,False,False,False,Clear,,True,Road 1: GLASGOW ST; Road 2: PARK ST; Vehicle #1     Make: KIA     Model: RIO     Colour: BLU     Style: 4D; Vehicle #2     Make:      Model:      Colour:      Style:,4/9/2021 4:28:41 PM,,
49126,19094706,1551272400000,2019,2,27,13,0,0,Wednesday,540172.50208,4809414.69404,-80.50361199999999,43.436561,At intersection,2,P.D. only,Within intersection,unknown,unknown,Angle,Unknown,Daylight,01 - Daylight,Municipal (excl. Twp. Rd.),Traffic signal,Functioning,0,0,0,False,False,False,Snow,,True,Road 1: BELMONT AVE W; Road 2: QUEEN'S BLVD; Vehicle #1     Make: HOND     Model: UCD     Colour: WHI     Style: 4D; Vehicle #2     Make: HYUN     Model: ESM     Colour: GRY     Style: 4D,4/9/2021 4:27:56 PM,,
49127,19094711,1551295800000,2019,2,27,19,30,0,Wednesday,546247.17289,4809408.70451,-80.42855399999999,43.436156,At/near private drive,2,Non-reportable,Thru lane,unknown,unknown,SMV unattended vehicle,Unknown,Dark,07 - Dark,Municipal (excl. Twp. Rd.),No control,unknown,0,0,0,False,False,False,Snow,,True,Road 1: 298 VERONICA DR; Vehicle #1     Make:      Model:      Colour:      Style: ; Vehicle #2     Make: TOYT     Model: SCM     Colour: WHI     Style: 4B,4/9/2021 4:29:50 PM,,
49128,19094720,1551264300000,2019,2,27,10,45,0,Wednesday,540171.0935,4809415.28568,-80.50362899999999,43.436566,At intersection,2,P.D. only,Thru lane,unknown,unknown,Rear end,Unknown,Daylight,01 - Daylight,Municipal (excl. Twp. Rd.),Traffic signal,Functioning,0,0,0,False,False,False,Clear,,True,Road 1: BELMOUNT AVE; Road 2: QUEENS BLVD; Vehicle #1     Make: GMC     Model: SIE     Colour: WHI     Style: PK; Vehicle #2     Make:      Model:      Colour:      Style:,4/9/2021 4:27:56 PM,,
49129,19094723,1551258000000,2019,2,27,9,0,0,Wednesday,543067.71106,4807436.85755,-80.467995,43.418591,Intersection related,2,Non-reportable,Thru lane,unknown,unknown,Rear end,Unknown,Daylight,01 - Daylight,Municipal (excl. Twp. Rd.),Stop sign,Functioning,0,0,0,False,False,False,Clear,,True,Road 1: FALLOWFIELD DR; Road 2: BLOCK LINE RD; Vehicle #1     Make: NISS     Model: MSV     Colour: BLK     Style: 4D; Vehicle #2     Make: FORD     Model: EDG     Colour: BLK     Style: TY,4/9/2021 4:27:23 PM,,
49130,19094730,1551172500000,2019,2,26,9,15,0,Tuesday,545381.66078,4803510.73454,-80.43973799999999,43.383103999999996,At/near private drive,2,Non-reportable,Thru lane,unknown,unknown,SMV unattended vehicle,Unknown,Daylight,01 - Daylight,Municipal (excl. Twp. Rd.),No control,unknown,0,0,0,False,False,False,Clear,,True,Road 1: PINE VALLEY DR (IFO 382); Vehicle #1     Make:      Model:      Colour:      Style: ; Vehicle #2     Make: NISS     Model: SBL     Colour: BLU     Style: 4D,4/9/2021 4:28:54 PM,,
49131,19094742,1551364200000,2019,2,28,14,30,0,Thursday,545183.18733,4813374.69016,-80.441372,43.471931,Non intersection,2,P.D. only,Thru lane,unknown,unknown,Turning movement,Unknown,Daylight,01 - Daylight,Municipal (excl. Twp. Rd.),No control,unknown,0,0,0,False,False,False,Clear,,True,Road 1: BINGEMANS CENTRE DR; Road 2: VICTORIA ST N; Distance: 20.0 M N; Vehicle #1     Make: NISS     Model: JUK     Colour: WHI     Style: TY; Vehicle #2     Make: HOND     Model: UAX     Colour: BLK     Style: 4D,4/9/2021 4:26:20 PM,,
49132,19094760,1551368700000,2019,2,28,15,45,0,Thursday,543922.88654,4812042.19427,-80.45706,43.460007999999995,At/near private drive,2,Non-reportable,Thru lane,unknown,unknown,SMV unattended vehicle,Unknown,Daylight,01 - Daylight,Municipal (excl. Twp. Rd.),No control,unknown,0,0,0,False,False,False,Clear,,True,Road 1: ROSEMOUNT DR (IFO 354); Vehicle #1     Make:      Model:      Colour:      Style: ; Vehicle #2     Make: FORD     Model: FE     Colour: WHI     Style: 4D,4/9/2021 4:29:52 PM,,
49133,19094777,1552221000000,2019,3,10,12,30,0,Sunday,541495.104,4811174.29373,-80.48713599999999,43.452332,Non intersection,2,P.D. only,Thru lane,unknown,unknown,Rear end,Unknown,Daylight,01 - Daylight,Municipal (excl. Twp. Rd.),No control,unknown,0,0,0,False,False,False,Rain,,True,Road 1: QUEEN ST N; Road 2: WEBER ST W; Vehicle #1     Make: HOND     Model: CUS     Colour: BLK     Style: 4D; Vehicle #2     Make: DODG     Model: AXT     Colour: SIL     Style: 4D,4/22/2022 2:25:10 PM,,
49134,19094875,1551628800000,2019,3,3,16,0,0,Sunday,544132.67034,4803886.45269,-80.45512599999999,43.386561,Non intersection,2,Non-reportable,Not on roadway - right side,unknown,unknown,SMV unattended vehicle,Unknown,Daylight,01 - Daylight,Municipal (excl. Twp. Rd.),No control,unknown,0,0,0,False,False,False,Clear,,True,Road 1: CARYNDALE DR; Road 2: BIEHN DR; Distance: 60.0 M N; Vehicle #1     Make:      Model:      Colour:      Style: ; Vehicle #2     Make: MAZD     Model: 3SP     Colour: SIL     Style: 4B,4/9/2021 4:25:44 PM,,
49135,19094886,1551713400000,2019,3,4,15,30,0,Monday,541753.11553,4810649.62424,-80.483987,43.447593999999995,Non intersection,2,P.D. only,Thru lane,unknown,unknown,Turning movement,Unknown,Daylight,01 - Daylight,Municipal (excl. Twp. Rd.),No control,unknown,0,0,0,False,False,False,Clear,,True,Road 1: KING ST E; Road 2: EBY ST S; Vehicle #1     Make: ACUR     Model: ATL     Colour: GRY     Style: 4D; Vehicle #2     Make:      Model:      Colour:      Style:,4/27/2022 10:40:16 AM,,
49136,19095406,1556212920000,2019,4,25,17,22,0,Thursday,541142.19567,4806763.39717,-80.49183,43.412636,At intersection,2,P.D. only,Within intersection,unknown,unknown,Angle,Unknown,Daylight,01 - Daylight,Municipal (excl. Twp. Rd.),unknown,Functioning,0,0,0,False,False,False,Rain,,True,Road 1: BLOCK LINE RD; Road 2: LAURENTIAN DR; Vehicle #1     Make: CHRY     Model: INT     Colour: GLD     Style: 4D; Vehicle #2     Make: CHEV     Model: UPL     Colour: RED     Style: VN,4/9/2021 4:28:33 PM,,
49137,19095439,1556229600000,2019,4,25,22,0,0,Thursday,539568.12594,4811425.38974,-80.51093399999999,43.454696999999996,At intersection,2,P.D. only,Within intersection,unknown,unknown,Angle,Unknown,Dark,07 - Dark,Municipal (excl. Twp. Rd.),Stop sign,Functioning,0,0,0,False,False,False,Rain,,False,Road 1: PARK ST (50 km/h); Road 2: GREEN ST (50 km/h); Distance:  K W; Vehicle #1     Make: TOYT     Model: CIE     Colour: WHI     Style: VN; Vehicle #2     Make: HYUN     Model: EGM     Colour: GRY     Style: 4D,4/9/2021 4:28:19 PM,,
49138,19095490,1556235600000,2019,4,25,23,40,0,Thursday,541875.82825,4811809.40738,-80.482382,43.45803,At intersection,1,Non-fatal injury,Within intersection,unknown,unknown,SMV other,Unknown,"Dark, artificial","08 - Dark, artificial",Municipal (excl. Twp. Rd.),unknown,Functioning,0,0,0,True,False,False,Rain,,False,Road 1: LANCASTER ST E (40 km/h); Road 2: QUEEN ST N (40 km/h); Charged Driver #1 on page 1: NA NA (NA) (NA); Vehicle #1     Make: HOND     Model: UCL     Colour: GRY     Style: 4D,4/27/2022 10:41:53 AM,,
49139,19095976,1556271000000,2019,4,26,9,30,0,Friday,540178.62301,4810787.33867,-80.503435,43.44892,Non intersection,2,Non-reportable,Right shoulder,unknown,unknown,SMV unattended vehicle,Unknown,Daylight,01 - Daylight,Municipal (excl. Twp. Rd.),No control,unknown,0,0,0,False,False,False,Clear,,True,Road 1: 105 PARK ST; Vehicle #1     Make:      Model:      Colour:      Style: ; Vehicle #2     Make: VOLK     Model: BTL     Colour: GRY     Style: CV,4/9/2021 4:26:14 PM,,
49140,19095979,1556290800000,2019,4,26,15,0,0,Friday,541449.69923,4812106.17998,-80.48762599999999,43.460725,At intersection,2,P.D. only,Within intersection,unknown,unknown,Angle,Unknown,Daylight,01 - Daylight,Municipal (excl. Twp. Rd.),unknown,Functioning,0,0,0,False,False,False,Clear,,True,Road 1: ST LEGER ST; Road 2: LOUISA ST; Vehicle #1     Make: HYUN     Model: SSE     Colour: BLU     Style: 4D; Vehicle #2     Make: INFI     Model: QX8     Colour: SIL     Style: TY,4/9/2021 4:28:42 PM,,
49141,19096156,1556290800000,2019,4,26,15,0,0,Friday,545034.80583,4807868.39744,-80.44366099999999,43.422360999999995,Intersection related,2,P.D. only,Thru lane,unknown,unknown,Sideswipe,Unknown,Daylight,01 - Daylight,Municipal (excl. Twp. Rd.),Traffic signal,Functioning,0,0,0,False,False,False,Clear,,True,Road 1: KINGSWAY DR; Road 2: WILSON AVE; Vehicle #1     Make: MAZD     Model: M3H     Colour: RED     Style: 4B; Vehicle #2     Make: NISS     Model: VSL     Colour: SIL     Style: 4D; Vehicle #3     Make: TOYT     Model: CHB     Colour: GRY     Style: 4D,4/9/2021 4:27:20 PM,,
49142,19096710,1556370000000,2019,4,27,13,0,0,Saturday,540740.18694,4810094.11838,-80.49654699999999,43.442648,At/near private drive,2,P.D. only,Thru lane,unknown,unknown,Rear end,Unknown,Daylight,01 - Daylight,Regional municipality,No control,unknown,0,0,0,False,False,False,Clear,,True,Road 1: WATERLOO REGIONAL RD 6; Road 2: HIGHLAND RD W; Vehicle #1     Make: HYUN     Model: ACC     Colour: BRN     Style: 4W; Vehicle #2     Make: TOYT     Model: SIE     Colour: GRN     Style: VN,4/22/2022 2:26:55 PM,,
49143,19096948,1556394720000,2019,4,27,19,52,0,Saturday,545759.07829,4803938.70226,-80.435043,43.386934,At/near private drive,2,P.D. only,Thru lane,unknown,unknown,Other,Unknown,Dusk,05 - Dusk,Municipal (excl. Twp. Rd.),No control,unknown,0,0,0,False,False,False,Clear,,True,Road 1: 2 APPLE RIDGE DR; Vehicle #1     Make: BMW     Model: 28X     Colour: RED     Style: 4D; Vehicle #2     Make: NISS     Model: ROG     Colour: WHI     Style: TY,4/9/2021 4:29:42 PM,,
49144,19096983,1556399580000,2019,4,27,21,13,0,Saturday,544755.17689,4808023.09073,-80.447102,43.423770999999995,At intersection,2,P.D. only,Within intersection,unknown,unknown,Turning movement,Unknown,Dark,07 - Dark,Municipal (excl. Twp. Rd.),Traffic signal,Functioning,0,0,0,False,False,False,Clear,,False,Road 1: WILSON AVE (50 km/h); Road 2: TRAYNOR AVE (50 km/h); Vehicle #1     Make: TOYT     Model: HIG     Colour: GRY     Style: TY; Vehicle #2     Make: HOND     Model: UCD     Colour: SIL     Style: 4D,4/9/2021 4:28:14 PM,,
49145,19097248,1556429400000,2019,4,28,5,30,0,Sunday,542757.13297,4806612.31044,-80.47189499999999,43.411184999999996,At/near private drive,2,P.D. only,Thru lane,unknown,unknown,SMV unattended vehicle,Unknown,Dawn,03 - Dawn,Municipal (excl. Twp. Rd.),No control,unknown,1,0,0,False,False,False,Clear,,False,Road 1: 45 CENTURY HILL DR (50 km/h); Road 2: CENTURY HILL DR; Distance: 13.0 M S; Vehicle #1     Make: TOYT     Model: RG4     Colour: GRY     Style: TY; Vehicle #2     Make: CHEV     Model: MLT     Colour: BLU     Style: 4D; Vehicle #3     Make: HOND   ,4/9/2021 4:29:12 PM,,
49146,19097402,1556450100000,2019,4,28,11,15,0,Sunday,543522.76398,4804746.15929,-80.462588,43.394338,Intersection related,2,P.D. only,Within intersection,unknown,unknown,SMV other,Unknown,Daylight,01 - Daylight,Municipal (excl. Twp. Rd.),Stop sign,Functioning,0,0,0,False,False,False,Clear,,False,Road 1: NORTHBROOK PL (50 km/h); Road 2: OLD HURON RD (50 km/h); Distance:  K; Vehicle #1     Make: HOND     Model: CIV     Colour: WHI     Style: 4D,4/9/2021 4:26:57 PM,,
49147,19097470,1555779600000,2019,4,20,17,0,0,Saturday,540753.84587,4810015.98176,-80.49638399999999,43.441942999999995,Non intersection,2,Non-reportable,Right shoulder,unknown,unknown,SMV unattended vehicle,Unknown,Daylight,01 - Daylight,Regional municipality,No control,unknown,0,0,0,False,False,False,Clear,,True,Road 1: WOODSIDE AVE; Road 2: QUEEN ST S; Vehicle #1     Make:      Model:      Colour:      Style: ; Vehicle #2     Make: TOYT     Model: SIE     Colour: BLU     Style: VN,4/9/2021 4:26:02 PM,,
49148,19097619,1556469600000,2019,4,28,16,40,0,Sunday,544466.74526,4810704.07062,-80.450447,43.447928,Non intersection,2,Non-reportable,Thru lane,unknown,unknown,Angle,Unknown,Daylight,01 - Daylight,Regional municipality,No control,unknown,0,0,0,False,False,False,Clear,,True,Road 1: FRANKLIN ST N; Road 2: OTTAWA ST N KITCHENER; Distance: 80.0 M S; Vehicle #1     Make: TOYT     Model: RV4     Colour: BLU     Style: TY; Vehicle #2     Make:      Model:      Colour:      Style:,4/27/2022 10:40:47 AM,,
49149,19098328,1556353800000,2019,4,27,8,30,0,Saturday,539734.63276,4808904.12594,-80.509059,43.431987,Non intersection,2,P.D. only,Thru lane,unknown,unknown,SMV unattended vehicle,Unknown,Daylight,01 - Daylight,Municipal (excl. Twp. Rd.),No control,unknown,0,0,0,False,False,False,Clear,,True,Road 1: 196 GATEWOOD DR KITCHENER; Vehicle #1     Make: STRN     Model: VUE     Colour: GRY     Style: TY; Vehicle #2     Make: TOYT     Model: RV4     Colour: BLK     Style: TY,4/9/2021 4:26:10 PM,,
49150,19098390,1556551320000,2019,4,29,15,22,0,Monday,547293.05053,4805704.12688,-80.41595199999999,43.402735,At/near private drive,2,P.D. only,Thru lane,unknown,unknown,Sideswipe,Unknown,Daylight,01 - Daylight,Municipal (excl. Twp. Rd.),No control,unknown,1,0,0,False,False,False,Rain,,False,Road 1: 204 JOSEPH SCHOERG CRES (50 km/h); Road 2: DEER RIDGE DR; Distance: 30.0 M S; Vehicle #1     Make: ACUR     Model: RDX     Colour: GRY     Style: TY; Vehicle #2     Make: TOYT     Model: C4E     Colour: BLU     Style: 4D,4/9/2021 4:29:14 PM,,
49151,19098454,1556555400000,2019,4,29,16,30,0,Monday,541784.95702,4806425.22225,-80.48391699999999,43.409555,Intersection related,2,P.D. only,Thru lane,unknown,unknown,SMV other,Unknown,Daylight,01 - Daylight,Municipal (excl. Twp. Rd.),Stop sign,Functioning,0,0,0,False,False,False,Rain,,True,Road 1: RITTENHOUSE RD; Road 2: GOUNDRY CRESCENT; Vehicle #1     Make: NISS     Model: VSL     Colour: BLK     Style: 4B,4/9/2021 4:27:27 PM,,
49152,19098466,1556557200000,2019,4,29,17,0,0,Monday,541347.00546,4809685.6964,-80.48907899999999,43.438936999999996,At intersection,2,Non-reportable,Within intersection,unknown,unknown,Angle,Unknown,Daylight,01 - Daylight,Municipal (excl. Twp. Rd.),Stop sign,Functioning,0,0,0,False,False,False,Clear,,True,Road 1: MILL ST; Road 2: MADISON AVE S; Vehicle #1     Make: DODG     Model: CXT     Colour: BLU     Style: 4D; Vehicle #2     Make: TOYT     Model: UXS     Colour: RED     Style: 4D,4/9/2021 4:28:34 PM,,
49153,19098645,1556574300000,2019,4,29,21,45,0,Monday,545275.01218,4806434.73499,-80.440812,43.409438,At intersection,2,P.D. only,Within intersection,unknown,unknown,Angle,Stop sign,Dark,07 - Dark,Municipal (excl. Twp. Rd.),Stop sign,Functioning,0,0,0,False,False,False,Rain,,False,Road 1: WABANAKI DR (50 km/h); Road 2: WILSON AVE (50 km/h); Vehicle #1     Make: HOND     Model: CXG     Colour: RED     Style: 4D; Vehicle #2     Make: NISS     Model: VSL     Colour: BLU     Style: 4B,4/9/2021 4:28:16 PM,,
49154,19098930,1556538300000,2019,4,29,11,45,0,Monday,544830.49653,4805008.79182,-80.44641899999999,43.396626,Intersection related,2,P.D. only,Thru lane,unknown,unknown,Angle,Unknown,Daylight,01 - Daylight,Municipal (excl. Twp. Rd.),Stop sign,Functioning,0,0,0,False,False,False,Clear,,True,Road 1: MILLWOOD CRES KITCHENER; Road 2: DOON VILLAGE RD KITCHENER; Vehicle #1     Make: HYUN     Model: C2G     Colour: GRY     Style: 4B; Vehicle #2     Make:      Model:      Colour:      Style:,4/9/2021 4:27:36 PM,,
49155,19098977,1556323200000,2019,4,27,0,0,0,Saturday,540140.0293,4808625.40405,-80.504071,43.429455999999995,At/near private drive,2,Non-reportable,Right shoulder,unknown,unknown,SMV unattended vehicle,Unknown,Dark,07 - Dark,Municipal (excl. Twp. Rd.),No control,unknown,0,0,0,False,False,False,Clear,,True,Road 1: 84 SHADYWOOD CRES KITCHENER; Vehicle #1     Make:      Model:      Colour:      Style: ; Vehicle #2     Make: MAZD     Model: MA5     Colour: SIL     Style: SW,4/9/2021 4:29:22 PM,,
49156,19099080,1555083000000,2019,4,12,15,30,0,Friday,544754.44887,4808022.75286,-80.44711099999999,43.423767999999995,At intersection,2,Non-reportable,Thru lane,unknown,unknown,Rear end,Unknown,Daylight,01 - Daylight,Municipal (excl. Twp. Rd.),Traffic signal,Functioning,0,0,0,False,False,False,Clear,,True,Road 1: WILSON AVE; Road 2: TRAYNOR AVE; Vehicle #1     Make: HYUN     Model: EGM     Colour: WHI     Style: 4D; Vehicle #2     Make:      Model:      Colour:      Style:,4/9/2021 4:28:35 PM,,