OBJECTID,ACCIDENTNUM,ACCIDENTDATE,ACCIDENT_YEAR,ACCIDENT_MONTH,ACCIDENT_DAY,ACCIDENT_HOUR,ACCIDENT_MINUTE,ACCIDENT_SECOND,ACCIDENT_WEEKDAY,XCOORD,YCOORD,LONGITUDE,LATITUDE,ACCIDENTLOCATION,COLLISIONTYPE,CLASSIFICATIONOFACCIDENT,IMPACTLOCATION,INITIALDIRECTIONOFTRAVELONE,INITIALDIRECTIONOFTRAVELTWO,INITIALIMPACTTYPE,INTTRAFFICCONTROL,LIGHT,LIGHTFORREPORT,ROADJURISDICTION,TRAFFICCONTROL,TRAFFICCONTROLCONDITION,THRULANENO,NORTHBOUNDDISOBEYCOUNT,SOUTHBOUNDDISOBEYCOUNT,PEDESTRIANINVOLVED,CYCLISTINVOLVED,MOTORCYCLISTINVOLVED,ENVIRONMENTCONDITION1,ENVIRONMENTCONDITION2,SELFREPORTED,XMLIMPORTNOTES,LASTEDITEDDATE,CREATE_BY,CREATE_DATE
49157,19099118,1556628300000,2019,4,30,12,45,0,Tuesday,543196.06384,4808445.66029,-80.466329,43.427667,At/near private drive,2,P.D. only,Thru lane,unknown,unknown,Sideswipe,Unknown,Daylight,01 - Daylight,Regional municipality,No control,unknown,0,0,0,False,False,False,Clear,,True,Road 1: WALTON AVE; Road 2: COURTLAND AVE; Vehicle #1     Make: GMC     Model: SAV     Colour: WHI     Style: CB; Vehicle #2     Make: HOND     Model: USE     Colour: GLD     Style: 4D,4/9/2021 4:30:04 PM,,
49158,19099216,1556633040000,2019,4,30,14,4,0,Tuesday,545095.07589,4807781.38736,-80.442923,43.421574,Non intersection,2,P.D. only,Thru lane,unknown,unknown,Rear end,Unknown,Daylight,01 - Daylight,Municipal (excl. Twp. Rd.),No control,unknown,0,0,0,False,False,False,Clear,,True,Road 1: WILSON AVE; Road 2: FAIRWAY RD S; Vehicle #1     Make: FORD     Model: SRW     Colour: WHI     Style: PK; Vehicle #2     Make: KIA     Model: RES     Colour: BLK     Style: 4D,4/9/2021 4:26:32 PM,,
49159,19099237,1556625600000,2019,4,30,12,0,0,Tuesday,543351.61155,4811534.74392,-80.464162,43.455472,At/near private drive,2,Non-reportable,Thru lane,unknown,unknown,SMV unattended vehicle,Unknown,Daylight,01 - Daylight,Municipal (excl. Twp. Rd.),No control,unknown,0,0,0,False,False,False,Clear,,True,Road 1: 441 KRUG ST KITCHNER; Vehicle #1     Make:      Model:      Colour:      Style: ; Vehicle #2     Make: DODG     Model: CGS     Colour: SIL     Style: 4D,4/9/2021 4:29:48 PM,,
49160,19099507,1556655300000,2019,4,30,20,15,0,Tuesday,543756.17168,4809222.46658,-80.459347,43.434629,At intersection,2,P.D. only,Thru lane,unknown,unknown,SMV other,Unknown,Dark,07 - Dark,Municipal (excl. Twp. Rd.),unknown,unknown,1,0,0,False,False,False,Clear,,False,Road 1: ECKERT ST (50 km/h); Road 2: DIXON ST (50 km/h); Distance:  K; Vehicle #1     Make: MAZD     Model: 3TR     Colour: WHI     Style: 4D,4/9/2021 4:27:54 PM,,
49161,19099766,1556697660000,2019,5,1,8,1,0,Wednesday,537848.59408,4809108.32477,-80.532347,43.433923,At intersection,2,P.D. only,Within intersection,unknown,unknown,Angle,Unknown,Daylight,01 - Daylight,Municipal (excl. Twp. Rd.),Stop sign,Functioning,0,0,0,False,False,False,Rain,,False,Road 1: BENESFORT DR (50 km/h); Road 2: OPRINGTON DR (50 km/h); Distance:  K; Vehicle #1     Make: NISS     Model: ATS     Colour: BLK     Style: 4D; Vehicle #2     Make: HOND     Model: UDV     Colour: GRY     Style: 4D,4/9/2021 5:47:36 PM,,
49162,19099969,1556711700000,2019,5,1,11,55,0,Wednesday,543566.5665,4811712.15322,-80.461491,43.457057,At/near private drive,2,P.D. only,Thru lane,unknown,unknown,Angle,Unknown,Daylight,01 - Daylight,Municipal (excl. Twp. Rd.),No control,unknown,0,0,0,False,False,False,Clear,,True,Road 1: 520 KRUG ST; Vehicle #1     Make: JEEP     Model: GCK     Colour: BLK     Style: TY; Vehicle #2     Make: HOND     Model: ULS     Colour: WHI     Style: 4D,4/9/2021 5:47:39 PM,,
49163,19100202,1556729400000,2019,5,1,16,50,0,Wednesday,541424.98941,4811533.648,-80.48797499999999,43.455572,Intersection related,2,P.D. only,Thru lane,unknown,unknown,Sideswipe,Unknown,Daylight,01 - Daylight,Municipal (excl. Twp. Rd.),Stop sign,Functioning,0,0,0,False,False,False,Rain,,True,Road 1: MARGARET AVE; Road 2: MAYNARD AVE; Vehicle #1     Make: TOYT     Model: PRI     Colour: WHI     Style: 4B; Vehicle #2     Make: FORD     Model: FSE     Colour: GRY     Style: 4D,4/9/2021 5:47:32 PM,,
49164,19100215,1556722800000,2019,5,1,15,0,0,Wednesday,544768.99745,4805327.68275,-80.447152,43.399501,Non intersection,2,P.D. only,Left turn lane,unknown,unknown,Sideswipe,Unknown,Daylight,01 - Daylight,Regional municipality,No control,unknown,0,0,0,False,False,False,Rain,,True,Road 1: DOON VILLAGE RD; Road 2: HOMER WATSON BLVD; Distance: 50.0 M N; Vehicle #1     Make: FORD     Model: FSE     Colour: RED     Style: 4B; Vehicle #2     Make: RAM     Model: RTR     Colour: BLK     Style: CW,8/16/2022 3:01:34 PM,,
49165,19100223,1556672400000,2019,5,1,1,0,0,Wednesday,542111.03004,4803810.46341,-80.480091,43.385993,At/near private drive,2,P.D. only,Thru lane,unknown,unknown,SMV unattended vehicle,Unknown,Dark,07 - Dark,Municipal (excl. Twp. Rd.),No control,unknown,0,0,0,False,False,False,Clear,,True,Road 1: 55 MADELEINE ST (PARKED ON STREET); Vehicle #1     Make:      Model:      Colour:      Style: ; Vehicle #2     Make: KIA     Model: SOR     Colour: WHI     Style: TY,4/9/2021 5:47:40 PM,,
49166,19100682,1556788200000,2019,5,2,9,10,0,Thursday,541550.04521,4811885.42278,-80.486403,43.458732,At intersection,2,P.D. only,Within intersection,unknown,unknown,Sideswipe,Unknown,Daylight,01 - Daylight,Municipal (excl. Twp. Rd.),Stop sign,Functioning,0,1,0,False,False,False,Clear,,True,Road 1: ST LEGER ST KITCHENER; Road 2: BREITHAUPT ST KITCHENER; Vehicle #1     Make: NISS     Model: PFI     Colour: WHI     Style: TY; Vehicle #2     Make: HOND     Model: CRV     Colour: BLU     Style: TY,4/9/2021 5:47:06 PM,,
49167,19100910,1556801100000,2019,5,2,12,45,0,Thursday,542108.48066,4807131.39873,-80.479867,43.415896,At intersection,2,P.D. only,Within intersection,unknown,unknown,Rear end,Unknown,Daylight,01 - Daylight,Municipal (excl. Twp. Rd.),Traffic signal,Functioning,0,0,0,False,False,False,Clear,,True,Road 1: BLOCK LINE RD; Road 2: STRASBURG RD; Vehicle #1     Make: BUIC     Model: CCU     Colour: BRN     Style: 4D; Vehicle #2     Make:      Model:      Colour:      Style: ; Vehicle #3     Make: HOND     Model: CRV     Colour: BLU     Style: 4W,4/9/2021 5:47:06 PM,,
49168,19101334,1556822700000,2019,5,2,18,45,0,Thursday,542145.38991,4807088.31751,-80.47941399999999,43.415506,At/near private drive,2,P.D. only,Thru lane,unknown,unknown,Angle,Unknown,Daylight,01 - Daylight,Municipal (excl. Twp. Rd.),No control,unknown,0,0,0,False,False,False,Clear,,True,Road 1: 655 STRASBURG RD; Vehicle #1     Make: NISS     Model: MUR     Colour: RED     Style: TY; Vehicle #2     Make: SUBA     Model: FOR     Colour: WHI     Style: TY,4/9/2021 5:47:14 PM,,
49169,19101551,1556870400000,2019,5,3,8,0,0,Friday,539053.76461,4811097.78057,-80.517314,43.451775,Non intersection,2,P.D. only,Thru lane,unknown,unknown,Rear end,Unknown,Daylight,01 - Daylight,Municipal (excl. Twp. Rd.),No control,unknown,0,0,0,False,False,False,Rain,,True,Road 1: GLASGOW ST (IN FROM OF 223 GLASGLOW); Road 2: BELMONT AVE W; Distance: 30.0 M W; Vehicle #1     Make: TOYT     Model: HIG     Colour: RED     Style: TY; Vehicle #2     Make: VOLK     Model: GTD     Colour: GRY     Style: 4B,4/9/2021 5:47:14 PM,,
49170,19102360,1556932200000,2019,5,4,1,10,0,Saturday,542108.73006,4807131.6551,-80.47986399999999,43.415898,At intersection,2,P.D. only,Within intersection,unknown,unknown,Turning movement,Unknown,"Dark, artificial","08 - Dark, artificial",Municipal (excl. Twp. Rd.),Traffic signal,Functioning,0,0,0,False,False,False,Clear,,False,Road 1: BLOCK LINE RD (50 km/h); Road 2: STRASBURG RD (50 km/h); Vehicle #1     Make:      Model:      Colour:      Style: ; Vehicle #2     Make: HOND     Model: CRV     Colour: WHI     Style: TY,4/9/2021 5:47:35 PM,,
49171,19102660,1556884800000,2019,5,3,12,0,0,Friday,538356.02485,4809789.11937,-80.52602999999999,43.440027,At intersection,2,P.D. only,Thru lane,unknown,unknown,Angle,Unknown,Daylight,01 - Daylight,Municipal (excl. Twp. Rd.),Stop sign,Functioning,0,0,0,False,False,False,Clear,,True,Road 1: HAZELGLEN DR; Road 2: MOOREGATE CRESCENT; Vehicle #1     Make: HOND     Model: CXG     Colour: BRN     Style: 4D; Vehicle #2     Make: LEXS     Model: R33     Colour: GRY     Style: TY,4/9/2021 5:47:07 PM,,
49172,19102801,1556974800000,2019,5,4,13,0,0,Saturday,541345.6618,4809061.20625,-80.489143,43.433313999999996,At intersection,2,P.D. only,Thru lane,unknown,unknown,Angle,Unknown,Daylight,01 - Daylight,Regional municipality,Stop sign,Functioning,0,0,0,False,False,False,Clear,,True,Road 1: HEIMAN ST; Road 2: HIGHLAND RD E; Distance:  W; Vehicle #1     Make: HOND     Model: ULX     Colour: BLU     Style: 4D; Vehicle #2     Make: KIA     Model: ROL     Colour: SIL     Style: SW,4/9/2021 5:47:56 PM,,
49173,19103255,1557040140000,2019,5,5,7,9,0,Sunday,545117.28325,4812046.70648,-80.442296,43.459978,Non intersection,2,P.D. only,Not on roadway - right side,unknown,unknown,SMV other,Unknown,Daylight,01 - Daylight,Municipal (excl. Twp. Rd.),No control,unknown,0,0,0,False,False,False,Clear,,False,Road 1: LORRAINE AVE (50 km/h); Road 2: CONFEDERATION DR; Distance: 10.0 M W; Vehicle #1     Make: TOYT     Model: UCS     Colour: BRN     Style: 4D,4/9/2021 5:48:01 PM,,
49174,19103541,1557064800000,2019,5,5,14,0,0,Sunday,547833.99508,4810922.44524,-80.40881499999999,43.449686,At/near private drive,2,P.D. only,Thru lane,unknown,unknown,Other,Unknown,Daylight,01 - Daylight,Municipal (excl. Twp. Rd.),No control,unknown,0,0,0,False,False,False,Clear,,True,Road 1: 244 COLTON CIRCLE; Vehicle #1     Make:      Model:      Colour:      Style: ; Vehicle #2     Make: DODG     Model: CAR     Colour: SIL     Style: VN,4/9/2021 5:47:38 PM,,
49175,19103751,1557084780000,2019,5,5,19,33,0,Sunday,545934.26799,4805413.0218,-80.432756,43.400199,Non intersection,2,P.D. only,Thru lane,unknown,unknown,Other,Unknown,Daylight,01 - Daylight,Municipal (excl. Twp. Rd.),No control,unknown,1,0,0,False,False,False,Clear,,False,Road 1: 15 GREEN VALLEY DR (50 km/h); Road 2: GREEN VALLEY DR; Distance: 2.0 M W; Vehicle #1     Make: FORD     Model: FLE     Colour: BLK     Style: TY; Vehicle #2     Make: KIA     Model: RES     Colour: GRY     Style: 4B,4/9/2021 5:47:47 PM,,
49176,19104249,1557142380000,2019,5,6,11,33,0,Monday,540792.75138,4809120.44655,-80.49597,43.433878,Intersection related,2,P.D. only,Right shoulder,unknown,unknown,SMV unattended vehicle,Unknown,Daylight,01 - Daylight,Municipal (excl. Twp. Rd.),Stop sign,Functioning,0,0,0,False,False,False,Clear,,False,Road 1: MAUSSER AVE (40 km/h); Road 2: STIRLING AVE S (40 km/h); Vehicle #1     Make: NOVA     Model: LFS     Colour: WHI     Style: BU; Vehicle #2     Make: PONT     Model: VIB     Colour: WHI     Style: 4B,4/9/2021 5:47:10 PM,,
49177,19104578,1557165720000,2019,5,6,18,2,0,Monday,546126.11307,4803370.24017,-80.430559,43.381794,Non intersection,2,P.D. only,Thru lane,unknown,unknown,SMV unattended vehicle,Unknown,Daylight,01 - Daylight,Municipal (excl. Twp. Rd.),No control,unknown,1,0,0,False,False,False,Clear,,False,Road 1: 357 DOON SOUTH DR (50 km/h); Road 2: THOMAS SLEE DR; Distance: 2.0 M S; Vehicle #1     Make: RAM     Model: RTR     Colour: WHI     Style: PK; Vehicle #2     Make: HYUN     Model: SAN     Colour: WHI     Style: TY,4/9/2021 5:47:49 PM,,
49178,19104731,1557177660000,2019,5,6,21,21,0,Monday,542843.17257,4809874.64542,-80.47057699999999,43.440554,Intersection related,2,P.D. only,Within intersection,unknown,unknown,Angle,Unknown,Dark,07 - Dark,Municipal (excl. Twp. Rd.),unknown,Functioning,0,0,1,False,False,False,Clear,,False,Road 1: CHARLES ST E (50 km/h); Road 2: SYDNEY ST S (50 km/h); Distance:  K; Charged Driver #1 on page 1: NA NA (NA) (NA); Vehicle #1     Make: HOND     Model: ULS     Colour: WHI     Style: 4D; Vehicle #2     Make: FORD     Model: COF     Colour: GRY    ,4/27/2022 10:41:02 AM,,
49179,19104745,1557066600000,2019,5,5,14,30,0,Sunday,539558.27365,4805937.73261,-80.511453,43.405287,At/near private drive,2,Non-reportable,Thru lane,unknown,unknown,SMV unattended vehicle,Unknown,Daylight,01 - Daylight,Municipal (excl. Twp. Rd.),No control,unknown,0,0,0,False,False,False,Clear,,True,Road 1: 44 MAX BECKER DR; Vehicle #1     Make:      Model:      Colour:      Style: ; Vehicle #2     Make: CHEV     Model: OPT     Colour: GRY     Style: 4D,4/9/2021 5:47:37 PM,,
49180,19104748,1557152400000,2019,5,6,14,20,0,Monday,541184.64111,4810692.27369,-80.49100899999999,43.448009,Intersection related,2,P.D. only,Thru lane,unknown,unknown,Rear end,Unknown,Daylight,01 - Daylight,Municipal (excl. Twp. Rd.),Traffic signal,Functioning,0,0,0,False,False,False,Clear,,True,Road 1: QUEEN ST S; Road 2: JOSEPH ST; Vehicle #1     Make: DODG     Model: CAR     Colour: SIL     Style: VN; Vehicle #2     Make: KIA     Model: SOU     Colour: BLK     Style: TY; Vehicle #3     Make: FORD     Model: COF     Colour: GRY     Style: PK,4/9/2021 5:47:07 PM,,
49181,19106063,1557162000000,2019,5,6,17,0,0,Monday,543763.02199,4806853.57751,-80.459453,43.413298999999995,At/near private drive,2,Non-reportable,Thru lane,unknown,unknown,Angle,Unknown,Daylight,01 - Daylight,Regional municipality,No control,unknown,0,0,0,False,False,False,Clear,,True,Road 1: FALLOWFIELD DR (IFO 294); Road 2: BLEAMS; Distance: 100.0 M N; Vehicle #1     Make:      Model:      Colour:      Style: ; Vehicle #2     Make: CHEV     Model: ML     Colour: BRN     Style: 4D,4/9/2021 5:48:11 PM,,
49182,19106288,1557565800000,2019,5,11,9,10,0,Saturday,545119.64823,4807677.94634,-80.442628,43.420640999999996,Non intersection,1,Non-fatal injury,Thru lane,unknown,unknown,SMV other,Unknown,Daylight,01 - Daylight,Regional municipality,No control,unknown,1,0,0,True,False,False,Clear,,False,Road 1: WILSON AVE (50 km/h); Road 2: FAIRWAY RD S; Distance: 48.0 M E; Vehicle #1     Make: CHEV     Model: EQU     Colour: BLK     Style: TY,4/9/2021 5:48:05 PM,,
49183,19106387,1557331500000,2019,5,8,16,5,0,Wednesday,547158.92457,4804761.08771,-80.41769,43.394253,Intersection related,2,P.D. only,Thru lane,unknown,unknown,Rear end,Unknown,Daylight,01 - Daylight,Municipal (excl. Twp. Rd.),unknown,Functioning,0,0,0,False,False,False,Clear,,True,Road 1: OLD MILL RD; Road 2: MILL PARK DR; Vehicle #1     Make: MAZD     Model: M3I     Colour: RED     Style: 4D; Vehicle #2     Make: HOND     Model: PIL     Colour: SIL     Style: TY,4/9/2021 5:47:09 PM,,
49184,19106843,1557403740000,2019,5,9,12,9,0,Thursday,541867.54926,4810435.985,-80.48258899999999,43.445664,Non intersection,2,P.D. only,Left shoulder,unknown,unknown,SMV other,Unknown,Daylight,01 - Daylight,Municipal (excl. Twp. Rd.),No control,unknown,0,0,0,False,False,False,Clear,,False,Road 1: MADISON AVE S (50 km/h); Road 2: CHARLES ST E; Distance: 40.0 M W; Vehicle #1     Make: FORD     Model: EPR     Colour: BLU     Style: TY,4/9/2021 5:47:48 PM,,
49185,19106898,1557388800000,2019,5,9,8,0,0,Thursday,545079.72223,4813536.7523,-80.44263699999999,43.473396,Intersection related,2,P.D. only,Within intersection,unknown,unknown,Rear end,Unknown,Daylight,01 - Daylight,Municipal (excl. Twp. Rd.),Stop sign,Functioning,0,0,0,False,False,False,Clear,,True,Road 1: SHIRLEY DRIVE KITCHENER; Road 2: BINGEMANS CENTRE DRIVE; Vehicle #1     Make: CHEV     Model: SIL     Colour: WHI     Style: PK; Vehicle #2     Make: TOYT     Model: FRS     Colour: BLK     Style: 2D,4/9/2021 5:47:12 PM,,
49186,19106924,1557408000000,2019,5,9,13,20,0,Thursday,543728.85329,4810736.41679,-80.459564,43.448262,At intersection,2,P.D. only,Within intersection,unknown,unknown,Sideswipe,Unknown,Daylight,01 - Daylight,Municipal (excl. Twp. Rd.),Stop sign,Functioning,0,0,0,False,False,False,Clear,,True,Road 1: MANCHESTER RD; Road 2: NOTTINGHAM DR KITCHNER; Vehicle #1     Make: MAZD     Model: M5T     Colour: BLK     Style: SW; Vehicle #2     Make: NISS     Model: FRT     Colour: WHI     Style: PK,4/9/2021 5:47:08 PM,,
49187,19107021,1557415500000,2019,5,9,15,25,0,Thursday,545596.97557,4804265.906,-80.437017,43.389891,Intersection related,2,P.D. only,Thru lane,unknown,unknown,Rear end,Unknown,Daylight,01 - Daylight,Regional municipality,Stop sign,Functioning,0,0,0,False,False,False,Clear,,True,Road 1: THMOAS LEE; Road 2: DOON VILLAGE RD; Distance:  N; Vehicle #1     Make: LEXS     Model: LX5     Colour: BLK     Style: TY; Vehicle #2     Make: HOND     Model: PIL     Colour: BLK     Style: TY,4/9/2021 5:48:00 PM,,
49188,19107195,1557302880000,2019,5,8,8,8,0,Wednesday,539091.856,4810226.2181,-80.51690599999999,43.443925,At/near private drive,2,Non-reportable,Thru lane,unknown,unknown,SMV unattended vehicle,Unknown,Daylight,01 - Daylight,Municipal (excl. Twp. Rd.),No control,unknown,0,0,0,False,False,False,Clear,,True,Road 1: 372 KARN ST; Vehicle #1     Make:      Model:      Colour:      Style: ; Vehicle #2     Make: HOND     Model: UCS     Colour: RED     Style: 4D,4/9/2021 5:47:46 PM,,
49189,19107203,1557420900000,2019,5,9,16,55,0,Thursday,540178.62897,4810786.33885,-80.503435,43.448910999999995,Non intersection,2,Non-reportable,Thru lane,unknown,unknown,Rear end,Unknown,Daylight,01 - Daylight,Regional municipality,No control,unknown,0,0,0,False,False,False,Rain,,True,Road 1: 105 PARK ST; Road 2: VICTORIA ST; Vehicle #1     Make: HYUN     Model: SFT     Colour: GRY     Style: TY; Vehicle #2     Make:      Model:      Colour:      Style:,4/9/2021 5:48:12 PM,,
49190,19107205,1557323100000,2019,5,8,13,45,0,Wednesday,541496.8834,4808743.2127,-80.487299,43.430443,At intersection,2,P.D. only,Within intersection,unknown,unknown,Angle,Unknown,Daylight,01 - Daylight,Regional municipality,unknown,Functioning,0,0,0,False,False,False,Clear,,True,Road 1: HIGHLAND RD E; Road 2: HOFFMAN ST; Vehicle #1     Make: FORD     Model: FEE     Colour: BLK     Style: 4B; Vehicle #2     Make:      Model:      Colour:      Style:,4/9/2021 5:47:59 PM,,
49191,19107648,1557418800000,2019,5,9,16,20,0,Thursday,547729.4905,4806119.14402,-80.41052599999999,43.406444,Intersection related,2,Non-reportable,Thru lane,unknown,unknown,Rear end,Unknown,Daylight,01 - Daylight,Municipal (excl. Twp. Rd.),unknown,Functioning,0,0,0,False,False,False,Rain,,True,Road 1: DEER RIDGE DR; Road 2: FALL HARVEST DR; Vehicle #1     Make: NISS     Model: S18     Colour: BLU     Style: 4D; Vehicle #2     Make:      Model:      Colour:      Style:,4/9/2021 5:47:34 PM,,
49192,19107938,1557300600000,2019,5,8,7,30,0,Wednesday,540590.05765,4811678.84111,-80.498284,43.456925,Non intersection,2,P.D. only,Right shoulder,unknown,unknown,SMV unattended vehicle,Unknown,Daylight,01 - Daylight,Municipal (excl. Twp. Rd.),No control,unknown,0,0,0,False,False,False,Clear,,True,Road 1: LOUISA ST; Road 2: DUKE ST W; Vehicle #1     Make: HOND     Model: CIL     Colour: BLK     Style: 4D; Vehicle #2     Make: MERZ     Model: ML3     Colour: WHI     Style: TY,4/9/2021 5:47:18 PM,,
49193,19108013,1557478800000,2019,5,10,9,0,0,Friday,541496.77139,4808744.67933,-80.4873,43.430456,Intersection related,2,P.D. only,Within intersection,unknown,unknown,Rear end,Unknown,Daylight,01 - Daylight,Municipal (excl. Twp. Rd.),unknown,Functioning,0,0,0,False,False,False,Clear,,True,Road 1: HIGHLAND RD KITCHNER; Road 2: HOFFMAN ST KITCHENER; Vehicle #1     Make: ACUR     Model: RDX     Colour: GRY     Style: TY; Vehicle #2     Make: HOND     Model: CTU     Colour: WHI     Style: 4D,4/27/2022 10:40:27 AM,,
49194,19108331,1557561840000,2019,5,11,8,4,0,Saturday,536515.81205,4807723.29224,-80.548907,43.421518,Non intersection,2,P.D. only,Off highway,unknown,unknown,SMV other,Unknown,Daylight,01 - Daylight,Municipal (excl. Twp. Rd.),No control,unknown,0,0,0,False,False,False,Clear,,False,Road 1: 26 COVINGTON CRESCENT (50 km/h); Road 2: COVINGTON CRES; Distance: 5.0 K E; Vehicle #1     Make: MAZD     Model: M5T     Colour: GRY     Style: SW,4/9/2021 5:47:50 PM,,
49195,19108494,1557572100000,2019,5,11,10,55,0,Saturday,545547.59315,4804672.82288,-80.43759299999999,43.393557,At intersection,2,P.D. only,Thru lane,unknown,unknown,Rear end,Stop sign,Daylight,01 - Daylight,unknown,Stop sign,unknown,0,0,0,False,False,False,Clear,,True,Road 1: BECHTEL DR; Road 2: PIONEER DR; Vehicle #1     Make: TOYT     Model: HIG     Colour: WHI     Style: TY; Vehicle #2     Make: STRN     Model: SI1     Colour: RED     Style: 4D,4/9/2021 5:47:28 PM,,
49196,19108655,1557588600000,2019,5,11,15,30,0,Saturday,543143.92027,4810141.70639,-80.466839,43.442941999999995,Non intersection,2,P.D. only,Thru lane,unknown,unknown,Sideswipe,Unknown,Daylight,01 - Daylight,Regional municipality,No control,unknown,0,0,0,False,False,False,Clear,,True,Road 1: SYDNEY ST N; Road 2: WEBER ST E; Vehicle #1     Make: TOYT     Model: RG4     Colour: BLK     Style: TY; Vehicle #2     Make: CHEV     Model: ML2     Colour: WHI     Style: 4D,4/9/2021 5:48:06 PM,,
49197,19108757,1557576900000,2019,5,11,12,15,0,Saturday,540793.00564,4811771.05148,-80.495769,43.457744,Non intersection,2,Non-reportable,Thru lane,unknown,unknown,Sideswipe,Unknown,Daylight,01 - Daylight,Regional municipality,No control,unknown,0,0,0,False,False,False,Clear,,True,Road 1: LOUISA ST; Road 2: WEBER ST W; Vehicle #1     Make: DODG     Model: CJO     Colour: GRY     Style: TY; Vehicle #2     Make:      Model:      Colour:      Style:,4/9/2021 5:48:12 PM,,
49198,19109059,1557628200000,2019,5,12,2,30,0,Sunday,538815.109,4809194.44243,-80.520399,43.434649,At intersection,2,P.D. only,Within intersection,unknown,unknown,Angle,Unknown,Dark,07 - Dark,Municipal (excl. Twp. Rd.),unknown,Functioning,0,0,0,False,False,False,Clear,,True,Road 1: HIGHLAND CRESCENT; Road 2: FIELD GATE ST; Vehicle #1     Make: HOND     Model: UDY     Colour: BLK     Style: VN; Vehicle #2     Make: DODG     Model: DAK     Colour: BLK     Style: PK,4/27/2022 10:41:37 AM,,
49199,19109502,1557691200000,2019,5,12,20,0,0,Sunday,541536.9089,4808761.06262,-80.486803,43.430600999999996,Non intersection,2,P.D. only,Thru lane,unknown,unknown,Rear end,Unknown,Dusk,05 - Dusk,Municipal (excl. Twp. Rd.),No control,unknown,0,0,0,False,False,False,Clear,,True,Road 1: HOFFMAN AVE KITCHENER; Road 2: SOUTHDALE AVE KITCHNER; Vehicle #1     Make: DODG     Model: CAR     Colour: SIL     Style: VN; Vehicle #2     Make: TOYT     Model: CTR     Colour: BLU     Style: 4B,4/9/2021 5:47:19 PM,,
49200,19109547,1557696600000,2019,5,12,21,30,0,Sunday,547287.50087,4804709.6787,-80.416106,43.393781999999995,Non intersection,2,P.D. only,Thru lane,unknown,unknown,SMV other,Unknown,Dark,07 - Dark,Municipal (excl. Twp. Rd.),No control,unknown,0,0,0,False,False,False,Clear,,True,Road 1: OLD MILL RD KITCHENER; Road 2: HOMER WATSON BLVD KITCHENER; Vehicle #1     Make: HYUN     Model: BGS     Colour: RED     Style: 4D,4/9/2021 5:47:19 PM,,
49201,19109702,1557693000000,2019,5,12,20,30,0,Sunday,542111.55052,4815957.24194,-80.479147,43.495363,At/near private drive,2,Non-reportable,Thru lane,unknown,unknown,SMV unattended vehicle,Unknown,Dusk,05 - Dusk,Municipal (excl. Twp. Rd.),No control,unknown,0,0,0,False,False,False,Rain,,True,Road 1: 40 HAWKSWOOD DR; Vehicle #1     Make:      Model:      Colour:      Style: ; Vehicle #2     Make: NISS     Model: MSV     Colour: BLK     Style: 4D,4/9/2021 5:47:51 PM,,
49202,19110161,1557769200000,2019,5,13,17,40,0,Monday,541548.94576,4811886.25095,-80.48641599999999,43.45874,At intersection,2,P.D. only,Within intersection,unknown,unknown,Angle,Unknown,Daylight,01 - Daylight,Regional municipality,Stop sign,Functioning,0,0,0,False,False,False,Rain,,False,Road 1: ST LEGER ST (50 km/h); Road 2: BREITHAUPT ST (50 km/h); Distance:  K; Vehicle #1     Make: TOYT     Model: XLL     Colour: RED     Style: 4D; Vehicle #2     Make: HOND     Model: UAX     Colour: WHI     Style: 4D,4/9/2021 5:48:01 PM,,
49203,19110198,1557772080000,2019,5,13,18,28,0,Monday,542785.96941,4804146.90685,-80.471732,43.388985,Intersection related,2,P.D. only,Within intersection,unknown,unknown,Angle,Unknown,Daylight,01 - Daylight,Municipal (excl. Twp. Rd.),unknown,Functioning,0,0,0,False,False,False,Rain,,False,Road 1: HURON RD (50 km/h); Road 2: PARKVALE DR (50 km/h); Distance: 5.0 M E; Vehicle #1     Make: NISS     Model: SL2     Colour: RED     Style: 4D; Vehicle #2     Make: HOND     Model: ULX     Colour: BLK     Style: 4D,4/9/2021 5:48:15 PM,,
49204,19110267,1557754200000,2019,5,13,13,30,0,Monday,544684.6703,4806292.55604,-80.448115,43.408193,Non intersection,2,P.D. only,Thru lane,unknown,unknown,Rear end,Unknown,Daylight,01 - Daylight,Regional municipality,No control,unknown,0,0,0,False,False,False,Clear,,True,Road 1: WABANAKI DR; Road 2: MANITOU DR KITCHENER; Vehicle #1     Make: HYUN     Model: ESS     Colour: WHI     Style: 4D; Vehicle #2     Make: MAZD     Model: MAZD     Colour:      Style: 4DR,4/9/2021 5:48:06 PM,,